season,game_id,game_date,home_team_abbr,away_team_abbr,n_published_updates,n_regulation_updates,has_regulation_clock,fixed_clock_included
2018,401030710,2018-09-07,PHI,ATL,183,179,TRUE,TRUE
2018,401030717,2018-09-09,IND,CIN,176,173,TRUE,TRUE
2018,401030716,2018-09-09,MIA,TEN,174,173,TRUE,TRUE
2018,401030715,2018-09-09,MIN,SF,182,176,TRUE,TRUE
2018,401030714,2018-09-09,NE,HOU,195,194,TRUE,TRUE
2018,401030713,2018-09-09,NO,TB,169,161,TRUE,TRUE
2018,401030712,2018-09-09,NYG,JAX,179,172,TRUE,TRUE
2018,401030711,2018-09-09,BAL,BUF,194,189,TRUE,TRUE
2018,401030720,2018-09-09,LAC,KC,177,173,TRUE,TRUE
2018,401030721,2018-09-09,DEN,SEA,176,172,TRUE,TRUE
2018,401030725,2018-09-09,ARI,WSH,173,171,TRUE,TRUE
2018,401030723,2018-09-09,CAR,DAL,174,172,TRUE,TRUE
2018,401030726,2018-09-10,GB,CHI,175,169,TRUE,TRUE
2018,401030728,2018-09-10,DET,NYJ,170,167,TRUE,TRUE
2018,401030751,2018-09-11,OAK,LAR,180,179,TRUE,TRUE
2018,401030690,2018-09-14,CIN,BAL,207,202,TRUE,TRUE
2018,401030691,2018-09-16,ATL,CAR,168,167,TRUE,TRUE
2018,401030704,2018-09-16,BUF,LAC,159,158,TRUE,TRUE
2018,401030694,2018-09-16,TEN,HOU,169,165,TRUE,TRUE
2018,401030708,2018-09-16,NO,CLE,165,159,TRUE,TRUE
2018,401030700,2018-09-16,NYJ,MIA,164,161,TRUE,TRUE
2018,401030698,2018-09-16,PIT,KC,186,183,TRUE,TRUE
2018,401030696,2018-09-16,TB,PHI,179,176,TRUE,TRUE
2018,401030693,2018-09-16,WSH,IND,175,170,TRUE,TRUE
2018,401030732,2018-09-16,LAR,ARI,149,147,TRUE,TRUE
2018,401030730,2018-09-16,SF,DET,187,185,TRUE,TRUE
2018,401030736,2018-09-16,DEN,OAK,171,168,TRUE,TRUE
2018,401030733,2018-09-16,JAX,NE,170,167,TRUE,TRUE
2018,401030738,2018-09-17,DAL,NYG,160,154,TRUE,TRUE
2018,401030739,2018-09-18,CHI,SEA,171,169,TRUE,TRUE
2018,401030775,2018-09-21,CLE,NYJ,183,179,TRUE,TRUE
2018,401030777,2018-09-23,ATL,NO,194,173,TRUE,TRUE
2018,401030795,2018-09-23,KC,SF,182,178,TRUE,TRUE
2018,401030787,2018-09-23,MIA,OAK,163,161,TRUE,TRUE
2018,401030784,2018-09-23,MIN,BUF,171,169,TRUE,TRUE
2018,401030782,2018-09-23,PHI,IND,188,182,TRUE,TRUE
2018,401030781,2018-09-23,WSH,GB,169,168,TRUE,TRUE
2018,401030790,2018-09-23,CAR,CIN,165,162,TRUE,TRUE
2018,401030794,2018-09-23,JAX,TEN,167,164,TRUE,TRUE
2018,401030788,2018-09-23,BAL,DEN,183,178,TRUE,TRUE
2018,401030791,2018-09-23,HOU,NYG,171,164,TRUE,TRUE
2018,401030798,2018-09-23,LAR,LAC,163,160,TRUE,TRUE
2018,401030801,2018-09-23,ARI,CHI,178,174,TRUE,TRUE
2018,401030799,2018-09-23,SEA,DAL,177,173,TRUE,TRUE
2018,401030802,2018-09-24,DET,NE,158,151,TRUE,TRUE
2018,401030805,2018-09-25,TB,PIT,184,179,TRUE,TRUE
2018,401030839,2018-09-28,LAR,MIN,172,168,TRUE,TRUE
2018,401030847,2018-09-30,ATL,CIN,185,182,TRUE,TRUE
2018,401030846,2018-09-30,CHI,TB,171,166,TRUE,TRUE
2018,401030845,2018-09-30,DAL,DET,160,152,TRUE,TRUE
2018,401030844,2018-09-30,GB,BUF,173,169,TRUE,TRUE
2018,401030842,2018-09-30,TEN,PHI,198,157,TRUE,TRUE
2018,401030843,2018-09-30,IND,HOU,231,185,TRUE,TRUE
2018,401030841,2018-09-30,NE,MIA,161,160,TRUE,TRUE
2018,401030840,2018-09-30,JAX,NYJ,176,168,TRUE,TRUE
2018,401030930,2018-09-30,OAK,CLE,227,189,TRUE,TRUE
2018,401030848,2018-09-30,ARI,SEA,179,174,TRUE,TRUE
2018,401030931,2018-09-30,NYG,NO,170,163,TRUE,TRUE
2018,401030932,2018-09-30,LAC,SF,167,161,TRUE,TRUE
2018,401030933,2018-10-01,PIT,BAL,182,179,TRUE,TRUE
2018,401030934,2018-10-02,DEN,KC,180,175,TRUE,TRUE
2018,401030697,2018-10-05,NE,IND,192,191,TRUE,TRUE
2018,401030702,2018-10-07,BUF,TEN,157,152,TRUE,TRUE
2018,401030785,2018-10-07,CIN,MIA,164,159,TRUE,TRUE
2018,401030770,2018-10-07,CLE,BAL,220,178,TRUE,TRUE
2018,401030745,2018-10-07,DET,GB,185,181,TRUE,TRUE
2018,401030741,2018-10-07,KC,JAX,192,187,TRUE,TRUE
2018,401030734,2018-10-07,NYJ,DEN,177,172,TRUE,TRUE
2018,401030709,2018-10-07,PIT,ATL,167,165,TRUE,TRUE
2018,401030778,2018-10-07,CAR,NYG,177,167,TRUE,TRUE
2018,401030793,2018-10-07,LAC,OAK,158,155,TRUE,TRUE
2018,401030803,2018-10-07,PHI,MIN,163,157,TRUE,TRUE
2018,401030797,2018-10-07,SF,ARI,189,188,TRUE,TRUE
2018,401030808,2018-10-07,SEA,LAR,170,163,TRUE,TRUE
2018,401030831,2018-10-08,HOU,DAL,189,159,TRUE,TRUE
2018,401030834,2018-10-09,NO,WSH,159,153,TRUE,TRUE
2018,401030692,2018-10-12,NYG,PHI,180,176,TRUE,TRUE
2018,401030695,2018-10-14,ATL,TB,173,170,TRUE,TRUE
2018,401030743,2018-10-14,CIN,PIT,167,164,TRUE,TRUE
2018,401030746,2018-10-14,CLE,LAC,172,168,TRUE,TRUE
2018,401030706,2018-10-14,OAK,SEA,155,151,TRUE,TRUE
2018,401030771,2018-10-14,MIA,CHI,189,158,TRUE,TRUE
2018,401030742,2018-10-14,MIN,ARI,172,167,TRUE,TRUE
2018,401030737,2018-10-14,NYJ,IND,190,178,TRUE,TRUE
2018,401030701,2018-10-14,WSH,CAR,167,164,TRUE,TRUE
2018,401030748,2018-10-14,HOU,BUF,166,160,TRUE,TRUE
2018,401030773,2018-10-14,DEN,LAR,183,182,TRUE,TRUE
2018,401030776,2018-10-14,DAL,JAX,161,153,TRUE,TRUE
2018,401030774,2018-10-14,TEN,BAL,156,155,TRUE,TRUE
2018,401030779,2018-10-15,NE,KC,176,175,TRUE,TRUE
2018,401030783,2018-10-16,GB,SF,172,163,TRUE,TRUE
2018,401030800,2018-10-19,ARI,DEN,174,169,TRUE,TRUE
2018,401030792,2018-10-21,LAC,TEN,147,142,TRUE,TRUE
2018,401030832,2018-10-21,CHI,NE,195,194,TRUE,TRUE
2018,401030833,2018-10-21,IND,BUF,156,153,TRUE,TRUE
2018,401030830,2018-10-21,MIA,DET,155,149,TRUE,TRUE
2018,401030809,2018-10-21,NYJ,MIN,186,180,TRUE,TRUE
2018,401030807,2018-10-21,PHI,CAR,158,155,TRUE,TRUE
2018,401030806,2018-10-21,TB,CLE,211,179,TRUE,TRUE
2018,401030835,2018-10-21,JAX,HOU,171,168,TRUE,TRUE
2018,401030836,2018-10-21,BAL,NO,171,168,TRUE,TRUE
2018,401030838,2018-10-21,SF,LAR,159,156,TRUE,TRUE
2018,401030837,2018-10-21,WSH,DAL,171,168,TRUE,TRUE
2018,401030804,2018-10-22,KC,CIN,165,160,TRUE,TRUE
2018,401030796,2018-10-23,ATL,NYG,172,171,TRUE,TRUE
2018,401030703,2018-10-26,HOU,MIA,171,165,TRUE,TRUE
2018,401030699,2018-10-28,JAX,PHI,160,154,TRUE,TRUE
2018,401030747,2018-10-28,CHI,NYJ,174,173,TRUE,TRUE
2018,401030744,2018-10-28,CIN,TB,198,193,TRUE,TRUE
2018,401030740,2018-10-28,DET,SEA,155,154,TRUE,TRUE
2018,401030707,2018-10-28,KC,DEN,172,168,TRUE,TRUE
2018,401030735,2018-10-28,NYG,WSH,185,180,TRUE,TRUE
2018,401030731,2018-10-28,PIT,CLE,174,172,TRUE,TRUE
2018,401030849,2018-10-28,CAR,BAL,171,164,TRUE,TRUE
2018,401030749,2018-10-28,OAK,IND,160,155,TRUE,TRUE
2018,401030780,2018-10-28,LAR,GB,177,172,TRUE,TRUE
2018,401030772,2018-10-28,ARI,SF,189,184,TRUE,TRUE
2018,401030786,2018-10-29,MIN,NO,157,153,TRUE,TRUE
2018,401030789,2018-10-30,BUF,NE,186,179,TRUE,TRUE
2018,401030767,2018-11-02,SF,OAK,151,150,TRUE,TRUE
2018,401030769,2018-11-04,BUF,CHI,184,177,TRUE,TRUE
2018,401030814,2018-11-04,CLE,KC,170,168,TRUE,TRUE
2018,401030816,2018-11-04,MIA,NYJ,167,164,TRUE,TRUE
2018,401030822,2018-11-04,MIN,DET,160,156,TRUE,TRUE
2018,401030826,2018-11-04,WSH,ATL,171,170,TRUE,TRUE
2018,401030811,2018-11-04,CAR,TB,173,171,TRUE,TRUE
2018,401030819,2018-11-04,BAL,PIT,180,175,TRUE,TRUE
2018,401030829,2018-11-04,DEN,HOU,175,173,TRUE,TRUE
2018,401030852,2018-11-04,SEA,LAC,175,170,TRUE,TRUE
2018,401030855,2018-11-04,NO,LAR,167,161,TRUE,TRUE
2018,401030858,2018-11-05,NE,GB,180,179,TRUE,TRUE
2018,401030862,2018-11-06,DAL,TEN,161,159,TRUE,TRUE
2018,401030729,2018-11-09,PIT,CAR,150,148,TRUE,TRUE
2018,401030810,2018-11-11,CHI,DET,173,172,TRUE,TRUE
2018,401030752,2018-11-11,CIN,NO,153,146,TRUE,TRUE
2018,401030754,2018-11-11,CLE,ATL,161,158,TRUE,TRUE
2018,401030821,2018-11-11,TEN,NE,171,167,TRUE,TRUE
2018,401030766,2018-11-11,IND,JAX,168,166,TRUE,TRUE
2018,401030815,2018-11-11,KC,ARI,168,167,TRUE,TRUE
2018,401030853,2018-11-11,NYJ,BUF,168,163,TRUE,TRUE
2018,401030828,2018-11-11,TB,WSH,169,164,TRUE,TRUE
2018,401030859,2018-11-11,OAK,LAC,158,156,TRUE,TRUE
2018,401030756,2018-11-11,GB,MIA,164,159,TRUE,TRUE
2018,401030865,2018-11-11,LAR,SEA,178,172,TRUE,TRUE
2018,401030869,2018-11-12,PHI,DAL,170,166,TRUE,TRUE
2018,401030873,2018-11-13,SF,NYG,177,175,TRUE,TRUE
2018,401030878,2018-11-16,SEA,GB,164,159,TRUE,TRUE
2018,401030929,2018-11-18,ATL,DAL,159,158,TRUE,TRUE
2018,401030910,2018-11-18,DET,CAR,156,154,TRUE,TRUE
2018,401030922,2018-11-18,IND,TEN,156,154,TRUE,TRUE
2018,401030952,2018-11-18,NYG,TB,162,159,TRUE,TRUE
2018,401030966,2018-11-18,WSH,HOU,179,176,TRUE,TRUE
2018,401030971,2018-11-18,JAX,PIT,178,174,TRUE,TRUE
2018,401030894,2018-11-18,BAL,CIN,175,170,TRUE,TRUE
2018,401030970,2018-11-18,ARI,OAK,180,175,TRUE,TRUE
2018,401030969,2018-11-18,LAC,DEN,174,168,TRUE,TRUE
2018,401030963,2018-11-18,NO,PHI,159,151,TRUE,TRUE
2018,401030903,2018-11-19,CHI,MIN,185,184,TRUE,TRUE
2018,401030972,2018-11-20,LAR,KC,203,196,TRUE,TRUE
2018,401030905,2018-11-22,DET,CHI,161,158,TRUE,TRUE
2018,401030925,2018-11-22,DAL,WSH,177,174,TRUE,TRUE
2018,401030923,2018-11-23,NO,ATL,159,153,TRUE,TRUE
2018,401030919,2018-11-25,BUF,JAX,175,173,TRUE,TRUE
2018,401030921,2018-11-25,CIN,CLE,174,173,TRUE,TRUE
2018,401030904,2018-11-25,NYJ,NE,175,170,TRUE,TRUE
2018,401030914,2018-11-25,PHI,NYG,169,162,TRUE,TRUE
2018,401030902,2018-11-25,TB,SF,179,175,TRUE,TRUE
2018,401030920,2018-11-25,CAR,SEA,161,154,TRUE,TRUE
2018,401030916,2018-11-25,BAL,OAK,169,163,TRUE,TRUE
2018,401030912,2018-11-25,LAC,ARI,150,147,TRUE,TRUE
2018,401030911,2018-11-25,DEN,PIT,172,170,TRUE,TRUE
2018,401030906,2018-11-25,IND,MIA,164,162,TRUE,TRUE
2018,401030908,2018-11-26,MIN,GB,165,161,TRUE,TRUE
2018,401030762,2018-11-27,HOU,TEN,161,158,TRUE,TRUE
2018,401030899,2018-11-30,DAL,NO,156,152,TRUE,TRUE
2018,401030928,2018-12-02,ATL,BAL,175,174,TRUE,TRUE
2018,401030955,2018-12-02,CIN,DEN,173,170,TRUE,TRUE
2018,401030957,2018-12-02,DET,LAR,186,181,TRUE,TRUE
2018,401030965,2018-12-02,GB,ARI,184,180,TRUE,TRUE
2018,401030954,2018-12-02,MIA,BUF,167,166,TRUE,TRUE
2018,401030953,2018-12-02,NYG,CHI,206,178,TRUE,TRUE
2018,401030968,2018-12-02,TB,CAR,169,165,TRUE,TRUE
2018,401030962,2018-12-02,JAX,IND,170,167,TRUE,TRUE
2018,401030964,2018-12-02,HOU,CLE,168,159,TRUE,TRUE
2018,401030960,2018-12-02,TEN,NYJ,183,175,TRUE,TRUE
2018,401030935,2018-12-02,OAK,KC,186,185,TRUE,TRUE
2018,401030959,2018-12-02,NE,MIN,172,171,TRUE,TRUE
2018,401030958,2018-12-02,SEA,SF,178,175,TRUE,TRUE
2018,401030951,2018-12-03,PIT,LAC,164,162,TRUE,TRUE
2018,401030871,2018-12-04,PHI,WSH,161,156,TRUE,TRUE
2018,401030724,2018-12-07,TEN,JAX,161,158,TRUE,TRUE
2018,401030750,2018-12-09,BUF,NYJ,170,165,TRUE,TRUE
2018,401030823,2018-12-09,CLE,CAR,163,157,TRUE,TRUE
2018,401030825,2018-12-09,GB,ATL,178,174,TRUE,TRUE
2018,401030764,2018-12-09,KC,BAL,205,175,TRUE,TRUE
2018,401030761,2018-12-09,MIA,NE,173,171,TRUE,TRUE
2018,401030758,2018-12-09,TB,NO,176,171,TRUE,TRUE
2018,401030753,2018-12-09,WSH,NYG,170,165,TRUE,TRUE
2018,401030813,2018-12-09,HOU,IND,181,179,TRUE,TRUE
2018,401030851,2018-12-09,LAC,CIN,168,162,TRUE,TRUE
2018,401030827,2018-12-09,SF,DEN,190,188,TRUE,TRUE
2018,401030854,2018-12-09,DAL,PHI,195,171,TRUE,TRUE
2018,401030863,2018-12-09,OAK,PIT,163,161,TRUE,TRUE
2018,401030860,2018-12-09,ARI,DET,175,170,TRUE,TRUE
2018,401030817,2018-12-10,CHI,LAR,191,189,TRUE,TRUE
2018,401030867,2018-12-11,SEA,MIN,157,154,TRUE,TRUE
2018,401030874,2018-12-14,KC,LAC,169,166,TRUE,TRUE
2018,401030891,2018-12-15,NYJ,HOU,176,168,TRUE,TRUE
2018,401030876,2018-12-16,DEN,CLE,173,171,TRUE,TRUE
2018,401030900,2018-12-16,ATL,ARI,177,176,TRUE,TRUE
2018,401030896,2018-12-16,BUF,DET,157,156,TRUE,TRUE
2018,401030893,2018-12-16,CHI,GB,185,183,TRUE,TRUE
2018,401030909,2018-12-16,CIN,OAK,187,180,TRUE,TRUE
2018,401030927,2018-12-16,IND,DAL,169,165,TRUE,TRUE
2018,401030918,2018-12-16,MIN,MIA,161,157,TRUE,TRUE
2018,401030915,2018-12-16,NYG,TEN,175,173,TRUE,TRUE
2018,401030924,2018-12-16,JAX,WSH,160,155,TRUE,TRUE
2018,401030898,2018-12-16,BAL,TB,163,158,TRUE,TRUE
2018,401030950,2018-12-16,SF,SEA,184,167,TRUE,TRUE
2018,401030956,2018-12-16,PIT,NE,160,158,TRUE,TRUE
2018,401030961,2018-12-17,LAR,PHI,184,178,TRUE,TRUE
2018,401030967,2018-12-18,CAR,NO,169,165,TRUE,TRUE
2018,401030868,2018-12-22,TEN,WSH,159,152,TRUE,TRUE
2018,401030897,2018-12-23,LAC,BAL,163,160,TRUE,TRUE
2018,401030872,2018-12-23,CLE,CIN,150,146,TRUE,TRUE
2018,401030875,2018-12-23,DAL,TB,174,167,TRUE,TRUE
2018,401030877,2018-12-23,DET,MIN,182,177,TRUE,TRUE
2018,401030861,2018-12-23,IND,NYG,170,168,TRUE,TRUE
2018,401030866,2018-12-23,MIA,JAX,152,150,TRUE,TRUE
2018,401030892,2018-12-23,NE,BUF,174,172,TRUE,TRUE
2018,401030870,2018-12-23,NYJ,GB,200,180,TRUE,TRUE
2018,401030864,2018-12-23,PHI,HOU,189,181,TRUE,TRUE
2018,401030895,2018-12-23,CAR,ATL,174,170,TRUE,TRUE
2018,401030907,2018-12-23,ARI,LAR,164,160,TRUE,TRUE
2018,401030901,2018-12-23,SF,CHI,154,150,TRUE,TRUE
2018,401030913,2018-12-23,NO,PIT,179,173,TRUE,TRUE
2018,401030917,2018-12-24,SEA,KC,186,180,TRUE,TRUE
2018,401030926,2018-12-25,OAK,DEN,171,170,TRUE,TRUE
2018,401030722,2018-12-30,BUF,MIA,158,154,TRUE,TRUE
2018,401030757,2018-12-30,GB,DET,163,159,TRUE,TRUE
2018,401030765,2018-12-30,NE,NYJ,157,156,TRUE,TRUE
2018,401030768,2018-12-30,NO,CAR,159,154,TRUE,TRUE
2018,401030812,2018-12-30,NYG,DAL,186,183,TRUE,TRUE
2018,401030820,2018-12-30,TB,ATL,180,175,TRUE,TRUE
2018,401030759,2018-12-30,HOU,JAX,167,163,TRUE,TRUE
2018,401030824,2018-12-30,DEN,LAC,174,171,TRUE,TRUE
2018,401030760,2018-12-30,KC,OAK,148,145,TRUE,TRUE
2018,401030850,2018-12-30,LAR,SF,172,168,TRUE,TRUE
2018,401030763,2018-12-30,MIN,CHI,160,158,TRUE,TRUE
2018,401030818,2018-12-30,PIT,CIN,159,157,TRUE,TRUE
2018,401030856,2018-12-30,SEA,ARI,172,166,TRUE,TRUE
2018,401030727,2018-12-30,WSH,PHI,147,145,TRUE,TRUE
2018,401030719,2018-12-30,BAL,CLE,179,172,TRUE,TRUE
2018,401030755,2018-12-31,TEN,IND,168,163,TRUE,TRUE
2019,401127913,2019-09-06,CHI,GB,189,188,TRUE,TRUE
2019,401127928,2019-09-08,CLE,TEN,171,167,TRUE,TRUE
2019,401127954,2019-09-08,MIA,BAL,163,160,TRUE,TRUE
2019,401127961,2019-09-08,MIN,ATL,164,163,TRUE,TRUE
2019,401127963,2019-09-08,NYJ,BUF,180,170,TRUE,TRUE
2019,401127968,2019-09-08,PHI,WSH,179,172,TRUE,TRUE
2019,401127923,2019-09-08,CAR,LAR,187,178,TRUE,TRUE
2019,401127931,2019-09-08,JAX,KC,162,158,TRUE,TRUE
2019,401127972,2019-09-08,LAC,IND,161,146,TRUE,TRUE
2019,401127995,2019-09-08,SEA,CIN,171,167,TRUE,TRUE
2019,401128007,2019-09-08,DAL,NYG,171,168,TRUE,TRUE
2019,401128010,2019-09-08,TB,SF,169,164,TRUE,TRUE
2019,401127860,2019-09-09,NE,PIT,174,173,TRUE,TRUE
2019,401128021,2019-09-09,NO,HOU,172,169,TRUE,TRUE
2019,401128025,2019-09-10,OAK,DEN,157,154,TRUE,TRUE
2019,401128054,2019-09-13,CAR,TB,185,176,TRUE,TRUE
2019,401128066,2019-09-15,CIN,SF,177,171,TRUE,TRUE
2019,401128072,2019-09-15,DET,LAC,159,157,TRUE,TRUE
2019,401128098,2019-09-15,GB,MIN,177,172,TRUE,TRUE
2019,401128114,2019-09-15,TEN,IND,167,164,TRUE,TRUE
2019,401127862,2019-09-15,MIA,NE,168,165,TRUE,TRUE
2019,401128106,2019-09-15,NYG,BUF,182,180,TRUE,TRUE
2019,401128110,2019-09-15,PIT,SEA,174,172,TRUE,TRUE
2019,401128115,2019-09-15,WSH,DAL,162,161,TRUE,TRUE
2019,401128061,2019-09-15,BAL,ARI,179,173,TRUE,TRUE
2019,401128101,2019-09-15,HOU,JAX,165,160,TRUE,TRUE
2019,401128118,2019-09-15,OAK,KC,175,174,TRUE,TRUE
2019,401128120,2019-09-15,DEN,CHI,182,180,TRUE,TRUE
2019,401128122,2019-09-15,LAR,NO,173,170,TRUE,TRUE
2019,401128124,2019-09-16,ATL,PHI,181,180,TRUE,TRUE
2019,401128127,2019-09-17,NYJ,CLE,169,164,TRUE,TRUE
2019,401127859,2019-09-20,JAX,TEN,174,170,TRUE,TRUE
2019,401127915,2019-09-22,BUF,CIN,177,173,TRUE,TRUE
2019,401127921,2019-09-22,DAL,MIA,180,176,TRUE,TRUE
2019,401127925,2019-09-22,GB,DEN,165,161,TRUE,TRUE
2019,401127929,2019-09-22,IND,ATL,163,160,TRUE,TRUE
2019,401127953,2019-09-22,KC,BAL,184,178,TRUE,TRUE
2019,401127956,2019-09-22,MIN,OAK,153,149,TRUE,TRUE
2019,401127861,2019-09-22,NE,NYJ,168,166,TRUE,TRUE
2019,401127959,2019-09-22,PHI,DET,176,170,TRUE,TRUE
2019,401127962,2019-09-22,ARI,CAR,179,173,TRUE,TRUE
2019,401127966,2019-09-22,TB,NYG,184,177,TRUE,TRUE
2019,401127970,2019-09-22,LAC,HOU,172,167,TRUE,TRUE
2019,401127998,2019-09-22,SF,PIT,168,167,TRUE,TRUE
2019,401127993,2019-09-22,SEA,NO,177,173,TRUE,TRUE
2019,401128125,2019-09-23,CLE,LAR,173,169,TRUE,TRUE
2019,401128003,2019-09-24,WSH,CHI,173,171,TRUE,TRUE
2019,401127863,2019-09-27,GB,PHI,173,167,TRUE,TRUE
2019,401128016,2019-09-29,ATL,TEN,178,176,TRUE,TRUE
2019,401127866,2019-09-29,BUF,NE,186,183,TRUE,TRUE
2019,401128023,2019-09-29,DET,KC,187,181,TRUE,TRUE
2019,401128030,2019-09-29,IND,OAK,182,181,TRUE,TRUE
2019,401128055,2019-09-29,MIA,LAC,149,134,TRUE,TRUE
2019,401128059,2019-09-29,NYG,WSH,159,156,TRUE,TRUE
2019,401128018,2019-09-29,BAL,CLE,169,158,TRUE,TRUE
2019,401128026,2019-09-29,HOU,CAR,175,171,TRUE,TRUE
2019,401128069,2019-09-29,LAR,TB,213,205,TRUE,TRUE
2019,401128064,2019-09-29,ARI,SEA,172,167,TRUE,TRUE
2019,401128093,2019-09-29,CHI,MIN,174,172,TRUE,TRUE
2019,401128097,2019-09-29,DEN,JAX,185,183,TRUE,TRUE
2019,401128102,2019-09-30,NO,DAL,164,159,TRUE,TRUE
2019,401128109,2019-10-01,PIT,CIN,160,157,TRUE,TRUE
2019,401127927,2019-10-04,SEA,LAR,183,177,TRUE,TRUE
2019,401127958,2019-10-06,CIN,ARI,184,175,TRUE,TRUE
2019,401128014,2019-10-06,TEN,BUF,161,160,TRUE,TRUE
2019,401128001,2019-10-06,OAK,CHI,168,164,TRUE,TRUE
2019,401127965,2019-10-06,NO,TB,165,162,TRUE,TRUE
2019,401127971,2019-10-06,NYG,MIN,176,169,TRUE,TRUE
2019,401128006,2019-10-06,PHI,NYJ,159,155,TRUE,TRUE
2019,401128011,2019-10-06,PIT,BAL,178,162,TRUE,TRUE
2019,401127864,2019-10-06,WSH,NE,176,175,TRUE,TRUE
2019,401127932,2019-10-06,CAR,JAX,189,184,TRUE,TRUE
2019,401127960,2019-10-06,HOU,ATL,185,176,TRUE,TRUE
2019,401128019,2019-10-06,LAC,DEN,171,166,TRUE,TRUE
2019,401128029,2019-10-06,DAL,GB,189,185,TRUE,TRUE
2019,401128053,2019-10-07,KC,IND,181,174,TRUE,TRUE
2019,401128062,2019-10-08,SF,CLE,161,160,TRUE,TRUE
2019,401127917,2019-10-11,NE,NYG,162,161,TRUE,TRUE
2019,401128096,2019-10-13,TB,CAR,193,185,TRUE,TRUE
2019,401128111,2019-10-13,CLE,SEA,183,180,TRUE,TRUE
2019,401128119,2019-10-13,KC,HOU,176,173,TRUE,TRUE
2019,401128121,2019-10-13,MIA,WSH,173,172,TRUE,TRUE
2019,401128123,2019-10-13,MIN,PHI,173,170,TRUE,TRUE
2019,401128116,2019-10-13,JAX,NO,162,159,TRUE,TRUE
2019,401128105,2019-10-13,BAL,CIN,178,172,TRUE,TRUE
2019,401128128,2019-10-13,LAR,SF,173,171,TRUE,TRUE
2019,401128126,2019-10-13,ARI,ATL,187,181,TRUE,TRUE
2019,401128129,2019-10-13,DEN,TEN,172,169,TRUE,TRUE
2019,401128130,2019-10-13,NYJ,DAL,180,174,TRUE,TRUE
2019,401128131,2019-10-14,LAC,PIT,153,149,TRUE,TRUE
2019,401128132,2019-10-15,GB,DET,178,169,TRUE,TRUE
2019,401127902,2019-10-18,DEN,KC,164,163,TRUE,TRUE
2019,401127940,2019-10-20,ATL,LAR,171,170,TRUE,TRUE
2019,401127942,2019-10-20,BUF,MIA,165,159,TRUE,TRUE
2019,401127945,2019-10-20,CIN,JAX,193,188,TRUE,TRUE
2019,401127947,2019-10-20,DET,MIN,183,178,TRUE,TRUE
2019,401127949,2019-10-20,GB,OAK,157,155,TRUE,TRUE
2019,401127951,2019-10-20,IND,HOU,177,173,TRUE,TRUE
2019,401127974,2019-10-20,NYG,ARI,173,170,TRUE,TRUE
2019,401127977,2019-10-20,WSH,SF,144,142,TRUE,TRUE
2019,401127979,2019-10-20,TEN,LAC,159,154,TRUE,TRUE
2019,401127982,2019-10-20,CHI,NO,194,192,TRUE,TRUE
2019,401127985,2019-10-20,SEA,BAL,169,160,TRUE,TRUE
2019,401127987,2019-10-21,DAL,PHI,165,159,TRUE,TRUE
2019,401127894,2019-10-22,NYJ,NE,175,172,TRUE,TRUE
2019,401127905,2019-10-25,MIN,WSH,148,141,TRUE,TRUE
2019,401128035,2019-10-27,ATL,SEA,178,177,TRUE,TRUE
2019,401128037,2019-10-27,BUF,PHI,171,169,TRUE,TRUE
2019,401128039,2019-10-27,CHI,LAC,178,176,TRUE,TRUE
2019,401128042,2019-10-27,DET,NYG,169,164,TRUE,TRUE
2019,401128048,2019-10-27,TEN,TB,186,181,TRUE,TRUE
2019,401128051,2019-10-27,IND,DEN,181,180,TRUE,TRUE
2019,401127912,2019-10-27,LAR,CIN,181,176,TRUE,TRUE
2019,401128046,2019-10-27,NO,ARI,161,158,TRUE,TRUE
2019,401128045,2019-10-27,JAX,NYJ,171,170,TRUE,TRUE
2019,401128050,2019-10-27,SF,CAR,169,168,TRUE,TRUE
2019,401127895,2019-10-27,NE,CLE,177,176,TRUE,TRUE
2019,401128043,2019-10-27,HOU,OAK,176,173,TRUE,TRUE
2019,401128073,2019-10-28,KC,GB,162,158,TRUE,TRUE
2019,401128074,2019-10-29,PIT,MIA,168,166,TRUE,TRUE
2019,401127908,2019-11-01,ARI,SF,174,173,TRUE,TRUE
2019,401127936,2019-11-03,JAX,HOU,167,162,TRUE,TRUE
2019,401128076,2019-11-03,BUF,WSH,146,142,TRUE,TRUE
2019,401128079,2019-11-03,KC,MIN,174,167,TRUE,TRUE
2019,401128080,2019-11-03,MIA,NYJ,179,173,TRUE,TRUE
2019,401128082,2019-11-03,PHI,CHI,175,172,TRUE,TRUE
2019,401128083,2019-11-03,PIT,IND,166,162,TRUE,TRUE
2019,401128078,2019-11-03,CAR,TEN,183,180,TRUE,TRUE
2019,401128085,2019-11-03,OAK,DET,177,176,TRUE,TRUE
2019,401128087,2019-11-03,SEA,TB,199,180,TRUE,TRUE
2019,401128088,2019-11-03,DEN,CLE,162,160,TRUE,TRUE
2019,401128090,2019-11-03,LAC,GB,162,156,TRUE,TRUE
2019,401127899,2019-11-04,BAL,NE,172,166,TRUE,TRUE
2019,401128091,2019-11-05,NYG,DAL,179,172,TRUE,TRUE
2019,401127907,2019-11-08,OAK,LAC,169,163,TRUE,TRUE
2019,401127911,2019-11-10,CHI,DET,194,193,TRUE,TRUE
2019,401127934,2019-11-10,CIN,BAL,151,145,TRUE,TRUE
2019,401127939,2019-11-10,CLE,BUF,182,177,TRUE,TRUE
2019,401127981,2019-11-10,TEN,KC,170,164,TRUE,TRUE
2019,401127948,2019-11-10,NO,ATL,187,179,TRUE,TRUE
2019,401127952,2019-11-10,NYJ,NYG,174,172,TRUE,TRUE
2019,401127976,2019-11-10,TB,ARI,194,188,TRUE,TRUE
2019,401127986,2019-11-10,IND,MIA,174,173,TRUE,TRUE
2019,401127944,2019-11-10,GB,CAR,176,173,TRUE,TRUE
2019,401127989,2019-11-10,PIT,LAR,199,196,TRUE,TRUE
2019,401128041,2019-11-11,DAL,MIN,179,172,TRUE,TRUE
2019,401127992,2019-11-12,SF,SEA,211,167,TRUE,TRUE
2019,401128044,2019-11-15,CLE,PIT,188,185,TRUE,TRUE
2019,401128052,2019-11-17,DET,DAL,176,174,TRUE,TRUE
2019,401128075,2019-11-17,IND,JAX,163,161,TRUE,TRUE
2019,401128077,2019-11-17,MIA,BUF,181,179,TRUE,TRUE
2019,401128081,2019-11-17,MIN,DEN,183,179,TRUE,TRUE
2019,401128084,2019-11-17,TB,NO,172,168,TRUE,TRUE
2019,401128086,2019-11-17,WSH,NYJ,174,172,TRUE,TRUE
2019,401128049,2019-11-17,CAR,ATL,175,167,TRUE,TRUE
2019,401128047,2019-11-17,BAL,HOU,162,156,TRUE,TRUE
2019,401128089,2019-11-17,SF,ARI,185,184,TRUE,TRUE
2019,401128092,2019-11-17,OAK,CIN,170,166,TRUE,TRUE
2019,401127897,2019-11-17,PHI,NE,191,185,TRUE,TRUE
2019,401128133,2019-11-18,LAR,CHI,164,162,TRUE,TRUE
2019,401128134,2019-11-19,LAC,KC,185,184,TRUE,TRUE
2019,401127865,2019-11-22,HOU,IND,160,156,TRUE,TRUE
2019,401127870,2019-11-24,ATL,TB,195,194,TRUE,TRUE
2019,401127872,2019-11-24,BUF,DEN,167,164,TRUE,TRUE
2019,401127914,2019-11-24,CHI,NYG,182,180,TRUE,TRUE
2019,401127918,2019-11-24,CIN,PIT,175,169,TRUE,TRUE
2019,401127919,2019-11-24,CLE,MIA,178,171,TRUE,TRUE
2019,401127922,2019-11-24,NO,CAR,179,173,TRUE,TRUE
2019,401127924,2019-11-24,NYJ,OAK,157,151,TRUE,TRUE
2019,401128008,2019-11-24,PHI,SEA,176,173,TRUE,TRUE
2019,401127996,2019-11-24,WSH,DET,179,176,TRUE,TRUE
2019,401128000,2019-11-24,TEN,JAX,170,166,TRUE,TRUE
2019,401127957,2019-11-24,NE,DAL,179,177,TRUE,TRUE
2019,401128004,2019-11-25,SF,GB,163,162,TRUE,TRUE
2019,401128012,2019-11-26,LAR,BAL,166,163,TRUE,TRUE
2019,401128015,2019-11-28,DET,CHI,177,176,TRUE,TRUE
2019,401128017,2019-11-28,DAL,BUF,177,173,TRUE,TRUE
2019,401128022,2019-11-29,ATL,NO,184,183,TRUE,TRUE
2019,401128057,2019-12-01,CIN,NYJ,182,176,TRUE,TRUE
2019,401128058,2019-12-01,IND,TEN,168,167,TRUE,TRUE
2019,401128070,2019-12-01,MIA,PHI,181,180,TRUE,TRUE
2019,401128095,2019-12-01,NYG,GB,165,160,TRUE,TRUE
2019,401128107,2019-12-01,PIT,CLE,168,166,TRUE,TRUE
2019,401128032,2019-12-01,CAR,WSH,179,174,TRUE,TRUE
2019,401128063,2019-12-01,JAX,TB,186,183,TRUE,TRUE
2019,401128027,2019-12-01,BAL,SF,152,148,TRUE,TRUE
2019,401128100,2019-12-01,ARI,LAR,190,186,TRUE,TRUE
2019,401128104,2019-12-01,DEN,LAC,165,163,TRUE,TRUE
2019,401128067,2019-12-01,KC,OAK,154,150,TRUE,TRUE
2019,401127967,2019-12-02,HOU,NE,177,173,TRUE,TRUE
2019,401128112,2019-12-03,SEA,MIN,172,167,TRUE,TRUE
2019,401127871,2019-12-06,CHI,DAL,198,197,TRUE,TRUE
2019,401127869,2019-12-08,ATL,CAR,183,182,TRUE,TRUE
2019,401127868,2019-12-08,BUF,BAL,177,175,TRUE,TRUE
2019,401127867,2019-12-08,CLE,CIN,170,164,TRUE,TRUE
2019,401127916,2019-12-08,GB,WSH,162,157,TRUE,TRUE
2019,401127926,2019-12-08,MIN,DET,181,178,TRUE,TRUE
2019,401127964,2019-12-08,NO,SF,182,174,TRUE,TRUE
2019,401127969,2019-12-08,NYJ,MIA,185,175,TRUE,TRUE
2019,401127994,2019-12-08,TB,IND,178,173,TRUE,TRUE
2019,401127920,2019-12-08,HOU,DEN,171,166,TRUE,TRUE
2019,401127997,2019-12-08,JAX,LAC,160,158,TRUE,TRUE
2019,401128005,2019-12-08,OAK,TEN,158,156,TRUE,TRUE
2019,401127930,2019-12-08,NE,KC,179,178,TRUE,TRUE
2019,401128002,2019-12-08,ARI,PIT,163,159,TRUE,TRUE
2019,401128009,2019-12-09,LAR,SEA,176,173,TRUE,TRUE
2019,401128013,2019-12-10,PHI,NYG,188,175,TRUE,TRUE
2019,401128020,2019-12-13,BAL,NYJ,157,153,TRUE,TRUE
2019,401127955,2019-12-15,CIN,NE,175,167,TRUE,TRUE
2019,401128028,2019-12-15,DET,TB,178,175,TRUE,TRUE
2019,401128031,2019-12-15,GB,CHI,179,175,TRUE,TRUE
2019,401128068,2019-12-15,TEN,HOU,165,162,TRUE,TRUE
2019,401128056,2019-12-15,KC,DEN,157,151,TRUE,TRUE
2019,401128060,2019-12-15,NYG,MIA,180,176,TRUE,TRUE
2019,401128071,2019-12-15,WSH,PHI,169,166,TRUE,TRUE
2019,401128024,2019-12-15,CAR,SEA,175,173,TRUE,TRUE
2019,401128099,2019-12-15,OAK,JAX,176,173,TRUE,TRUE
2019,401128094,2019-12-15,ARI,CLE,172,167,TRUE,TRUE
2019,401128113,2019-12-15,LAC,MIN,165,157,TRUE,TRUE
2019,401128103,2019-12-15,DAL,LAR,179,175,TRUE,TRUE
2019,401128108,2019-12-15,SF,ATL,175,164,TRUE,TRUE
2019,401128065,2019-12-16,PIT,BUF,164,160,TRUE,TRUE
2019,401128117,2019-12-17,NO,IND,159,156,TRUE,TRUE
2019,401127901,2019-12-21,TB,HOU,179,172,TRUE,TRUE
2019,401127898,2019-12-21,NE,BUF,166,164,TRUE,TRUE
2019,401127900,2019-12-22,SF,LAR,175,174,TRUE,TRUE
2019,401127903,2019-12-22,ATL,JAX,176,175,TRUE,TRUE
2019,401127904,2019-12-22,CLE,BAL,166,163,TRUE,TRUE
2019,401127935,2019-12-22,TEN,NO,177,176,TRUE,TRUE
2019,401127906,2019-12-22,IND,CAR,166,165,TRUE,TRUE
2019,401127910,2019-12-22,MIA,CIN,238,203,TRUE,TRUE
2019,401127933,2019-12-22,NYJ,PIT,169,165,TRUE,TRUE
2019,401127937,2019-12-22,WSH,NYG,178,162,TRUE,TRUE
2019,401127893,2019-12-22,DEN,DET,158,157,TRUE,TRUE
2019,401127896,2019-12-22,LAC,OAK,161,158,TRUE,TRUE
2019,401127938,2019-12-22,PHI,DAL,176,171,TRUE,TRUE
2019,401127941,2019-12-22,SEA,ARI,175,169,TRUE,TRUE
2019,401127943,2019-12-23,CHI,KC,172,171,TRUE,TRUE
2019,401127946,2019-12-24,MIN,GB,172,168,TRUE,TRUE
2019,401127973,2019-12-29,BUF,NYJ,171,168,TRUE,TRUE
2019,401127978,2019-12-29,CIN,CLE,161,154,TRUE,TRUE
2019,401127983,2019-12-29,DET,GB,193,189,TRUE,TRUE
2019,401127990,2019-12-29,KC,LAC,160,158,TRUE,TRUE
2019,401127991,2019-12-29,MIN,CHI,164,157,TRUE,TRUE
2019,401127909,2019-12-29,NE,MIA,166,162,TRUE,TRUE
2019,401128034,2019-12-29,TB,ATL,182,173,TRUE,TRUE
2019,401127975,2019-12-29,CAR,NO,175,172,TRUE,TRUE
2019,401127980,2019-12-29,DAL,WSH,179,169,TRUE,TRUE
2019,401128036,2019-12-29,DEN,OAK,180,179,TRUE,TRUE
2019,401128038,2019-12-29,LAR,ARI,192,187,TRUE,TRUE
2019,401128033,2019-12-29,NYG,PHI,192,188,TRUE,TRUE
2019,401127988,2019-12-29,JAX,IND,159,152,TRUE,TRUE
2019,401127950,2019-12-29,BAL,PIT,164,157,TRUE,TRUE
2019,401127984,2019-12-29,HOU,TEN,164,163,TRUE,TRUE
2019,401128040,2019-12-30,SEA,SF,162,159,TRUE,TRUE
2020,401220225,2020-09-11,KC,HOU,163,159,TRUE,TRUE
2020,401220313,2020-09-13,ATL,SEA,180,178,TRUE,TRUE
2020,401220116,2020-09-13,BUF,NYJ,182,178,TRUE,TRUE
2020,401220282,2020-09-13,DET,CHI,188,183,TRUE,TRUE
2020,401220300,2020-09-13,MIN,GB,165,161,TRUE,TRUE
2020,401220131,2020-09-13,NE,MIA,153,152,TRUE,TRUE
2020,401220268,2020-09-13,WSH,PHI,186,183,TRUE,TRUE
2020,401220370,2020-09-13,CAR,LV,170,150,TRUE,TRUE
2020,401220195,2020-09-13,JAX,IND,153,146,TRUE,TRUE
2020,401220147,2020-09-13,BAL,CLE,165,160,TRUE,TRUE
2020,401220161,2020-09-13,CIN,LAC,191,185,TRUE,TRUE
2020,401220369,2020-09-13,NO,TB,184,176,TRUE,TRUE
2020,401220352,2020-09-13,SF,ARI,185,183,TRUE,TRUE
2020,401220347,2020-09-14,LAR,DAL,186,183,TRUE,TRUE
2020,401220256,2020-09-14,NYG,PIT,171,167,TRUE,TRUE
2020,401220217,2020-09-15,DEN,TEN,179,178,TRUE,TRUE
2020,401220163,2020-09-18,CLE,CIN,190,185,TRUE,TRUE
2020,401220281,2020-09-20,CHI,NYG,174,173,TRUE,TRUE
2020,401220249,2020-09-20,DAL,ATL,201,190,TRUE,TRUE
2020,401220291,2020-09-20,GB,DET,173,168,TRUE,TRUE
2020,401220204,2020-09-20,TEN,JAX,178,173,TRUE,TRUE
2020,401220192,2020-09-20,IND,MIN,162,159,TRUE,TRUE
2020,401220122,2020-09-20,MIA,BUF,174,172,TRUE,TRUE
2020,401220144,2020-09-20,NYJ,SF,160,154,TRUE,TRUE
2020,401220261,2020-09-20,PHI,LAR,176,171,TRUE,TRUE
2020,401220177,2020-09-20,PIT,DEN,183,181,TRUE,TRUE
2020,401220329,2020-09-20,TB,CAR,174,173,TRUE,TRUE
2020,401220340,2020-09-20,ARI,WSH,183,176,TRUE,TRUE
2020,401220235,2020-09-20,LAC,KC,204,174,TRUE,TRUE
2020,401220181,2020-09-20,HOU,BAL,166,156,TRUE,TRUE
2020,401220365,2020-09-21,SEA,NE,173,169,TRUE,TRUE
2020,401220231,2020-09-22,LV,NO,176,173,TRUE,TRUE
2020,401220201,2020-09-25,JAX,MIA,161,157,TRUE,TRUE
2020,401220309,2020-09-27,ATL,CHI,195,192,TRUE,TRUE
2020,401220119,2020-09-27,BUF,LAR,161,159,TRUE,TRUE
2020,401220168,2020-09-27,CLE,WSH,170,166,TRUE,TRUE
2020,401220304,2020-09-27,MIN,TEN,182,173,TRUE,TRUE
2020,401220134,2020-09-27,NE,LV,169,162,TRUE,TRUE
2020,401220254,2020-09-27,NYG,SF,165,161,TRUE,TRUE
2020,401220173,2020-09-27,PIT,HOU,164,163,TRUE,TRUE
2020,401220193,2020-09-27,IND,NYJ,156,153,TRUE,TRUE
2020,401220240,2020-09-27,LAC,CAR,170,161,TRUE,TRUE
2020,401220216,2020-09-27,DEN,TB,170,167,TRUE,TRUE
2020,401220343,2020-09-27,ARI,DET,180,175,TRUE,TRUE
2020,401220363,2020-09-27,SEA,DAL,199,190,TRUE,TRUE
2020,401220323,2020-09-28,NO,GB,161,153,TRUE,TRUE
2020,401220153,2020-09-29,BAL,KC,169,164,TRUE,TRUE
2020,401220141,2020-10-02,NYJ,DEN,194,186,TRUE,TRUE
2020,401220157,2020-10-04,CIN,JAX,182,172,TRUE,TRUE
2020,401220247,2020-10-04,DAL,CLE,197,196,TRUE,TRUE
2020,401220285,2020-10-04,DET,NO,162,159,TRUE,TRUE
2020,401220128,2020-10-04,MIA,SEA,172,164,TRUE,TRUE
2020,401220334,2020-10-04,TB,LAC,167,161,TRUE,TRUE
2020,401220271,2020-10-04,WSH,BAL,168,165,TRUE,TRUE
2020,401220320,2020-10-04,CAR,ARI,171,167,TRUE,TRUE
2020,401220184,2020-10-04,HOU,MIN,171,164,TRUE,TRUE
2020,401220348,2020-10-04,LAR,NYG,162,157,TRUE,TRUE
2020,401220280,2020-10-04,CHI,IND,192,191,TRUE,TRUE
2020,401220229,2020-10-04,LV,BUF,171,167,TRUE,TRUE
2020,401220355,2020-10-05,SF,PHI,171,170,TRUE,TRUE
2020,401220221,2020-10-05,KC,NE,167,162,TRUE,TRUE
2020,401220293,2020-10-06,GB,ATL,167,161,TRUE,TRUE
2020,401220278,2020-10-09,CHI,TB,191,190,TRUE,TRUE
2020,401220306,2020-10-11,ATL,CAR,175,174,TRUE,TRUE
2020,401220219,2020-10-11,KC,LV,184,183,TRUE,TRUE
2020,401220143,2020-10-11,NYJ,ARI,177,171,TRUE,TRUE
2020,401220175,2020-10-11,PIT,PHI,170,169,TRUE,TRUE
2020,401220269,2020-10-11,WSH,LAR,160,159,TRUE,TRUE
2020,401220146,2020-10-11,BAL,CIN,169,168,TRUE,TRUE
2020,401220179,2020-10-11,HOU,JAX,170,162,TRUE,TRUE
2020,401220358,2020-10-11,SF,MIA,172,171,TRUE,TRUE
2020,401220166,2020-10-11,CLE,IND,167,159,TRUE,TRUE
2020,401220242,2020-10-11,DAL,NYG,175,165,TRUE,TRUE
2020,401220367,2020-10-12,SEA,MIN,176,175,TRUE,TRUE
2020,401220326,2020-10-13,NO,LAC,195,174,TRUE,TRUE
2020,401220209,2020-10-13,TEN,BUF,176,174,TRUE,TRUE
2020,401220202,2020-10-18,TEN,HOU,184,173,TRUE,TRUE
2020,401220190,2020-10-18,IND,CIN,173,172,TRUE,TRUE
2020,401220301,2020-10-18,MIN,ATL,171,166,TRUE,TRUE
2020,401220133,2020-10-18,NE,DEN,158,154,TRUE,TRUE
2020,401220252,2020-10-18,NYG,WSH,154,149,TRUE,TRUE
2020,401220263,2020-10-18,PHI,BAL,188,183,TRUE,TRUE
2020,401220172,2020-10-18,PIT,CLE,157,155,TRUE,TRUE
2020,401220317,2020-10-18,CAR,CHI,180,173,TRUE,TRUE
2020,401220200,2020-10-18,JAX,DET,176,174,TRUE,TRUE
2020,401220124,2020-10-18,MIA,NYJ,168,166,TRUE,TRUE
2020,401220331,2020-10-18,TB,GB,163,160,TRUE,TRUE
2020,401220353,2020-10-19,SF,LAR,175,173,TRUE,TRUE
2020,401220117,2020-10-19,BUF,KC,163,159,TRUE,TRUE
2020,401220245,2020-10-20,DAL,ARI,187,182,TRUE,TRUE
2020,401220259,2020-10-23,PHI,NYG,178,177,TRUE,TRUE
2020,401220310,2020-10-25,ATL,DET,172,171,TRUE,TRUE
2020,401220155,2020-10-25,CIN,CLE,169,165,TRUE,TRUE
2020,401249063,2020-10-25,TEN,PIT,174,167,TRUE,TRUE
2020,401220322,2020-10-25,NO,CAR,147,145,TRUE,TRUE
2020,401220138,2020-10-25,NYJ,BUF,172,163,TRUE,TRUE
2020,401220266,2020-10-25,WSH,DAL,157,155,TRUE,TRUE
2020,401220183,2020-10-25,HOU,GB,168,164,TRUE,TRUE
2020,401220232,2020-10-25,LV,TB,174,171,TRUE,TRUE
2020,401220210,2020-10-25,DEN,KC,164,162,TRUE,TRUE
2020,401220136,2020-10-25,NE,SF,149,148,TRUE,TRUE
2020,401220241,2020-10-25,LAC,JAX,177,171,TRUE,TRUE
2020,401220338,2020-10-26,ARI,SEA,224,183,TRUE,TRUE
2020,401220351,2020-10-27,LAR,CHI,175,173,TRUE,TRUE
2020,401220314,2020-10-30,CAR,ATL,161,154,TRUE,TRUE
2020,401220115,2020-11-01,BUF,NE,163,159,TRUE,TRUE
2020,401220158,2020-11-01,CIN,TEN,174,170,TRUE,TRUE
2020,401220169,2020-11-01,CLE,LV,167,161,TRUE,TRUE
2020,401220288,2020-11-01,DET,IND,175,173,TRUE,TRUE
2020,401220292,2020-11-01,GB,MIN,158,157,TRUE,TRUE
2020,401220222,2020-11-01,KC,NYJ,162,158,TRUE,TRUE
2020,401220127,2020-11-01,MIA,LAR,193,192,TRUE,TRUE
2020,401220148,2020-11-01,BAL,PIT,172,166,TRUE,TRUE
2020,401220212,2020-11-01,DEN,LAC,194,190,TRUE,TRUE
2020,401220277,2020-11-01,CHI,NO,210,176,TRUE,TRUE
2020,401220361,2020-11-01,SEA,SF,176,174,TRUE,TRUE
2020,401220258,2020-11-02,PHI,DAL,178,174,TRUE,TRUE
2020,401220257,2020-11-03,NYG,TB,183,173,TRUE,TRUE
2020,401220359,2020-11-06,SF,GB,159,158,TRUE,TRUE
2020,401220311,2020-11-08,ATL,DEN,186,185,TRUE,TRUE
2020,401220120,2020-11-08,BUF,SEA,178,175,TRUE,TRUE
2020,401220207,2020-11-08,TEN,CHI,177,176,TRUE,TRUE
2020,401220189,2020-11-08,IND,BAL,169,168,TRUE,TRUE
2020,401220224,2020-11-08,KC,CAR,186,178,TRUE,TRUE
2020,401220299,2020-11-08,MIN,DET,170,168,TRUE,TRUE
2020,401220267,2020-11-08,WSH,NYG,169,167,TRUE,TRUE
2020,401220194,2020-11-08,JAX,HOU,173,171,TRUE,TRUE
2020,401220236,2020-11-08,LAC,LV,169,162,TRUE,TRUE
2020,401220248,2020-11-08,DAL,PIT,181,174,TRUE,TRUE
2020,401220342,2020-11-08,ARI,MIA,178,172,TRUE,TRUE
2020,401220330,2020-11-09,TB,NO,154,150,TRUE,TRUE
2020,401220140,2020-11-10,NYJ,NE,163,156,TRUE,TRUE
2020,401220203,2020-11-13,TEN,IND,168,162,TRUE,TRUE
2020,401220165,2020-11-15,CLE,HOU,162,160,TRUE,TRUE
2020,401220289,2020-11-15,DET,WSH,189,185,TRUE,TRUE
2020,401220295,2020-11-15,GB,JAX,171,166,TRUE,TRUE
2020,401220251,2020-11-15,NYG,PHI,179,175,TRUE,TRUE
2020,401220368,2020-11-15,CAR,TB,167,156,TRUE,TRUE
2020,401220226,2020-11-15,LV,DEN,183,177,TRUE,TRUE
2020,401220126,2020-11-15,MIA,LAC,163,157,TRUE,TRUE
2020,401220341,2020-11-15,ARI,BUF,204,195,TRUE,TRUE
2020,401220346,2020-11-15,LAR,SEA,177,176,TRUE,TRUE
2020,401220327,2020-11-15,NO,SF,172,166,TRUE,TRUE
2020,401220171,2020-11-15,PIT,CIN,186,183,TRUE,TRUE
2020,401220137,2020-11-16,NE,BAL,161,160,TRUE,TRUE
2020,401220276,2020-11-17,CHI,MIN,171,169,TRUE,TRUE
2020,401220360,2020-11-20,SEA,ARI,173,167,TRUE,TRUE
2020,401220167,2020-11-22,CLE,PHI,186,179,TRUE,TRUE
2020,401220321,2020-11-22,NO,ATL,172,171,TRUE,TRUE
2020,401220272,2020-11-22,WSH,CIN,173,172,TRUE,TRUE
2020,401220318,2020-11-22,CAR,DET,166,165,TRUE,TRUE
2020,401220198,2020-11-22,JAX,PIT,175,168,TRUE,TRUE
2020,401220150,2020-11-22,BAL,TEN,173,150,TRUE,TRUE
2020,401220185,2020-11-22,HOU,NE,167,161,TRUE,TRUE
2020,401220214,2020-11-22,DEN,MIA,169,168,TRUE,TRUE
2020,401220238,2020-11-22,LAC,NYJ,186,178,TRUE,TRUE
2020,401220191,2020-11-22,IND,GB,187,176,TRUE,TRUE
2020,401220305,2020-11-22,MIN,DAL,163,160,TRUE,TRUE
2020,401220227,2020-11-23,LV,KC,174,172,TRUE,TRUE
2020,401220335,2020-11-24,TB,LAR,184,179,TRUE,TRUE
2020,401220287,2020-11-26,DET,HOU,172,167,TRUE,TRUE
2020,401220244,2020-11-26,DAL,WSH,166,160,TRUE,TRUE
2020,401220312,2020-11-29,ATL,LV,185,182,TRUE,TRUE
2020,401220118,2020-11-29,BUF,LAC,183,181,TRUE,TRUE
2020,401220160,2020-11-29,CIN,NYG,171,165,TRUE,TRUE
2020,401220188,2020-11-29,IND,TEN,185,184,TRUE,TRUE
2020,401220302,2020-11-29,MIN,CAR,182,175,TRUE,TRUE
2020,401220135,2020-11-29,NE,ARI,163,162,TRUE,TRUE
2020,401220139,2020-11-29,NYJ,MIA,159,158,TRUE,TRUE
2020,401220197,2020-11-29,JAX,CLE,169,161,TRUE,TRUE
2020,401220215,2020-11-29,DEN,NO,145,144,TRUE,TRUE
2020,401220345,2020-11-29,LAR,SF,186,181,TRUE,TRUE
2020,401220333,2020-11-29,TB,KC,178,173,TRUE,TRUE
2020,401220290,2020-11-30,GB,CHI,173,169,TRUE,TRUE
2020,401220262,2020-12-01,PHI,SEA,177,176,TRUE,TRUE
2020,401220170,2020-12-02,PIT,BAL,163,161,TRUE,TRUE
2020,401220307,2020-12-06,ATL,NO,186,181,TRUE,TRUE
2020,401220274,2020-12-06,CHI,DET,191,190,TRUE,TRUE
2020,401220205,2020-12-06,TEN,CLE,185,184,TRUE,TRUE
2020,401220129,2020-12-06,MIA,CIN,162,161,TRUE,TRUE
2020,401220303,2020-12-06,MIN,JAX,217,189,TRUE,TRUE
2020,401220142,2020-12-06,NYJ,LV,174,173,TRUE,TRUE
2020,401220178,2020-12-06,HOU,IND,174,169,TRUE,TRUE
2020,401220336,2020-12-06,ARI,LAR,201,200,TRUE,TRUE
2020,401220364,2020-12-06,SEA,NYG,170,169,TRUE,TRUE
2020,401220297,2020-12-06,GB,PHI,159,155,TRUE,TRUE
2020,401220237,2020-12-06,LAC,NE,173,168,TRUE,TRUE
2020,401220218,2020-12-07,KC,DEN,168,161,TRUE,TRUE
2020,401220176,2020-12-07,PIT,WSH,190,189,TRUE,TRUE
2020,401220357,2020-12-08,SF,BUF,171,163,TRUE,TRUE
2020,401220151,2020-12-09,BAL,DAL,175,170,TRUE,TRUE
2020,401220349,2020-12-11,LAR,NE,162,161,TRUE,TRUE
2020,401220279,2020-12-13,CHI,HOU,178,176,TRUE,TRUE
2020,401220159,2020-12-13,CIN,DAL,157,151,TRUE,TRUE
2020,401220125,2020-12-13,MIA,KC,189,182,TRUE,TRUE
2020,401220253,2020-12-13,NYG,ARI,175,173,TRUE,TRUE
2020,401220332,2020-12-13,TB,MIN,165,161,TRUE,TRUE
2020,401220319,2020-12-13,CAR,DEN,164,163,TRUE,TRUE
2020,401220196,2020-12-13,JAX,TEN,171,170,TRUE,TRUE
2020,401220233,2020-12-13,LV,IND,168,161,TRUE,TRUE
2020,401220366,2020-12-13,SEA,NYJ,163,158,TRUE,TRUE
2020,401220283,2020-12-13,DET,GB,172,169,TRUE,TRUE
2020,401220265,2020-12-13,PHI,NO,175,171,TRUE,TRUE
2020,401220239,2020-12-13,LAC,ATL,164,160,TRUE,TRUE
2020,401220356,2020-12-13,SF,WSH,203,198,TRUE,TRUE
2020,401220121,2020-12-14,BUF,PIT,169,165,TRUE,TRUE
2020,401220162,2020-12-15,CLE,BAL,189,185,TRUE,TRUE
2020,401220228,2020-12-18,LV,LAC,183,154,TRUE,TRUE
2020,401220213,2020-12-19,DEN,BUF,175,173,TRUE,TRUE
2020,401220294,2020-12-20,GB,CAR,169,163,TRUE,TRUE
2020,401220308,2020-12-20,ATL,TB,172,170,TRUE,TRUE
2020,401220246,2020-12-20,DAL,SF,187,186,TRUE,TRUE
2020,401220208,2020-12-20,TEN,DET,167,163,TRUE,TRUE
2020,401220186,2020-12-20,IND,HOU,157,154,TRUE,TRUE
2020,401220123,2020-12-20,MIA,NE,162,161,TRUE,TRUE
2020,401220298,2020-12-20,MIN,CHI,172,165,TRUE,TRUE
2020,401220270,2020-12-20,WSH,SEA,175,174,TRUE,TRUE
2020,401220149,2020-12-20,BAL,JAX,155,146,TRUE,TRUE
2020,401220350,2020-12-20,LAR,NYJ,168,165,TRUE,TRUE
2020,401220339,2020-12-20,ARI,PHI,204,198,TRUE,TRUE
2020,401220325,2020-12-20,NO,KC,193,187,TRUE,TRUE
2020,401220255,2020-12-21,NYG,CLE,149,146,TRUE,TRUE
2020,401220156,2020-12-22,CIN,PIT,166,163,TRUE,TRUE
2020,401220324,2020-12-25,NO,MIN,176,173,TRUE,TRUE
2020,401220286,2020-12-26,DET,TB,170,169,TRUE,TRUE
2020,401220337,2020-12-26,ARI,SF,190,189,TRUE,TRUE
2020,401220230,2020-12-27,LV,MIA,176,174,TRUE,TRUE
2020,401220223,2020-12-27,KC,ATL,167,162,TRUE,TRUE
2020,401220145,2020-12-27,NYJ,CLE,192,189,TRUE,TRUE
2020,401220174,2020-12-27,PIT,IND,175,173,TRUE,TRUE
2020,401220199,2020-12-27,JAX,CHI,166,159,TRUE,TRUE
2020,401220152,2020-12-27,BAL,NYG,171,161,TRUE,TRUE
2020,401220182,2020-12-27,HOU,CIN,167,159,TRUE,TRUE
2020,401220234,2020-12-27,LAC,DEN,180,176,TRUE,TRUE
2020,401220273,2020-12-27,WSH,CAR,171,169,TRUE,TRUE
2020,401220243,2020-12-27,DAL,PHI,194,188,TRUE,TRUE
2020,401220362,2020-12-27,SEA,LAR,182,176,TRUE,TRUE
2020,401220296,2020-12-28,GB,TEN,147,145,TRUE,TRUE
2020,401220130,2020-12-29,NE,BUF,156,155,TRUE,TRUE
2020,401220114,2021-01-03,BUF,MIA,187,185,TRUE,TRUE
2020,401220154,2021-01-03,CIN,BAL,148,143,TRUE,TRUE
2020,401220164,2021-01-03,CLE,PIT,181,173,TRUE,TRUE
2020,401220284,2021-01-03,DET,MIN,175,170,TRUE,TRUE
2020,401220132,2021-01-03,NE,NYJ,161,159,TRUE,TRUE
2020,401220250,2021-01-03,NYG,DAL,186,180,TRUE,TRUE
2020,401220328,2021-01-03,TB,ATL,173,172,TRUE,TRUE
2020,401220275,2021-01-03,CHI,GB,159,158,TRUE,TRUE
2020,401220211,2021-01-03,DEN,LV,198,197,TRUE,TRUE
2020,401220187,2021-01-03,IND,JAX,167,165,TRUE,TRUE
2020,401220220,2021-01-03,KC,LAC,148,144,TRUE,TRUE
2020,401220344,2021-01-03,LAR,ARI,170,167,TRUE,TRUE
2020,401220354,2021-01-03,SF,SEA,186,180,TRUE,TRUE
2020,401220315,2021-01-03,CAR,NO,158,152,TRUE,TRUE
2020,401220180,2021-01-03,HOU,TEN,177,167,TRUE,TRUE
2020,401220260,2021-01-04,PHI,WSH,170,166,TRUE,TRUE
2021,401326322,2021-09-10,TB,DAL,196,195,TRUE,TRUE
2021,401326315,2021-09-12,ATL,PHI,187,186,TRUE,TRUE
2021,401326308,2021-09-12,BUF,PIT,185,184,TRUE,TRUE
2021,401326316,2021-09-12,CIN,MIN,208,174,TRUE,TRUE
2021,401326317,2021-09-12,DET,SF,185,183,TRUE,TRUE
2021,401326311,2021-09-12,TEN,ARI,174,173,TRUE,TRUE
2021,401326318,2021-09-12,IND,SEA,163,162,TRUE,TRUE
2021,401326312,2021-09-12,WSH,LAC,175,174,TRUE,TRUE
2021,401326309,2021-09-12,CAR,NYJ,170,168,TRUE,TRUE
2021,401326310,2021-09-12,HOU,JAX,198,197,TRUE,TRUE
2021,401326314,2021-09-12,KC,CLE,157,156,TRUE,TRUE
2021,401326313,2021-09-12,NE,MIA,161,160,TRUE,TRUE
2021,401326319,2021-09-12,NO,GB,151,150,TRUE,TRUE
2021,401326320,2021-09-12,NYG,DEN,155,154,TRUE,TRUE
2021,401326323,2021-09-13,LAR,CHI,149,148,TRUE,TRUE
2021,401326321,2021-09-14,LV,BAL,207,183,TRUE,TRUE
2021,401326127,2021-09-17,WSH,NYG,196,195,TRUE,TRUE
2021,401326129,2021-09-19,CHI,CIN,168,167,TRUE,TRUE
2021,401326130,2021-09-19,CLE,HOU,155,154,TRUE,TRUE
2021,401326131,2021-09-19,IND,LAR,163,162,TRUE,TRUE
2021,401326353,2021-09-19,MIA,BUF,175,173,TRUE,TRUE
2021,401326354,2021-09-19,NYJ,NE,169,168,TRUE,TRUE
2021,401326355,2021-09-19,PHI,SF,161,160,TRUE,TRUE
2021,401326356,2021-09-19,PIT,LV,166,165,TRUE,TRUE
2021,401326128,2021-09-19,CAR,NO,164,163,TRUE,TRUE
2021,401326132,2021-09-19,JAX,DEN,170,169,TRUE,TRUE
2021,401326357,2021-09-19,ARI,MIN,183,182,TRUE,TRUE
2021,401326358,2021-09-19,TB,ATL,172,170,TRUE,TRUE
2021,401326359,2021-09-19,LAC,DAL,169,168,TRUE,TRUE
2021,401326360,2021-09-19,SEA,TEN,191,171,TRUE,TRUE
2021,401326361,2021-09-20,BAL,KC,159,158,TRUE,TRUE
2021,401326362,2021-09-21,GB,DET,157,156,TRUE,TRUE
2021,401326363,2021-09-24,HOU,CAR,166,164,TRUE,TRUE
2021,401326364,2021-09-26,BUF,WSH,168,167,TRUE,TRUE
2021,401326365,2021-09-26,CLE,CHI,180,179,TRUE,TRUE
2021,401326366,2021-09-26,DET,BAL,163,162,TRUE,TRUE
2021,401326372,2021-09-26,TEN,IND,163,162,TRUE,TRUE
2021,401326368,2021-09-26,KC,LAC,180,179,TRUE,TRUE
2021,401326369,2021-09-26,NE,NO,178,177,TRUE,TRUE
2021,401326370,2021-09-26,NYG,ATL,168,167,TRUE,TRUE
2021,401326371,2021-09-26,PIT,CIN,173,172,TRUE,TRUE
2021,401326367,2021-09-26,JAX,ARI,176,174,TRUE,TRUE
2021,401326373,2021-09-26,DEN,NYJ,158,157,TRUE,TRUE
2021,401326374,2021-09-26,LV,MIA,220,181,TRUE,TRUE
2021,401326375,2021-09-26,LAR,TB,179,178,TRUE,TRUE
2021,401326376,2021-09-26,MIN,SEA,164,163,TRUE,TRUE
2021,401326377,2021-09-27,SF,GB,178,177,TRUE,TRUE
2021,401326378,2021-09-28,DAL,PHI,167,166,TRUE,TRUE
2021,401326379,2021-10-01,CIN,JAX,151,149,TRUE,TRUE
2021,401326380,2021-10-03,ATL,WSH,180,179,TRUE,TRUE
2021,401326381,2021-10-03,BUF,HOU,153,152,TRUE,TRUE
2021,401326382,2021-10-03,CHI,DET,160,159,TRUE,TRUE
2021,401326383,2021-10-03,DAL,CAR,169,168,TRUE,TRUE
2021,401326384,2021-10-03,MIA,IND,164,163,TRUE,TRUE
2021,401326385,2021-10-03,MIN,CLE,187,186,TRUE,TRUE
2021,401326386,2021-10-03,NO,NYG,170,157,TRUE,TRUE
2021,401326387,2021-10-03,NYJ,TEN,216,179,TRUE,TRUE
2021,401326388,2021-10-03,PHI,KC,178,175,TRUE,TRUE
2021,401326389,2021-10-03,LAR,ARI,186,185,TRUE,TRUE
2021,401326390,2021-10-03,SF,SEA,172,171,TRUE,TRUE
2021,401326391,2021-10-03,DEN,BAL,178,177,TRUE,TRUE
2021,401326392,2021-10-03,GB,PIT,168,167,TRUE,TRUE
2021,401326393,2021-10-04,NE,TB,180,179,TRUE,TRUE
2021,401326394,2021-10-05,LAC,LV,174,173,TRUE,TRUE
2021,401326395,2021-10-08,SEA,LAR,175,174,TRUE,TRUE
2021,401326324,2021-10-10,ATL,NYJ,169,168,TRUE,TRUE
2021,401326397,2021-10-10,CIN,GB,176,153,TRUE,TRUE
2021,401326400,2021-10-10,MIN,DET,175,174,TRUE,TRUE
2021,401326401,2021-10-10,PIT,DEN,166,165,TRUE,TRUE
2021,401326402,2021-10-10,TB,MIA,163,162,TRUE,TRUE
2021,401326403,2021-10-10,WSH,NO,180,179,TRUE,TRUE
2021,401326396,2021-10-10,CAR,PHI,184,183,TRUE,TRUE
2021,401326399,2021-10-10,JAX,TEN,172,171,TRUE,TRUE
2021,401326398,2021-10-10,HOU,NE,164,163,TRUE,TRUE
2021,401326405,2021-10-10,LV,CHI,171,170,TRUE,TRUE
2021,401326404,2021-10-10,LAC,CLE,185,183,TRUE,TRUE
2021,401326407,2021-10-10,DAL,NYG,185,184,TRUE,TRUE
2021,401326406,2021-10-10,ARI,SF,159,158,TRUE,TRUE
2021,401326408,2021-10-11,KC,BUF,184,183,TRUE,TRUE
2021,401326409,2021-10-12,BAL,IND,180,166,TRUE,TRUE
2021,401326410,2021-10-15,PHI,TB,160,159,TRUE,TRUE
2021,401326325,2021-10-17,JAX,MIA,183,182,TRUE,TRUE
2021,401326413,2021-10-17,CHI,GB,166,164,TRUE,TRUE
2021,401326414,2021-10-17,DET,CIN,176,175,TRUE,TRUE
2021,401326415,2021-10-17,IND,HOU,158,157,TRUE,TRUE
2021,401326416,2021-10-17,NYG,LAR,182,181,TRUE,TRUE
2021,401326417,2021-10-17,WSH,KC,175,174,TRUE,TRUE
2021,401326412,2021-10-17,CAR,MIN,216,204,TRUE,TRUE
2021,401326411,2021-10-17,BAL,LAC,153,152,TRUE,TRUE
2021,401326418,2021-10-17,CLE,ARI,177,176,TRUE,TRUE
2021,401326419,2021-10-17,DEN,LV,174,173,TRUE,TRUE
2021,401326420,2021-10-17,NE,DAL,186,169,TRUE,TRUE
2021,401326421,2021-10-18,PIT,SEA,190,172,TRUE,TRUE
2021,401326422,2021-10-19,TEN,BUF,167,165,TRUE,TRUE
2021,401326423,2021-10-22,CLE,DEN,162,161,TRUE,TRUE
2021,401326425,2021-10-24,GB,WSH,159,157,TRUE,TRUE
2021,401326429,2021-10-24,TEN,KC,174,167,TRUE,TRUE
2021,401326426,2021-10-24,MIA,ATL,174,165,TRUE,TRUE
2021,401326427,2021-10-24,NE,NYJ,173,172,TRUE,TRUE
2021,401326428,2021-10-24,NYG,CAR,173,167,TRUE,TRUE
2021,401326424,2021-10-24,BAL,CIN,177,166,TRUE,TRUE
2021,401326431,2021-10-24,LV,PHI,170,165,TRUE,TRUE
2021,401326430,2021-10-24,LAR,DET,174,172,TRUE,TRUE
2021,401326432,2021-10-24,ARI,HOU,163,159,TRUE,TRUE
2021,401326433,2021-10-24,TB,CHI,172,167,TRUE,TRUE
2021,401326434,2021-10-25,SF,IND,162,156,TRUE,TRUE
2021,401326435,2021-10-26,SEA,NO,173,168,TRUE,TRUE
2021,401326436,2021-10-29,ARI,GB,167,165,TRUE,TRUE
2021,401326437,2021-10-31,ATL,CAR,171,167,TRUE,TRUE
2021,401326438,2021-10-31,BUF,MIA,183,179,TRUE,TRUE
2021,401326439,2021-10-31,CHI,SF,174,173,TRUE,TRUE
2021,401326440,2021-10-31,CLE,PIT,180,178,TRUE,TRUE
2021,401326441,2021-10-31,DET,PHI,161,156,TRUE,TRUE
2021,401326443,2021-10-31,IND,TEN,198,174,TRUE,TRUE
2021,401326444,2021-10-31,NYJ,CIN,181,176,TRUE,TRUE
2021,401326442,2021-10-31,HOU,LAR,169,165,TRUE,TRUE
2021,401326445,2021-10-31,LAC,NE,180,153,TRUE,TRUE
2021,401326446,2021-10-31,SEA,JAX,168,159,TRUE,TRUE
2021,401326447,2021-10-31,DEN,WSH,156,150,TRUE,TRUE
2021,401326448,2021-10-31,NO,TB,175,166,TRUE,TRUE
2021,401326449,2021-11-01,MIN,DAL,184,178,TRUE,TRUE
2021,401326450,2021-11-02,KC,NYG,179,174,TRUE,TRUE
2021,401326451,2021-11-05,IND,NYJ,173,169,TRUE,TRUE
2021,401326454,2021-11-07,CIN,CLE,161,157,TRUE,TRUE
2021,401326455,2021-11-07,DAL,DEN,173,170,TRUE,TRUE
2021,401326457,2021-11-07,MIA,HOU,183,178,TRUE,TRUE
2021,401326458,2021-11-07,NO,ATL,175,170,TRUE,TRUE
2021,401326459,2021-11-07,NYG,LV,164,157,TRUE,TRUE
2021,401326453,2021-11-07,CAR,NE,159,155,TRUE,TRUE
2021,401326456,2021-11-07,JAX,BUF,172,166,TRUE,TRUE
2021,401326452,2021-11-07,BAL,MIN,203,165,TRUE,TRUE
2021,401326460,2021-11-07,PHI,LAC,163,159,TRUE,TRUE
2021,401326461,2021-11-07,KC,GB,167,163,TRUE,TRUE
2021,401326462,2021-11-07,SF,ARI,165,162,TRUE,TRUE
2021,401326463,2021-11-08,LAR,TEN,178,176,TRUE,TRUE
2021,401326464,2021-11-09,PIT,CHI,182,179,TRUE,TRUE
2021,401326465,2021-11-12,MIA,BAL,193,186,TRUE,TRUE
2021,401326466,2021-11-14,DAL,ATL,164,162,TRUE,TRUE
2021,401326471,2021-11-14,TEN,NO,173,169,TRUE,TRUE
2021,401326467,2021-11-14,IND,JAX,177,176,TRUE,TRUE
2021,401326468,2021-11-14,NE,CLE,156,155,TRUE,TRUE
2021,401326469,2021-11-14,NYJ,BUF,168,165,TRUE,TRUE
2021,401326472,2021-11-14,WSH,TB,161,160,TRUE,TRUE
2021,401326473,2021-11-14,ARI,CAR,167,165,TRUE,TRUE
2021,401326474,2021-11-14,LAC,MIN,177,172,TRUE,TRUE
2021,401326475,2021-11-14,DEN,PHI,163,161,TRUE,TRUE
2021,401326476,2021-11-14,GB,SEA,167,164,TRUE,TRUE
2021,401326477,2021-11-15,LV,KC,168,165,TRUE,TRUE
2021,401326478,2021-11-16,SF,LAR,158,156,TRUE,TRUE
2021,401326479,2021-11-19,ATL,NE,156,151,TRUE,TRUE
2021,401326480,2021-11-21,BUF,IND,157,154,TRUE,TRUE
2021,401326482,2021-11-21,CHI,BAL,194,191,TRUE,TRUE
2021,401326483,2021-11-21,CLE,DET,161,155,TRUE,TRUE
2021,401326488,2021-11-21,TEN,HOU,183,178,TRUE,TRUE
2021,401326485,2021-11-21,MIN,GB,165,162,TRUE,TRUE
2021,401326486,2021-11-21,NYJ,MIA,172,166,TRUE,TRUE
2021,401326487,2021-11-21,PHI,NO,191,183,TRUE,TRUE
2021,401326481,2021-11-21,CAR,WSH,159,156,TRUE,TRUE
2021,401326484,2021-11-21,JAX,SF,149,143,TRUE,TRUE
2021,401326489,2021-11-21,LV,CIN,161,155,TRUE,TRUE
2021,401326490,2021-11-21,KC,DAL,177,171,TRUE,TRUE
2021,401326491,2021-11-21,SEA,ARI,174,167,TRUE,TRUE
2021,401326492,2021-11-22,LAC,PIT,186,178,TRUE,TRUE
2021,401326493,2021-11-23,TB,NYG,171,166,TRUE,TRUE
2021,401326494,2021-11-25,DET,CHI,159,154,TRUE,TRUE
2021,401326495,2021-11-25,DAL,LV,198,186,TRUE,TRUE
2021,401326496,2021-11-26,NO,BUF,155,148,TRUE,TRUE
2021,401326497,2021-11-28,CIN,PIT,163,159,TRUE,TRUE
2021,401326499,2021-11-28,IND,TB,174,173,TRUE,TRUE
2021,401326501,2021-11-28,MIA,CAR,172,166,TRUE,TRUE
2021,401326502,2021-11-28,NE,TEN,160,158,TRUE,TRUE
2021,401326503,2021-11-28,NYG,PHI,161,159,TRUE,TRUE
2021,401326500,2021-11-28,JAX,ATL,173,167,TRUE,TRUE
2021,401326498,2021-11-28,HOU,NYJ,162,159,TRUE,TRUE
2021,401326504,2021-11-28,DEN,LAC,164,163,TRUE,TRUE
2021,401326505,2021-11-28,GB,LAR,189,180,TRUE,TRUE
2021,401326506,2021-11-28,SF,MIN,160,152,TRUE,TRUE
2021,401326507,2021-11-29,BAL,CLE,178,173,TRUE,TRUE
2021,401326508,2021-11-30,WSH,SEA,172,170,TRUE,TRUE
2021,401326509,2021-12-03,NO,DAL,182,173,TRUE,TRUE
2021,401326510,2021-12-05,ATL,TB,180,177,TRUE,TRUE
2021,401326511,2021-12-05,CHI,ARI,176,175,TRUE,TRUE
2021,401326512,2021-12-05,CIN,LAC,177,172,TRUE,TRUE
2021,401326513,2021-12-05,DET,MIN,192,184,TRUE,TRUE
2021,401326516,2021-12-05,MIA,NYG,179,173,TRUE,TRUE
2021,401326517,2021-12-05,NYJ,PHI,164,157,TRUE,TRUE
2021,401326514,2021-12-05,HOU,IND,161,157,TRUE,TRUE
2021,401326518,2021-12-05,LV,WSH,162,157,TRUE,TRUE
2021,401326519,2021-12-05,LAR,JAX,162,161,TRUE,TRUE
2021,401326520,2021-12-05,PIT,BAL,176,174,TRUE,TRUE
2021,401326521,2021-12-05,SEA,SF,171,166,TRUE,TRUE
2021,401326515,2021-12-06,KC,DEN,166,160,TRUE,TRUE
2021,401326522,2021-12-07,BUF,NE,149,146,TRUE,TRUE
2021,401326523,2021-12-10,MIN,PIT,190,185,TRUE,TRUE
2021,401326526,2021-12-12,CLE,BAL,189,183,TRUE,TRUE
2021,401326530,2021-12-12,TEN,JAX,160,157,TRUE,TRUE
2021,401326528,2021-12-12,KC,LV,160,152,TRUE,TRUE
2021,401326529,2021-12-12,NYJ,NO,179,172,TRUE,TRUE
2021,401326531,2021-12-12,WSH,DAL,195,193,TRUE,TRUE
2021,401326524,2021-12-12,CAR,ATL,165,161,TRUE,TRUE
2021,401326527,2021-12-12,HOU,SEA,185,179,TRUE,TRUE
2021,401326532,2021-12-12,DEN,DET,161,157,TRUE,TRUE
2021,401326533,2021-12-12,LAC,NYG,181,176,TRUE,TRUE
2021,401326525,2021-12-12,CIN,SF,172,166,TRUE,TRUE
2021,401326534,2021-12-12,TB,BUF,197,190,TRUE,TRUE
2021,401326535,2021-12-13,GB,CHI,172,165,TRUE,TRUE
2021,401326536,2021-12-14,ARI,LAR,181,175,TRUE,TRUE
2021,401326537,2021-12-17,LAC,KC,180,169,TRUE,TRUE
2021,401326540,2021-12-19,IND,NE,159,157,TRUE,TRUE
2021,401326538,2021-12-19,BUF,CAR,182,178,TRUE,TRUE
2021,401326544,2021-12-19,DET,ARI,180,173,TRUE,TRUE
2021,401326541,2021-12-19,MIA,NYJ,168,161,TRUE,TRUE
2021,401326546,2021-12-19,NYG,DAL,177,172,TRUE,TRUE
2021,401326547,2021-12-19,PIT,TEN,175,171,TRUE,TRUE
2021,401326545,2021-12-19,JAX,HOU,176,166,TRUE,TRUE
2021,401326548,2021-12-19,DEN,CIN,171,169,TRUE,TRUE
2021,401326549,2021-12-19,SF,ATL,155,148,TRUE,TRUE
2021,401326543,2021-12-19,BAL,GB,168,160,TRUE,TRUE
2021,401326551,2021-12-20,TB,NO,180,176,TRUE,TRUE
2021,401326539,2021-12-20,CLE,LV,179,173,TRUE,TRUE
2021,401326552,2021-12-21,CHI,MIN,187,185,TRUE,TRUE
2021,401326550,2021-12-22,LAR,SEA,162,161,TRUE,TRUE
2021,401326542,2021-12-22,PHI,WSH,162,158,TRUE,TRUE
2021,401326553,2021-12-24,TEN,SF,157,151,TRUE,TRUE
2021,401326554,2021-12-25,GB,CLE,158,156,TRUE,TRUE
2021,401326555,2021-12-26,ARI,IND,174,167,TRUE,TRUE
2021,401326556,2021-12-26,ATL,DET,153,152,TRUE,TRUE
2021,401326558,2021-12-26,CIN,BAL,170,164,TRUE,TRUE
2021,401326560,2021-12-26,MIN,LAR,176,168,TRUE,TRUE
2021,401326561,2021-12-26,NE,BUF,175,173,TRUE,TRUE
2021,401326562,2021-12-26,NYJ,JAX,169,162,TRUE,TRUE
2021,401326563,2021-12-26,PHI,NYG,185,180,TRUE,TRUE
2021,401326557,2021-12-26,CAR,TB,181,174,TRUE,TRUE
2021,401326559,2021-12-26,HOU,LAC,163,156,TRUE,TRUE
2021,401326564,2021-12-26,SEA,CHI,165,162,TRUE,TRUE
2021,401326565,2021-12-26,KC,PIT,180,173,TRUE,TRUE
2021,401326566,2021-12-26,LV,DEN,141,136,TRUE,TRUE
2021,401326567,2021-12-27,DAL,WSH,165,160,TRUE,TRUE
2021,401326568,2021-12-28,NO,MIA,158,154,TRUE,TRUE
2021,401326569,2022-01-02,BUF,ATL,161,158,TRUE,TRUE
2021,401326570,2022-01-02,CHI,NYG,167,163,TRUE,TRUE
2021,401326571,2022-01-02,CIN,KC,170,166,TRUE,TRUE
2021,401326577,2022-01-02,TEN,MIA,161,155,TRUE,TRUE
2021,401326573,2022-01-02,IND,LV,159,157,TRUE,TRUE
2021,401326574,2022-01-02,NE,JAX,151,149,TRUE,TRUE
2021,401326576,2022-01-02,NYJ,TB,171,166,TRUE,TRUE
2021,401326578,2022-01-02,WSH,PHI,162,161,TRUE,TRUE
2021,401326581,2022-01-02,BAL,LAR,169,164,TRUE,TRUE
2021,401326579,2022-01-02,LAC,DEN,161,153,TRUE,TRUE
2021,401326580,2022-01-02,SF,HOU,171,166,TRUE,TRUE
2021,401326572,2022-01-02,DAL,ARI,181,175,TRUE,TRUE
2021,401326575,2022-01-02,NO,CAR,161,156,TRUE,TRUE
2021,401326582,2022-01-02,SEA,DET,170,164,TRUE,TRUE
2021,401326583,2022-01-03,GB,MIN,166,159,TRUE,TRUE
2021,401326584,2022-01-04,PIT,CLE,199,196,TRUE,TRUE
2021,401326598,2022-01-08,DEN,KC,169,166,TRUE,TRUE
2021,401326595,2022-01-09,PHI,DAL,168,159,TRUE,TRUE
2021,401326588,2022-01-09,CLE,CIN,164,159,TRUE,TRUE
2021,401326589,2022-01-09,DET,GB,166,158,TRUE,TRUE
2021,401326593,2022-01-09,MIN,CHI,164,157,TRUE,TRUE
2021,401326594,2022-01-09,NYG,WSH,158,155,TRUE,TRUE
2021,401326591,2022-01-09,JAX,IND,160,155,TRUE,TRUE
2021,401326586,2022-01-09,BAL,PIT,201,161,TRUE,TRUE
2021,401326590,2022-01-09,HOU,TEN,162,160,TRUE,TRUE
2021,401326585,2022-01-09,ATL,NO,156,155,TRUE,TRUE
2021,401326587,2022-01-09,BUF,NYJ,170,168,TRUE,TRUE
2021,401326599,2022-01-09,LAR,SF,182,151,TRUE,TRUE
2021,401326592,2022-01-09,MIA,NE,177,173,TRUE,TRUE
2021,401326597,2022-01-09,ARI,SEA,175,169,TRUE,TRUE
2021,401326596,2022-01-09,TB,CAR,165,160,TRUE,TRUE
2021,401326600,2022-01-10,LV,LAC,220,184,TRUE,TRUE
2022,401437654,2022-09-09,LAR,BUF,157,156,TRUE,TRUE
2022,401437650,2022-09-11,ATL,NO,186,185,TRUE,TRUE
2022,401437647,2022-09-11,CHI,SF,177,176,TRUE,TRUE
2022,401437634,2022-09-11,CIN,PIT,215,172,TRUE,TRUE
2022,401437648,2022-09-11,DET,PHI,190,189,TRUE,TRUE
2022,401437630,2022-09-11,MIA,NE,151,150,TRUE,TRUE
2022,401437632,2022-09-11,NYJ,BAL,175,174,TRUE,TRUE
2022,401437646,2022-09-11,WSH,JAX,184,183,TRUE,TRUE
2022,401437651,2022-09-11,CAR,CLE,182,181,TRUE,TRUE
2022,401437640,2022-09-11,TEN,NYG,167,166,TRUE,TRUE
2022,401437649,2022-09-11,MIN,GB,163,162,TRUE,TRUE
2022,401437653,2022-09-11,ARI,KC,165,163,TRUE,TRUE
2022,401437643,2022-09-11,LAC,LV,159,158,TRUE,TRUE
2022,401437644,2022-09-12,DAL,TB,173,172,TRUE,TRUE
2022,401437655,2022-09-13,SEA,DEN,160,159,TRUE,TRUE
2022,401434030,2022-09-16,KC,LAC,170,169,TRUE,TRUE
2022,401437635,2022-09-18,CLE,NYJ,178,176,TRUE,TRUE
2022,401437732,2022-09-18,DET,WSH,173,172,TRUE,TRUE
2022,401437652,2022-09-18,NO,TB,175,174,TRUE,TRUE
2022,401437645,2022-09-18,NYG,CAR,174,173,TRUE,TRUE
2022,401437636,2022-09-18,PIT,NE,167,166,TRUE,TRUE
2022,401437639,2022-09-18,JAX,IND,156,155,TRUE,TRUE
2022,401437633,2022-09-18,BAL,MIA,166,165,TRUE,TRUE
2022,401437733,2022-09-18,LAR,ATL,158,157,TRUE,TRUE
2022,401437605,2022-09-18,SF,SEA,160,159,TRUE,TRUE
2022,401437734,2022-09-18,DAL,CIN,175,174,TRUE,TRUE
2022,401437641,2022-09-18,DEN,HOU,180,179,TRUE,TRUE
2022,401437642,2022-09-18,LV,ARI,195,175,TRUE,TRUE
2022,401437606,2022-09-19,GB,CHI,145,143,TRUE,TRUE
2022,401436831,2022-09-19,BUF,TEN,162,160,TRUE,TRUE
2022,401436832,2022-09-20,PHI,MIN,167,165,TRUE,TRUE
2022,401437735,2022-09-23,CLE,PIT,173,172,TRUE,TRUE
2022,401437737,2022-09-25,CHI,HOU,177,175,TRUE,TRUE
2022,401437741,2022-09-25,TEN,LV,168,167,TRUE,TRUE
2022,401437638,2022-09-25,IND,KC,168,167,TRUE,TRUE
2022,401437738,2022-09-25,MIA,BUF,172,171,TRUE,TRUE
2022,401437739,2022-09-25,MIN,DET,189,188,TRUE,TRUE
2022,401437631,2022-09-25,NE,BAL,161,160,TRUE,TRUE
2022,401437740,2022-09-25,NYJ,CIN,187,186,TRUE,TRUE
2022,401437742,2022-09-25,WSH,PHI,186,185,TRUE,TRUE
2022,401437736,2022-09-25,CAR,NO,173,172,TRUE,TRUE
2022,401437743,2022-09-25,LAC,JAX,170,169,TRUE,TRUE
2022,401437744,2022-09-25,ARI,LAR,174,172,TRUE,TRUE
2022,401437745,2022-09-25,SEA,ATL,162,161,TRUE,TRUE
2022,401437607,2022-09-25,TB,GB,169,168,TRUE,TRUE
2022,401437746,2022-09-26,DEN,SF,172,171,TRUE,TRUE
2022,401437747,2022-09-27,NYG,DAL,180,179,TRUE,TRUE
2022,401437748,2022-09-30,CIN,MIA,171,170,TRUE,TRUE
2022,401435639,2022-10-02,NO,MIN,179,178,TRUE,TRUE
2022,401437749,2022-10-02,ATL,CLE,163,162,TRUE,TRUE
2022,401437751,2022-10-02,DAL,WSH,180,179,TRUE,TRUE
2022,401437752,2022-10-02,DET,SEA,184,182,TRUE,TRUE
2022,401437754,2022-10-02,IND,TEN,157,156,TRUE,TRUE
2022,401437755,2022-10-02,NYG,CHI,174,173,TRUE,TRUE
2022,401437756,2022-10-02,PHI,JAX,162,160,TRUE,TRUE
2022,401437757,2022-10-02,PIT,NYJ,174,173,TRUE,TRUE
2022,401437750,2022-10-02,BAL,BUF,170,169,TRUE,TRUE
2022,401437753,2022-10-02,HOU,LAC,170,169,TRUE,TRUE
2022,401437758,2022-10-02,CAR,ARI,163,162,TRUE,TRUE
2022,401437759,2022-10-02,GB,NE,181,153,TRUE,TRUE
2022,401437760,2022-10-02,LV,DEN,170,169,TRUE,TRUE
2022,401437470,2022-10-03,TB,KC,181,179,TRUE,TRUE
2022,401437761,2022-10-04,SF,LAR,163,162,TRUE,TRUE
2022,401437762,2022-10-07,DEN,IND,206,184,TRUE,TRUE
2022,401435640,2022-10-09,GB,NYG,164,163,TRUE,TRUE
2022,401437763,2022-10-09,BUF,PIT,166,165,TRUE,TRUE
2022,401437764,2022-10-09,CLE,LAC,174,172,TRUE,TRUE
2022,401437766,2022-10-09,MIN,CHI,163,162,TRUE,TRUE
2022,401437767,2022-10-09,NE,DET,162,161,TRUE,TRUE
2022,401437768,2022-10-09,NO,SEA,181,180,TRUE,TRUE
2022,401437769,2022-10-09,NYJ,MIA,166,165,TRUE,TRUE
2022,401437770,2022-10-09,TB,ATL,180,178,TRUE,TRUE
2022,401437771,2022-10-09,WSH,TEN,171,170,TRUE,TRUE
2022,401437765,2022-10-09,JAX,HOU,170,169,TRUE,TRUE
2022,401437772,2022-10-09,CAR,SF,176,175,TRUE,TRUE
2022,401437774,2022-10-09,LAR,DAL,164,163,TRUE,TRUE
2022,401437773,2022-10-09,ARI,PHI,180,178,TRUE,TRUE
2022,401437775,2022-10-10,BAL,CIN,166,165,TRUE,TRUE
2022,401437776,2022-10-11,KC,LV,174,173,TRUE,TRUE
2022,401437777,2022-10-14,CHI,WSH,181,179,TRUE,TRUE
2022,401437778,2022-10-16,ATL,SF,158,157,TRUE,TRUE
2022,401437779,2022-10-16,CLE,NE,182,180,TRUE,TRUE
2022,401437780,2022-10-16,GB,NYJ,170,168,TRUE,TRUE
2022,401437781,2022-10-16,IND,JAX,177,175,TRUE,TRUE
2022,401437782,2022-10-16,MIA,MIN,173,171,TRUE,TRUE
2022,401437783,2022-10-16,NO,CIN,172,171,TRUE,TRUE
2022,401437784,2022-10-16,NYG,BAL,164,163,TRUE,TRUE
2022,401437785,2022-10-16,PIT,TB,182,181,TRUE,TRUE
2022,401437786,2022-10-16,LAR,CAR,150,149,TRUE,TRUE
2022,401437787,2022-10-16,SEA,ARI,185,184,TRUE,TRUE
2022,401437788,2022-10-16,KC,BUF,177,176,TRUE,TRUE
2022,401437789,2022-10-17,PHI,DAL,171,170,TRUE,TRUE
2022,401437790,2022-10-18,LAC,DEN,203,175,TRUE,TRUE
2022,401437791,2022-10-21,ARI,NO,180,179,TRUE,TRUE
2022,401437794,2022-10-23,CIN,ATL,150,149,TRUE,TRUE
2022,401437795,2022-10-23,DAL,DET,159,158,TRUE,TRUE
2022,401437797,2022-10-23,TEN,IND,158,157,TRUE,TRUE
2022,401437798,2022-10-23,WSH,GB,169,168,TRUE,TRUE
2022,401437793,2022-10-23,CAR,TB,151,150,TRUE,TRUE
2022,401437796,2022-10-23,JAX,NYG,186,185,TRUE,TRUE
2022,401437792,2022-10-23,BAL,CLE,165,164,TRUE,TRUE
2022,401437799,2022-10-23,DEN,NYJ,181,180,TRUE,TRUE
2022,401437800,2022-10-23,LV,HOU,156,155,TRUE,TRUE
2022,401437801,2022-10-23,LAC,SEA,178,177,TRUE,TRUE
2022,401437802,2022-10-23,SF,KC,179,178,TRUE,TRUE
2022,401437803,2022-10-24,MIA,PIT,178,177,TRUE,TRUE
2022,401437804,2022-10-25,NE,CHI,158,157,TRUE,TRUE
2022,401437805,2022-10-28,TB,BAL,185,184,TRUE,TRUE
2022,401435641,2022-10-30,JAX,DEN,175,174,TRUE,TRUE
2022,401437806,2022-10-30,ATL,CAR,199,175,TRUE,TRUE
2022,401437807,2022-10-30,DAL,CHI,173,171,TRUE,TRUE
2022,401437808,2022-10-30,DET,MIA,160,159,TRUE,TRUE
2022,401437809,2022-10-30,MIN,ARI,191,190,TRUE,TRUE
2022,401437810,2022-10-30,NO,LV,156,155,TRUE,TRUE
2022,401437811,2022-10-30,NYJ,NE,179,178,TRUE,TRUE
2022,401437812,2022-10-30,PHI,PIT,169,168,TRUE,TRUE
2022,401437813,2022-10-30,HOU,TEN,155,154,TRUE,TRUE
2022,401437814,2022-10-30,IND,WSH,156,155,TRUE,TRUE
2022,401437815,2022-10-30,LAR,SF,143,141,TRUE,TRUE
2022,401437816,2022-10-30,SEA,NYG,172,171,TRUE,TRUE
2022,401437817,2022-10-31,BUF,GB,160,159,TRUE,TRUE
2022,401437818,2022-11-01,CLE,CIN,159,158,TRUE,TRUE
2022,401437819,2022-11-04,HOU,PHI,159,158,TRUE,TRUE
2022,401437820,2022-11-06,ATL,LAC,166,165,TRUE,TRUE
2022,401437821,2022-11-06,CHI,MIA,176,175,TRUE,TRUE
2022,401437822,2022-11-06,CIN,CAR,157,156,TRUE,TRUE
2022,401437823,2022-11-06,DET,GB,160,159,TRUE,TRUE
2022,401437825,2022-11-06,NE,IND,171,170,TRUE,TRUE
2022,401437826,2022-11-06,NYJ,BUF,159,158,TRUE,TRUE
2022,401437827,2022-11-06,WSH,MIN,170,169,TRUE,TRUE
2022,401437824,2022-11-06,JAX,LV,168,167,TRUE,TRUE
2022,401437828,2022-11-06,ARI,SEA,179,178,TRUE,TRUE
2022,401437829,2022-11-06,TB,LAR,190,188,TRUE,TRUE
2022,401437830,2022-11-07,KC,TEN,194,170,TRUE,TRUE
2022,401437831,2022-11-08,NO,BAL,160,159,TRUE,TRUE
2022,401437832,2022-11-11,CAR,ATL,173,172,TRUE,TRUE
2022,401435638,2022-11-13,TB,SEA,161,160,TRUE,TRUE
2022,401437833,2022-11-13,BUF,MIN,205,181,TRUE,TRUE
2022,401437834,2022-11-13,CHI,DET,170,169,TRUE,TRUE
2022,401437839,2022-11-13,TEN,DEN,189,188,TRUE,TRUE
2022,401437835,2022-11-13,KC,JAX,161,160,TRUE,TRUE
2022,401437836,2022-11-13,MIA,CLE,165,164,TRUE,TRUE
2022,401437837,2022-11-13,NYG,HOU,178,177,TRUE,TRUE
2022,401437838,2022-11-13,PIT,NO,168,166,TRUE,TRUE
2022,401437840,2022-11-13,LV,IND,168,166,TRUE,TRUE
2022,401437131,2022-11-13,GB,DAL,188,169,TRUE,TRUE
2022,401437841,2022-11-13,LAR,ARI,173,172,TRUE,TRUE
2022,401437842,2022-11-14,SF,LAC,171,170,TRUE,TRUE
2022,401437843,2022-11-15,PHI,WSH,172,171,TRUE,TRUE
2022,401437844,2022-11-18,GB,TEN,158,156,TRUE,TRUE
2022,401437845,2022-11-20,ATL,CHI,161,160,TRUE,TRUE
2022,401437847,2022-11-20,BUF,CLE,185,184,TRUE,TRUE
2022,401437849,2022-11-20,IND,PHI,172,171,TRUE,TRUE
2022,401437850,2022-11-20,NE,NYJ,162,160,TRUE,TRUE
2022,401437851,2022-11-20,NO,LAR,164,162,TRUE,TRUE
2022,401437852,2022-11-20,NYG,DET,178,176,TRUE,TRUE
2022,401437846,2022-11-20,BAL,CAR,169,168,TRUE,TRUE
2022,401437848,2022-11-20,HOU,WSH,165,164,TRUE,TRUE
2022,401437853,2022-11-20,DEN,LV,177,171,TRUE,TRUE
2022,401437855,2022-11-20,MIN,DAL,171,170,TRUE,TRUE
2022,401437856,2022-11-20,PIT,CIN,192,191,TRUE,TRUE
2022,401437854,2022-11-21,LAC,KC,171,170,TRUE,TRUE
2022,401435642,2022-11-22,ARI,SF,162,161,TRUE,TRUE
2022,401437857,2022-11-24,DET,BUF,182,181,TRUE,TRUE
2022,401437858,2022-11-24,DAL,NYG,176,175,TRUE,TRUE
2022,401437859,2022-11-25,MIN,NE,168,167,TRUE,TRUE
2022,401437861,2022-11-27,CLE,TB,196,163,TRUE,TRUE
2022,401437865,2022-11-27,TEN,CIN,169,168,TRUE,TRUE
2022,401437863,2022-11-27,MIA,HOU,177,176,TRUE,TRUE
2022,401437864,2022-11-27,NYJ,CHI,153,152,TRUE,TRUE
2022,401437866,2022-11-27,WSH,ATL,155,154,TRUE,TRUE
2022,401437860,2022-11-27,CAR,DEN,169,168,TRUE,TRUE
2022,401437862,2022-11-27,JAX,BAL,176,175,TRUE,TRUE
2022,401437867,2022-11-27,ARI,LAC,171,170,TRUE,TRUE
2022,401437868,2022-11-27,SEA,LV,186,170,TRUE,TRUE
2022,401437869,2022-11-27,KC,LAR,168,167,TRUE,TRUE
2022,401437870,2022-11-27,SF,NO,159,158,TRUE,TRUE
2022,401437871,2022-11-28,PHI,GB,169,168,TRUE,TRUE
2022,401437872,2022-11-29,IND,PIT,168,168,TRUE,TRUE
2022,401437873,2022-12-02,NE,BUF,163,162,TRUE,TRUE
2022,401437874,2022-12-04,ATL,PIT,161,160,TRUE,TRUE
2022,401437876,2022-12-04,CHI,GB,163,162,TRUE,TRUE
2022,401437877,2022-12-04,DET,JAX,168,167,TRUE,TRUE
2022,401437879,2022-12-04,MIN,NYJ,198,197,TRUE,TRUE
2022,401437881,2022-12-04,PHI,TEN,174,173,TRUE,TRUE
2022,401437875,2022-12-04,BAL,DEN,168,167,TRUE,TRUE
2022,401437878,2022-12-04,HOU,CLE,171,170,TRUE,TRUE
2022,401437882,2022-12-04,LAR,SEA,174,173,TRUE,TRUE
2022,401437883,2022-12-04,SF,MIA,175,174,TRUE,TRUE
2022,401437884,2022-12-04,CIN,KC,160,158,TRUE,TRUE
2022,401437885,2022-12-04,LV,LAC,179,178,TRUE,TRUE
2022,401437886,2022-12-05,DAL,IND,173,171,TRUE,TRUE
2022,401437887,2022-12-06,TB,NO,178,177,TRUE,TRUE
2022,401437888,2022-12-09,LAR,LV,163,162,TRUE,TRUE
2022,401437889,2022-12-11,BUF,NYJ,177,176,TRUE,TRUE
2022,401437890,2022-12-11,CIN,CLE,176,175,TRUE,TRUE
2022,401437891,2022-12-11,DAL,HOU,180,179,TRUE,TRUE
2022,401437892,2022-12-11,DET,MIN,175,174,TRUE,TRUE
2022,401437895,2022-12-11,TEN,JAX,177,175,TRUE,TRUE
2022,401437893,2022-12-11,NYG,PHI,167,166,TRUE,TRUE
2022,401437894,2022-12-11,PIT,BAL,148,147,TRUE,TRUE
2022,401437899,2022-12-11,DEN,KC,182,181,TRUE,TRUE
2022,401437897,2022-12-11,SF,TB,171,170,TRUE,TRUE
2022,401437898,2022-12-11,SEA,CAR,163,162,TRUE,TRUE
2022,401437896,2022-12-12,LAC,MIA,175,174,TRUE,TRUE
2022,401437900,2022-12-13,ARI,NE,174,173,TRUE,TRUE
2022,401437901,2022-12-16,SEA,SF,168,167,TRUE,TRUE
2022,401437904,2022-12-17,MIN,IND,234,200,TRUE,TRUE
2022,401437903,2022-12-17,CLE,BAL,162,161,TRUE,TRUE
2022,401437902,2022-12-18,BUF,MIA,180,178,TRUE,TRUE
2022,401437908,2022-12-18,CHI,PHI,185,184,TRUE,TRUE
2022,401437905,2022-12-18,NO,ATL,164,163,TRUE,TRUE
2022,401437911,2022-12-18,NYJ,DET,170,169,TRUE,TRUE
2022,401437907,2022-12-18,CAR,PIT,156,154,TRUE,TRUE
2022,401437910,2022-12-18,JAX,DAL,190,178,TRUE,TRUE
2022,401437909,2022-12-18,HOU,KC,180,166,TRUE,TRUE
2022,401437912,2022-12-18,DEN,ARI,175,173,TRUE,TRUE
2022,401437915,2022-12-18,LV,NE,186,185,TRUE,TRUE
2022,401437913,2022-12-18,LAC,TEN,176,175,TRUE,TRUE
2022,401437914,2022-12-18,TB,CIN,175,174,TRUE,TRUE
2022,401437906,2022-12-19,WSH,NYG,168,167,TRUE,TRUE
2022,401437916,2022-12-20,GB,LAR,152,151,TRUE,TRUE
2022,401437917,2022-12-23,NYJ,JAX,173,172,TRUE,TRUE
2022,401437920,2022-12-24,CHI,BUF,160,159,TRUE,TRUE
2022,401437921,2022-12-24,CLE,NO,159,158,TRUE,TRUE
2022,401437922,2022-12-24,KC,SEA,168,167,TRUE,TRUE
2022,401437923,2022-12-24,MIN,NYG,182,180,TRUE,TRUE
2022,401437924,2022-12-24,NE,CIN,180,179,TRUE,TRUE
2022,401437919,2022-12-24,CAR,DET,174,173,TRUE,TRUE
2022,401437918,2022-12-24,BAL,ATL,157,156,TRUE,TRUE
2022,401437925,2022-12-24,TEN,HOU,166,165,TRUE,TRUE
2022,401437926,2022-12-24,SF,WSH,165,164,TRUE,TRUE
2022,401437927,2022-12-24,DAL,PHI,183,181,TRUE,TRUE
2022,401437928,2022-12-25,PIT,LV,156,155,TRUE,TRUE
2022,401437929,2022-12-25,MIA,GB,158,157,TRUE,TRUE
2022,401436983,2022-12-25,LAR,DEN,163,162,TRUE,TRUE
2022,401437930,2022-12-26,ARI,TB,209,188,TRUE,TRUE
2022,401437931,2022-12-27,IND,LAC,152,151,TRUE,TRUE
2022,401437932,2022-12-30,TEN,DAL,180,179,TRUE,TRUE
2022,401437933,2023-01-01,ATL,ARI,179,178,TRUE,TRUE
2022,401437935,2023-01-01,DET,CHI,162,161,TRUE,TRUE
2022,401437937,2023-01-01,KC,DEN,165,164,TRUE,TRUE
2022,401437938,2023-01-01,NE,MIA,174,172,TRUE,TRUE
2022,401437939,2023-01-01,NYG,IND,150,149,TRUE,TRUE
2022,401437940,2023-01-01,PHI,NO,167,166,TRUE,TRUE
2022,401437941,2023-01-01,TB,CAR,189,188,TRUE,TRUE
2022,401437942,2023-01-01,WSH,CLE,161,160,TRUE,TRUE
2022,401437936,2023-01-01,HOU,JAX,166,165,TRUE,TRUE
2022,401437943,2023-01-01,LV,SF,179,170,TRUE,TRUE
2022,401437944,2023-01-01,SEA,NYJ,185,184,TRUE,TRUE
2022,401437945,2023-01-01,GB,MIN,161,159,TRUE,TRUE
2022,401437946,2023-01-01,LAC,LAR,145,144,TRUE,TRUE
2022,401437934,2023-01-02,BAL,PIT,159,158,TRUE,TRUE
2022,401437961,2023-01-07,LV,KC,162,161,TRUE,TRUE
2022,401437954,2023-01-08,JAX,TEN,164,163,TRUE,TRUE
2022,401437948,2023-01-08,ATL,TB,159,158,TRUE,TRUE
2022,401437949,2023-01-08,BUF,NE,158,157,TRUE,TRUE
2022,401437950,2023-01-08,CHI,MIN,164,163,TRUE,TRUE
2022,401437951,2023-01-08,CIN,BAL,185,184,TRUE,TRUE
2022,401437953,2023-01-08,IND,HOU,175,174,TRUE,TRUE
2022,401437955,2023-01-08,MIA,NYJ,162,161,TRUE,TRUE
2022,401437956,2023-01-08,NO,CAR,154,153,TRUE,TRUE
2022,401437958,2023-01-08,PIT,CLE,172,171,TRUE,TRUE
2022,401437960,2023-01-08,DEN,LAC,171,170,TRUE,TRUE
2022,401437957,2023-01-08,PHI,NYG,182,181,TRUE,TRUE
2022,401437962,2023-01-08,SF,ARI,148,147,TRUE,TRUE
2022,401437963,2023-01-08,SEA,LAR,185,166,TRUE,TRUE
2022,401437959,2023-01-08,WSH,DAL,175,174,TRUE,TRUE
2022,401437952,2023-01-09,GB,DET,164,163,TRUE,TRUE
2023,401547353,2023-09-08,KC,DET,191,190,TRUE,TRUE
2023,401547403,2023-09-10,ATL,CAR,177,176,TRUE,TRUE
2023,401547397,2023-09-10,CLE,CIN,186,185,TRUE,TRUE
2023,401547404,2023-09-10,IND,JAX,192,191,TRUE,TRUE
2023,401547398,2023-09-10,MIN,TB,188,187,TRUE,TRUE
2023,401547399,2023-09-10,NO,TEN,186,184,TRUE,TRUE
2023,401547405,2023-09-10,PIT,SF,192,191,TRUE,TRUE
2023,401547406,2023-09-10,WSH,ARI,188,187,TRUE,TRUE
2023,401547396,2023-09-10,BAL,HOU,200,199,TRUE,TRUE
2023,401547407,2023-09-10,CHI,GB,189,188,TRUE,TRUE
2023,401547400,2023-09-10,DEN,LV,167,166,TRUE,TRUE
2023,401547402,2023-09-10,NE,PHI,199,198,TRUE,TRUE
2023,401547401,2023-09-10,LAC,MIA,201,200,TRUE,TRUE
2023,401547408,2023-09-10,SEA,LAR,188,187,TRUE,TRUE
2023,401547409,2023-09-11,NYG,DAL,180,179,TRUE,TRUE
2023,401547352,2023-09-12,NYJ,BUF,180,172,TRUE,TRUE
2023,401547410,2023-09-15,PHI,MIN,190,187,TRUE,TRUE
2023,401547417,2023-09-17,ATL,GB,187,186,TRUE,TRUE
2023,401547411,2023-09-17,BUF,LV,163,161,TRUE,TRUE
2023,401547412,2023-09-17,CIN,BAL,185,184,TRUE,TRUE
2023,401547418,2023-09-17,DET,SEA,187,175,TRUE,TRUE
2023,401547414,2023-09-17,TEN,LAC,190,174,TRUE,TRUE
2023,401547420,2023-09-17,TB,CHI,175,174,TRUE,TRUE
2023,401547413,2023-09-17,JAX,KC,188,185,TRUE,TRUE
2023,401547419,2023-09-17,HOU,IND,200,199,TRUE,TRUE
2023,401547422,2023-09-17,LAR,SF,192,191,TRUE,TRUE
2023,401547421,2023-09-17,ARI,NYG,192,190,TRUE,TRUE
2023,401547415,2023-09-17,DAL,NYJ,187,186,TRUE,TRUE
2023,401547416,2023-09-17,DEN,WSH,199,198,TRUE,TRUE
2023,401547423,2023-09-18,NE,MIA,185,184,TRUE,TRUE
2023,401547425,2023-09-18,CAR,NO,199,198,TRUE,TRUE
2023,401547424,2023-09-19,PIT,CLE,184,182,TRUE,TRUE
2023,401547426,2023-09-22,SF,NYG,188,187,TRUE,TRUE
2023,401547428,2023-09-24,CLE,TEN,172,171,TRUE,TRUE
2023,401547433,2023-09-24,DET,ATL,195,194,TRUE,TRUE
2023,401547434,2023-09-24,GB,NO,195,194,TRUE,TRUE
2023,401547429,2023-09-24,MIA,DEN,188,187,TRUE,TRUE
2023,401547436,2023-09-24,MIN,LAC,199,198,TRUE,TRUE
2023,401547430,2023-09-24,NYJ,NE,203,202,TRUE,TRUE
2023,401547431,2023-09-24,WSH,BUF,169,168,TRUE,TRUE
2023,401547435,2023-09-24,JAX,HOU,186,185,TRUE,TRUE
2023,401547427,2023-09-24,BAL,IND,227,197,TRUE,TRUE
2023,401547432,2023-09-24,SEA,CAR,218,217,TRUE,TRUE
2023,401547438,2023-09-24,KC,CHI,176,175,TRUE,TRUE
2023,401547437,2023-09-24,ARI,DAL,195,194,TRUE,TRUE
2023,401547439,2023-09-25,LV,PIT,191,190,TRUE,TRUE
2023,401547440,2023-09-25,TB,PHI,169,168,TRUE,TRUE
2023,401547441,2023-09-26,CIN,LAR,195,194,TRUE,TRUE
2023,401547442,2023-09-29,GB,DET,189,188,TRUE,TRUE
2023,401547227,2023-10-01,JAX,ATL,175,174,TRUE,TRUE
2023,401547443,2023-10-01,BUF,MIA,169,168,TRUE,TRUE
2023,401547444,2023-10-01,CHI,DEN,173,171,TRUE,TRUE
2023,401547445,2023-10-01,CLE,BAL,183,182,TRUE,TRUE
2023,401547452,2023-10-01,TEN,CIN,168,167,TRUE,TRUE
2023,401547449,2023-10-01,IND,LAR,202,189,TRUE,TRUE
2023,401547450,2023-10-01,NO,TB,192,190,TRUE,TRUE
2023,401547451,2023-10-01,PHI,WSH,207,190,TRUE,TRUE
2023,401547448,2023-10-01,CAR,MIN,169,168,TRUE,TRUE
2023,401547446,2023-10-01,HOU,PIT,181,180,TRUE,TRUE
2023,401547447,2023-10-01,LAC,LV,184,183,TRUE,TRUE
2023,401547453,2023-10-01,DAL,NE,180,179,TRUE,TRUE
2023,401547454,2023-10-01,SF,ARI,171,170,TRUE,TRUE
2023,401547455,2023-10-02,NYJ,KC,184,181,TRUE,TRUE
2023,401547456,2023-10-03,NYG,SEA,182,181,TRUE,TRUE
2023,401547457,2023-10-06,WSH,CHI,189,188,TRUE,TRUE
2023,401547228,2023-10-08,BUF,JAX,200,198,TRUE,TRUE
2023,401547463,2023-10-08,ATL,HOU,200,199,TRUE,TRUE
2023,401547464,2023-10-08,DET,CAR,176,175,TRUE,TRUE
2023,401547458,2023-10-08,IND,TEN,175,174,TRUE,TRUE
2023,401547465,2023-10-08,MIA,NYG,179,178,TRUE,TRUE
2023,401547459,2023-10-08,NE,NO,186,185,TRUE,TRUE
2023,401547460,2023-10-08,PIT,BAL,186,185,TRUE,TRUE
2023,401547467,2023-10-08,LAR,PHI,183,182,TRUE,TRUE
2023,401547466,2023-10-08,ARI,CIN,191,190,TRUE,TRUE
2023,401547461,2023-10-08,DEN,NYJ,187,186,TRUE,TRUE
2023,401547462,2023-10-08,MIN,KC,187,186,TRUE,TRUE
2023,401547354,2023-10-09,SF,DAL,171,170,TRUE,TRUE
2023,401547468,2023-10-10,LV,GB,177,176,TRUE,TRUE
2023,401547469,2023-10-13,KC,DEN,173,172,TRUE,TRUE
2023,401547229,2023-10-15,TEN,BAL,183,182,TRUE,TRUE
2023,401547470,2023-10-15,ATL,WSH,184,183,TRUE,TRUE
2023,401547475,2023-10-15,CHI,MIN,181,180,TRUE,TRUE
2023,401547471,2023-10-15,CIN,SEA,179,178,TRUE,TRUE
2023,401547476,2023-10-15,CLE,SF,203,202,TRUE,TRUE
2023,401547473,2023-10-15,MIA,CAR,185,184,TRUE,TRUE
2023,401547472,2023-10-15,JAX,IND,200,199,TRUE,TRUE
2023,401547477,2023-10-15,HOU,NO,195,194,TRUE,TRUE
2023,401547474,2023-10-15,LV,NE,184,183,TRUE,TRUE
2023,401547479,2023-10-15,LAR,ARI,190,189,TRUE,TRUE
2023,401547480,2023-10-15,NYJ,PHI,185,183,TRUE,TRUE
2023,401547478,2023-10-15,TB,DET,177,176,TRUE,TRUE
2023,401547481,2023-10-16,BUF,NYG,192,190,TRUE,TRUE
2023,401547482,2023-10-17,LAC,DAL,186,185,TRUE,TRUE
2023,401547483,2023-10-20,NO,JAX,200,199,TRUE,TRUE
2023,401547490,2023-10-22,CHI,LV,185,184,TRUE,TRUE
2023,401547484,2023-10-22,IND,CLE,213,211,TRUE,TRUE
2023,401547485,2023-10-22,NE,BUF,183,182,TRUE,TRUE
2023,401547486,2023-10-22,NYG,WSH,195,194,TRUE,TRUE
2023,401547491,2023-10-22,TB,ATL,191,189,TRUE,TRUE
2023,401547489,2023-10-22,BAL,DET,175,173,TRUE,TRUE
2023,401547492,2023-10-22,LAR,PIT,176,175,TRUE,TRUE
2023,401547493,2023-10-22,SEA,ARI,176,175,TRUE,TRUE
2023,401547487,2023-10-22,DEN,GB,186,184,TRUE,TRUE
2023,401547488,2023-10-22,KC,LAC,177,176,TRUE,TRUE
2023,401547494,2023-10-23,PHI,MIA,169,168,TRUE,TRUE
2023,401547495,2023-10-24,MIN,SF,175,174,TRUE,TRUE
2023,401547496,2023-10-27,BUF,TB,199,198,TRUE,TRUE
2023,401547505,2023-10-29,DAL,LAR,179,178,TRUE,TRUE
2023,401547506,2023-10-29,GB,MIN,192,190,TRUE,TRUE
2023,401547500,2023-10-29,TEN,ATL,198,197,TRUE,TRUE
2023,401547507,2023-10-29,IND,NO,198,197,TRUE,TRUE
2023,401547497,2023-10-29,MIA,NE,178,177,TRUE,TRUE
2023,401547498,2023-10-29,NYG,NYJ,211,194,TRUE,TRUE
2023,401547499,2023-10-29,PIT,JAX,193,192,TRUE,TRUE
2023,401547508,2023-10-29,WSH,PHI,188,187,TRUE,TRUE
2023,401547504,2023-10-29,CAR,HOU,180,179,TRUE,TRUE
2023,401547509,2023-10-29,SEA,CLE,186,184,TRUE,TRUE
2023,401547502,2023-10-29,DEN,KC,183,182,TRUE,TRUE
2023,401547501,2023-10-29,ARI,BAL,190,189,TRUE,TRUE
2023,401547503,2023-10-29,SF,CIN,172,171,TRUE,TRUE
2023,401547510,2023-10-30,LAC,CHI,181,180,TRUE,TRUE
2023,401547511,2023-10-31,DET,LV,182,181,TRUE,TRUE
2023,401547512,2023-11-03,PIT,TEN,192,191,TRUE,TRUE
2023,401547230,2023-11-05,KC,MIA,170,169,TRUE,TRUE
2023,401547518,2023-11-05,ATL,MIN,202,201,TRUE,TRUE
2023,401547514,2023-11-05,CLE,ARI,180,179,TRUE,TRUE
2023,401547519,2023-11-05,GB,LAR,187,186,TRUE,TRUE
2023,401547520,2023-11-05,NE,WSH,193,191,TRUE,TRUE
2023,401547516,2023-11-05,NO,CHI,183,182,TRUE,TRUE
2023,401547513,2023-11-05,BAL,SEA,182,181,TRUE,TRUE
2023,401547515,2023-11-05,HOU,TB,193,192,TRUE,TRUE
2023,401547517,2023-11-05,CAR,IND,189,188,TRUE,TRUE
2023,401547521,2023-11-05,LV,NYG,181,180,TRUE,TRUE
2023,401547522,2023-11-05,PHI,DAL,193,192,TRUE,TRUE
2023,401547523,2023-11-06,CIN,BUF,177,176,TRUE,TRUE
2023,401547524,2023-11-07,NYJ,LAC,196,195,TRUE,TRUE
2023,401547525,2023-11-10,CHI,CAR,191,190,TRUE,TRUE
2023,401547231,2023-11-12,NE,IND,180,178,TRUE,TRUE
2023,401547526,2023-11-12,CIN,HOU,196,195,TRUE,TRUE
2023,401547533,2023-11-12,MIN,NO,195,194,TRUE,TRUE
2023,401547527,2023-11-12,PIT,GB,189,188,TRUE,TRUE
2023,401547528,2023-11-12,TB,TEN,177,176,TRUE,TRUE
2023,401547532,2023-11-12,JAX,SF,171,170,TRUE,TRUE
2023,401547531,2023-11-12,BAL,CLE,196,195,TRUE,TRUE
2023,401547529,2023-11-12,ARI,ATL,191,190,TRUE,TRUE
2023,401547530,2023-11-12,LAC,DET,187,186,TRUE,TRUE
2023,401547534,2023-11-12,DAL,NYG,191,190,TRUE,TRUE
2023,401547535,2023-11-12,SEA,WSH,211,210,TRUE,TRUE
2023,401547536,2023-11-13,LV,NYJ,187,185,TRUE,TRUE
2023,401547537,2023-11-14,BUF,DEN,188,187,TRUE,TRUE
2023,401547538,2023-11-17,BAL,CIN,182,180,TRUE,TRUE
2023,401547539,2023-11-19,CLE,PIT,193,192,TRUE,TRUE
2023,401547546,2023-11-19,DET,CHI,189,188,TRUE,TRUE
2023,401547547,2023-11-19,GB,LAC,190,188,TRUE,TRUE
2023,401547542,2023-11-19,MIA,LV,184,183,TRUE,TRUE
2023,401547548,2023-11-19,WSH,NYG,190,189,TRUE,TRUE
2023,401547545,2023-11-19,CAR,DAL,186,185,TRUE,TRUE
2023,401547541,2023-11-19,JAX,TEN,160,159,TRUE,TRUE
2023,401547540,2023-11-19,HOU,ARI,170,168,TRUE,TRUE
2023,401547549,2023-11-19,SF,TB,177,176,TRUE,TRUE
2023,401547543,2023-11-19,BUF,NYJ,187,186,TRUE,TRUE
2023,401547544,2023-11-19,LAR,SEA,191,190,TRUE,TRUE
2023,401547550,2023-11-20,DEN,MIN,185,184,TRUE,TRUE
2023,401547345,2023-11-21,KC,PHI,191,190,TRUE,TRUE
2023,401547552,2023-11-23,DET,GB,185,184,TRUE,TRUE
2023,401547551,2023-11-23,DAL,WSH,180,179,TRUE,TRUE
2023,401547553,2023-11-24,SEA,SF,177,176,TRUE,TRUE
2023,401547242,2023-11-24,NYJ,MIA,176,174,TRUE,TRUE
2023,401547559,2023-11-26,ATL,NO,186,185,TRUE,TRUE
2023,401547554,2023-11-26,CIN,PIT,167,166,TRUE,TRUE
2023,401547561,2023-11-26,TEN,CAR,178,177,TRUE,TRUE
2023,401547556,2023-11-26,IND,TB,184,183,TRUE,TRUE
2023,401547560,2023-11-26,NYG,NE,171,170,TRUE,TRUE
2023,401547555,2023-11-26,HOU,JAX,193,192,TRUE,TRUE
2023,401547563,2023-11-26,DEN,CLE,199,198,TRUE,TRUE
2023,401547562,2023-11-26,ARI,LAR,186,185,TRUE,TRUE
2023,401547557,2023-11-26,LV,KC,164,163,TRUE,TRUE
2023,401547558,2023-11-26,PHI,BUF,225,199,TRUE,TRUE
2023,401547564,2023-11-27,LAC,BAL,190,189,TRUE,TRUE
2023,401547565,2023-11-28,MIN,CHI,173,172,TRUE,TRUE
2023,401547566,2023-12-01,DAL,SEA,208,207,TRUE,TRUE
2023,401547570,2023-12-03,TEN,IND,221,197,TRUE,TRUE
2023,401547567,2023-12-03,NE,LAC,178,176,TRUE,TRUE
2023,401547572,2023-12-03,NO,DET,178,176,TRUE,TRUE
2023,401547573,2023-12-03,NYJ,ATL,196,195,TRUE,TRUE
2023,401547568,2023-12-03,PIT,ARI,177,176,TRUE,TRUE
2023,401547574,2023-12-03,WSH,MIA,159,158,TRUE,TRUE
2023,401547571,2023-12-03,HOU,DEN,188,187,TRUE,TRUE
2023,401547569,2023-12-03,TB,CAR,183,182,TRUE,TRUE
2023,401547575,2023-12-03,LAR,CLE,193,192,TRUE,TRUE
2023,401547276,2023-12-03,PHI,SF,178,177,TRUE,TRUE
2023,401547576,2023-12-04,GB,KC,179,177,TRUE,TRUE
2023,401547577,2023-12-05,JAX,CIN,209,180,TRUE,TRUE
2023,401547578,2023-12-08,PIT,NE,181,179,TRUE,TRUE
2023,401547579,2023-12-10,ATL,TB,197,195,TRUE,TRUE
2023,401547586,2023-12-10,CHI,DET,186,185,TRUE,TRUE
2023,401547580,2023-12-10,CIN,IND,179,177,TRUE,TRUE
2023,401547581,2023-12-10,CLE,JAX,221,220,TRUE,TRUE
2023,401547587,2023-12-10,NO,CAR,180,179,TRUE,TRUE
2023,401547582,2023-12-10,NYJ,HOU,179,178,TRUE,TRUE
2023,401547585,2023-12-10,BAL,LAR,217,205,TRUE,TRUE
2023,401547588,2023-12-10,LV,MIN,184,183,TRUE,TRUE
2023,401547589,2023-12-10,SF,SEA,163,162,TRUE,TRUE
2023,401547583,2023-12-10,KC,BUF,189,188,TRUE,TRUE
2023,401547584,2023-12-10,LAC,DEN,183,182,TRUE,TRUE
2023,401547590,2023-12-11,DAL,PHI,185,184,TRUE,TRUE
2023,401547592,2023-12-12,MIA,TEN,202,201,TRUE,TRUE
2023,401547591,2023-12-12,NYG,GB,181,180,TRUE,TRUE
2023,401547593,2023-12-15,LV,LAC,187,186,TRUE,TRUE
2023,401547604,2023-12-16,CIN,MIN,193,173,TRUE,TRUE
2023,401547607,2023-12-16,IND,PIT,175,173,TRUE,TRUE
2023,401547606,2023-12-17,DET,DEN,180,179,TRUE,TRUE
2023,401547605,2023-12-17,CLE,CHI,207,206,TRUE,TRUE
2023,401547598,2023-12-17,GB,TB,172,171,TRUE,TRUE
2023,401547595,2023-12-17,TEN,HOU,203,174,TRUE,TRUE
2023,401547594,2023-12-17,MIA,NYJ,173,172,TRUE,TRUE
2023,401547608,2023-12-17,NE,KC,171,170,TRUE,TRUE
2023,401547599,2023-12-17,NO,NYG,177,175,TRUE,TRUE
2023,401547603,2023-12-17,CAR,ATL,168,167,TRUE,TRUE
2023,401547597,2023-12-17,LAR,WSH,187,186,TRUE,TRUE
2023,401547596,2023-12-17,ARI,SF,181,180,TRUE,TRUE
2023,401547600,2023-12-17,BUF,DAL,169,167,TRUE,TRUE
2023,401547602,2023-12-18,JAX,BAL,187,186,TRUE,TRUE
2023,401547601,2023-12-19,SEA,PHI,185,184,TRUE,TRUE
2023,401547609,2023-12-22,LAR,NO,179,178,TRUE,TRUE
2023,401547610,2023-12-23,PIT,CIN,167,166,TRUE,TRUE
2023,401547611,2023-12-24,LAC,BUF,178,177,TRUE,TRUE
2023,401547616,2023-12-24,ATL,IND,191,190,TRUE,TRUE
2023,401547614,2023-12-24,TEN,SEA,178,177,TRUE,TRUE
2023,401547618,2023-12-24,MIN,DET,190,188,TRUE,TRUE
2023,401547613,2023-12-24,NYJ,WSH,216,214,TRUE,TRUE
2023,401547617,2023-12-24,CAR,GB,186,185,TRUE,TRUE
2023,401547612,2023-12-24,HOU,CLE,207,206,TRUE,TRUE
2023,401547615,2023-12-24,TB,JAX,184,183,TRUE,TRUE
2023,401547619,2023-12-24,CHI,ARI,188,187,TRUE,TRUE
2023,401547620,2023-12-24,MIA,DAL,189,188,TRUE,TRUE
2023,401547621,2023-12-25,DEN,NE,186,184,TRUE,TRUE
2023,401547351,2023-12-25,KC,LV,182,181,TRUE,TRUE
2023,401547241,2023-12-25,PHI,NYG,196,195,TRUE,TRUE
2023,401547622,2023-12-26,SF,BAL,192,191,TRUE,TRUE
2023,401547623,2023-12-29,CLE,NYJ,195,193,TRUE,TRUE
2023,401547624,2023-12-31,DAL,DET,188,187,TRUE,TRUE
2023,401547626,2023-12-31,BUF,NE,176,174,TRUE,TRUE
2023,401547627,2023-12-31,CHI,ATL,189,188,TRUE,TRUE
2023,401547628,2023-12-31,IND,LV,189,188,TRUE,TRUE
2023,401547632,2023-12-31,NYG,LAR,190,189,TRUE,TRUE
2023,401547633,2023-12-31,PHI,ARI,171,170,TRUE,TRUE
2023,401547634,2023-12-31,TB,NO,180,179,TRUE,TRUE
2023,401547635,2023-12-31,WSH,SF,159,157,TRUE,TRUE
2023,401547629,2023-12-31,JAX,CAR,162,160,TRUE,TRUE
2023,401547625,2023-12-31,BAL,MIA,179,178,TRUE,TRUE
2023,401547631,2023-12-31,HOU,TEN,163,162,TRUE,TRUE
2023,401547636,2023-12-31,SEA,PIT,177,176,TRUE,TRUE
2023,401547630,2023-12-31,DEN,LAC,194,193,TRUE,TRUE
2023,401547235,2023-12-31,KC,CIN,180,178,TRUE,TRUE
2023,401547637,2024-01-01,MIN,GB,178,177,TRUE,TRUE
2023,401547639,2024-01-06,BAL,PIT,176,175,TRUE,TRUE
2023,401547644,2024-01-07,IND,HOU,184,183,TRUE,TRUE
2023,401547641,2024-01-07,CIN,CLE,173,170,TRUE,TRUE
2023,401547642,2024-01-07,DET,MIN,184,183,TRUE,TRUE
2023,401547652,2024-01-07,TEN,JAX,174,173,TRUE,TRUE
2023,401547648,2024-01-07,NE,NYJ,179,178,TRUE,TRUE
2023,401547649,2024-01-07,NO,ATL,186,185,TRUE,TRUE
2023,401547640,2024-01-07,CAR,TB,168,166,TRUE,TRUE
2023,401547643,2024-01-07,GB,CHI,151,150,TRUE,TRUE
2023,401547646,2024-01-07,LV,DEN,180,179,TRUE,TRUE
2023,401547650,2024-01-07,NYG,PHI,179,177,TRUE,TRUE
2023,401547638,2024-01-07,ARI,SEA,180,178,TRUE,TRUE
2023,401547645,2024-01-07,LAC,KC,198,196,TRUE,TRUE
2023,401547651,2024-01-07,SF,LAR,168,167,TRUE,TRUE
2023,401547653,2024-01-07,WSH,DAL,165,164,TRUE,TRUE
2023,401547647,2024-01-08,MIA,BUF,176,175,TRUE,TRUE
2024,401671789,2024-09-06,KC,BAL,188,187,TRUE,TRUE
2024,401671805,2024-09-07,PHI,GB,203,202,TRUE,TRUE
2024,401671744,2024-09-08,ATL,PIT,185,184,TRUE,TRUE
2024,401671617,2024-09-08,BUF,ARI,172,171,TRUE,TRUE
2024,401671719,2024-09-08,CHI,TEN,179,178,TRUE,TRUE
2024,401671628,2024-09-08,CIN,NE,167,166,TRUE,TRUE
2024,401671861,2024-09-08,IND,HOU,176,175,TRUE,TRUE
2024,401671849,2024-09-08,MIA,JAX,185,184,TRUE,TRUE
2024,401671734,2024-09-08,NO,CAR,176,175,TRUE,TRUE
2024,401671712,2024-09-08,NYG,MIN,178,177,TRUE,TRUE
2024,401671659,2024-09-08,LAC,LV,172,171,TRUE,TRUE
2024,401671664,2024-09-08,SEA,DEN,203,201,TRUE,TRUE
2024,401671761,2024-09-08,CLE,DAL,201,200,TRUE,TRUE
2024,401671770,2024-09-08,TB,WSH,171,170,TRUE,TRUE
2024,401671792,2024-09-09,DET,LAR,192,180,TRUE,TRUE
2024,401671696,2024-09-10,SF,NYJ,175,174,TRUE,TRUE
2024,401671807,2024-09-13,MIA,BUF,173,171,TRUE,TRUE
2024,401671709,2024-09-15,DAL,NO,177,176,TRUE,TRUE
2024,401671721,2024-09-15,DET,TB,190,188,TRUE,TRUE
2024,401671723,2024-09-15,GB,IND,176,175,TRUE,TRUE
2024,401671636,2024-09-15,TEN,NYJ,174,173,TRUE,TRUE
2024,401671645,2024-09-15,MIN,SF,176,175,TRUE,TRUE
2024,401671702,2024-09-15,NE,SEA,201,183,TRUE,TRUE
2024,401671716,2024-09-15,WSH,NYG,181,180,TRUE,TRUE
2024,401671652,2024-09-15,CAR,LAC,169,168,TRUE,TRUE
2024,401671635,2024-09-15,JAX,CLE,189,188,TRUE,TRUE
2024,401671624,2024-09-15,BAL,LV,192,191,TRUE,TRUE
2024,401671754,2024-09-15,ARI,LAR,163,162,TRUE,TRUE
2024,401671668,2024-09-15,DEN,PIT,184,183,TRUE,TRUE
2024,401671670,2024-09-15,KC,CIN,184,181,TRUE,TRUE
2024,401671786,2024-09-16,HOU,CHI,193,192,TRUE,TRUE
2024,401671691,2024-09-17,PHI,ATL,182,181,TRUE,TRUE
2024,401671808,2024-09-20,NYJ,NE,171,169,TRUE,TRUE
2024,401671855,2024-09-22,CLE,NYG,194,193,TRUE,TRUE
2024,401671823,2024-09-22,TEN,GB,174,173,TRUE,TRUE
2024,401671865,2024-09-22,IND,CHI,199,198,TRUE,TRUE
2024,401671646,2024-09-22,MIN,HOU,188,187,TRUE,TRUE
2024,401671736,2024-09-22,NO,PHI,175,174,TRUE,TRUE
2024,401671632,2024-09-22,PIT,LAC,168,166,TRUE,TRUE
2024,401671741,2024-09-22,TB,DEN,168,167,TRUE,TRUE
2024,401671658,2024-09-22,LV,CAR,194,193,TRUE,TRUE
2024,401671662,2024-09-22,SEA,MIA,181,180,TRUE,TRUE
2024,401671763,2024-09-22,DAL,BAL,196,195,TRUE,TRUE
2024,401671772,2024-09-22,LAR,SF,183,182,TRUE,TRUE
2024,401671771,2024-09-22,ARI,DET,182,180,TRUE,TRUE
2024,401671793,2024-09-23,ATL,KC,185,183,TRUE,TRUE
2024,401671682,2024-09-23,BUF,JAX,186,184,TRUE,TRUE
2024,401671490,2024-09-24,CIN,WSH,168,166,TRUE,TRUE
2024,401671812,2024-09-27,NYG,DAL,177,175,TRUE,TRUE
2024,401671727,2024-09-29,ATL,NO,185,184,TRUE,TRUE
2024,401671871,2024-09-29,CHI,LAR,175,174,TRUE,TRUE
2024,401671643,2024-09-29,GB,MIN,200,199,TRUE,TRUE
2024,401671867,2024-09-29,IND,PIT,186,185,TRUE,TRUE
2024,401671622,2024-09-29,NYJ,DEN,196,195,TRUE,TRUE
2024,401671740,2024-09-29,TB,PHI,184,182,TRUE,TRUE
2024,401671745,2024-09-29,CAR,CIN,196,194,TRUE,TRUE
2024,401671857,2024-09-29,HOU,JAX,190,189,TRUE,TRUE
2024,401671755,2024-09-29,ARI,WSH,175,174,TRUE,TRUE
2024,401671758,2024-09-29,SF,NE,180,179,TRUE,TRUE
2024,401671672,2024-09-29,LV,CLE,169,168,TRUE,TRUE
2024,401671674,2024-09-29,LAC,KC,173,172,TRUE,TRUE
2024,401671783,2024-09-30,BAL,BUF,164,163,TRUE,TRUE
2024,401671683,2024-09-30,MIA,TEN,187,186,TRUE,TRUE
2024,401671491,2024-10-01,DET,SEA,192,190,TRUE,TRUE
2024,401671815,2024-10-04,ATL,TB,199,192,TRUE,TRUE
2024,401671804,2024-10-06,MIN,NYJ,202,200,TRUE,TRUE
2024,401671872,2024-10-06,CHI,CAR,183,182,TRUE,TRUE
2024,401671626,2024-10-06,CIN,BAL,208,188,TRUE,TRUE
2024,401671700,2024-10-06,NE,MIA,193,192,TRUE,TRUE
2024,401671718,2024-10-06,WSH,CLE,193,192,TRUE,TRUE
2024,401671633,2024-10-06,JAX,IND,186,185,TRUE,TRUE
2024,401671859,2024-10-06,HOU,BUF,190,188,TRUE,TRUE
2024,401671747,2024-10-06,DEN,LV,191,190,TRUE,TRUE
2024,401671756,2024-10-06,SF,ARI,175,174,TRUE,TRUE
2024,401671679,2024-10-06,LAR,GB,191,190,TRUE,TRUE
2024,401671680,2024-10-06,SEA,NYG,183,182,TRUE,TRUE
2024,401671784,2024-10-07,PIT,DAL,193,191,TRUE,TRUE
2024,401671687,2024-10-08,KC,NO,191,190,TRUE,TRUE
2024,401671819,2024-10-11,SEA,SF,196,195,TRUE,TRUE
2024,401671802,2024-10-13,CHI,JAX,175,174,TRUE,TRUE
2024,401671722,2024-10-13,GB,ARI,187,186,TRUE,TRUE
2024,401671820,2024-10-13,TEN,IND,181,180,TRUE,TRUE
2024,401671619,2024-10-13,NE,HOU,184,183,TRUE,TRUE
2024,401671735,2024-10-13,NO,TB,205,204,TRUE,TRUE
2024,401671714,2024-10-13,PHI,CLE,176,175,TRUE,TRUE
2024,401671625,2024-10-13,BAL,WSH,183,182,TRUE,TRUE
2024,401671655,2024-10-13,DEN,LAC,186,185,TRUE,TRUE
2024,401671657,2024-10-13,LV,PIT,178,176,TRUE,TRUE
2024,401671764,2024-10-13,DAL,DET,186,184,TRUE,TRUE
2024,401671769,2024-10-13,CAR,ATL,188,187,TRUE,TRUE
2024,401671791,2024-10-14,NYG,CIN,178,177,TRUE,TRUE
2024,401671684,2024-10-15,NYJ,BUF,187,185,TRUE,TRUE
2024,401671816,2024-10-18,NO,DEN,193,192,TRUE,TRUE
2024,401671801,2024-10-20,JAX,NE,170,169,TRUE,TRUE
2024,401671730,2024-10-20,ATL,SEA,184,183,TRUE,TRUE
2024,401671616,2024-10-20,BUF,TEN,182,181,TRUE,TRUE
2024,401671853,2024-10-20,CLE,CIN,196,195,TRUE,TRUE
2024,401671644,2024-10-20,GB,HOU,173,172,TRUE,TRUE
2024,401671864,2024-10-20,IND,MIA,189,188,TRUE,TRUE
2024,401671724,2024-10-20,MIN,DET,174,173,TRUE,TRUE
2024,401671710,2024-10-20,NYG,PHI,187,185,TRUE,TRUE
2024,401671663,2024-10-20,LAR,LV,195,194,TRUE,TRUE
2024,401671640,2024-10-20,WSH,CAR,162,161,TRUE,TRUE
2024,401671777,2024-10-20,SF,KC,178,177,TRUE,TRUE
2024,401671785,2024-10-21,PIT,NYJ,177,176,TRUE,TRUE
2024,401671695,2024-10-22,TB,BAL,193,192,TRUE,TRUE
2024,401671699,2024-10-22,ARI,LAC,174,173,TRUE,TRUE
2024,401671817,2024-10-25,LAR,MIN,174,173,TRUE,TRUE
2024,401671667,2024-10-27,CIN,PHI,166,165,TRUE,TRUE
2024,401671852,2024-10-27,CLE,BAL,192,191,TRUE,TRUE
2024,401671720,2024-10-27,DET,TEN,172,171,TRUE,TRUE
2024,401671850,2024-10-27,MIA,ARI,182,181,TRUE,TRUE
2024,401671618,2024-10-27,NE,NYJ,181,180,TRUE,TRUE
2024,401671739,2024-10-27,TB,ATL,191,190,TRUE,TRUE
2024,401671707,2024-10-27,JAX,GB,190,189,TRUE,TRUE
2024,401671856,2024-10-27,HOU,IND,199,197,TRUE,TRUE
2024,401671750,2024-10-27,LAC,NO,200,199,TRUE,TRUE
2024,401671760,2024-10-27,SEA,BUF,183,182,TRUE,TRUE
2024,401671600,2024-10-27,DEN,CAR,185,184,TRUE,TRUE
2024,401671671,2024-10-27,LV,KC,180,179,TRUE,TRUE
2024,401671599,2024-10-27,WSH,CHI,195,194,TRUE,TRUE
2024,401671795,2024-10-28,SF,DAL,188,187,TRUE,TRUE
2024,401671685,2024-10-29,PIT,NYG,200,199,TRUE,TRUE
2024,401671809,2024-11-01,NYJ,HOU,186,185,TRUE,TRUE
2024,401671728,2024-11-03,ATL,DAL,189,187,TRUE,TRUE
2024,401671493,2024-11-03,BUF,MIA,179,178,TRUE,TRUE
2024,401671704,2024-11-03,CIN,LV,196,194,TRUE,TRUE
2024,401671629,2024-11-03,CLE,LAC,191,190,TRUE,TRUE
2024,401671822,2024-11-03,TEN,NE,206,182,TRUE,TRUE
2024,401671711,2024-11-03,NYG,WSH,172,171,TRUE,TRUE
2024,401671650,2024-11-03,CAR,NO,189,188,TRUE,TRUE
2024,401671623,2024-11-03,BAL,DEN,172,171,TRUE,TRUE
2024,401671797,2024-11-03,PHI,JAX,180,178,TRUE,TRUE
2024,401671661,2024-11-03,ARI,CHI,187,185,TRUE,TRUE
2024,401671767,2024-11-03,GB,DET,174,173,TRUE,TRUE
2024,401671776,2024-11-03,SEA,LAR,218,203,TRUE,TRUE
2024,401671647,2024-11-04,MIN,IND,177,176,TRUE,TRUE
2024,401671688,2024-11-05,KC,TB,195,181,TRUE,TRUE
2024,401671810,2024-11-08,BAL,CIN,193,192,TRUE,TRUE
2024,401671803,2024-11-10,CAR,NYG,198,188,TRUE,TRUE
2024,401671873,2024-11-10,CHI,NE,188,187,TRUE,TRUE
2024,401671863,2024-11-10,IND,BUF,194,193,TRUE,TRUE
2024,401671637,2024-11-10,KC,DEN,182,180,TRUE,TRUE
2024,401671733,2024-11-10,NO,ATL,184,183,TRUE,TRUE
2024,401671742,2024-11-10,TB,SF,177,176,TRUE,TRUE
2024,401671641,2024-11-10,WSH,PIT,197,196,TRUE,TRUE
2024,401671708,2024-11-10,JAX,MIN,177,176,TRUE,TRUE
2024,401671751,2024-11-10,LAC,TEN,163,162,TRUE,TRUE
2024,401671676,2024-11-10,DAL,PHI,180,178,TRUE,TRUE
2024,401671678,2024-11-10,ARI,NYJ,157,156,TRUE,TRUE
2024,401671787,2024-11-11,HOU,DET,190,189,TRUE,TRUE
2024,401671693,2024-11-12,LAR,MIA,178,177,TRUE,TRUE
2024,401671813,2024-11-15,PHI,WSH,189,187,TRUE,TRUE
2024,401671869,2024-11-17,CHI,GB,159,157,TRUE,TRUE
2024,401671642,2024-11-17,DET,JAX,174,173,TRUE,TRUE
2024,401671824,2024-11-17,TEN,MIN,187,186,TRUE,TRUE
2024,401671851,2024-11-17,MIA,LV,177,175,TRUE,TRUE
2024,401671701,2024-11-17,NE,LAR,187,186,TRUE,TRUE
2024,401671746,2024-11-17,NO,CLE,184,183,TRUE,TRUE
2024,401671782,2024-11-17,NYJ,IND,177,176,TRUE,TRUE
2024,401671630,2024-11-17,PIT,BAL,202,200,TRUE,TRUE
2024,401671748,2024-11-17,DEN,ATL,173,172,TRUE,TRUE
2024,401671757,2024-11-17,SF,SEA,171,170,TRUE,TRUE
2024,401671665,2024-11-17,BUF,KC,180,179,TRUE,TRUE
2024,401671675,2024-11-18,LAC,CIN,213,212,TRUE,TRUE
2024,401671694,2024-11-19,DAL,HOU,201,200,TRUE,TRUE
2024,401671875,2024-11-22,CLE,PIT,181,180,TRUE,TRUE
2024,401671870,2024-11-24,CHI,MIN,206,181,TRUE,TRUE
2024,401671866,2024-11-24,IND,DET,178,177,TRUE,TRUE
2024,401671847,2024-11-24,MIA,NE,192,191,TRUE,TRUE
2024,401671638,2024-11-24,NYG,TB,166,165,TRUE,TRUE
2024,401671715,2024-11-24,WSH,DAL,198,197,TRUE,TRUE
2024,401671651,2024-11-24,CAR,KC,192,191,TRUE,TRUE
2024,401671858,2024-11-24,HOU,TEN,190,187,TRUE,TRUE
2024,401671656,2024-11-24,LV,DEN,212,211,TRUE,TRUE
2024,401671768,2024-11-24,GB,SF,169,168,TRUE,TRUE
2024,401671775,2024-11-24,SEA,ARI,175,173,TRUE,TRUE
2024,401671794,2024-11-25,LAR,PHI,188,187,TRUE,TRUE
2024,401671689,2024-11-26,LAC,BAL,186,185,TRUE,TRUE
2024,401671492,2024-11-28,DET,CHI,185,184,TRUE,TRUE
2024,401671779,2024-11-28,DAL,NYG,197,194,TRUE,TRUE
2024,401671798,2024-11-29,GB,MIA,186,184,TRUE,TRUE
2024,401671806,2024-11-29,KC,LV,201,200,TRUE,TRUE
2024,401671649,2024-12-01,ATL,LAC,175,174,TRUE,TRUE
2024,401671627,2024-12-01,CIN,PIT,193,192,TRUE,TRUE
2024,401671726,2024-12-01,MIN,ARI,195,194,TRUE,TRUE
2024,401671620,2024-12-01,NE,IND,183,182,TRUE,TRUE
2024,401671703,2024-12-01,NYJ,SEA,177,175,TRUE,TRUE
2024,401671743,2024-12-01,WSH,TEN,190,189,TRUE,TRUE
2024,401671705,2024-12-01,JAX,HOU,187,186,TRUE,TRUE
2024,401671753,2024-12-01,NO,LAR,172,170,TRUE,TRUE
2024,401671752,2024-12-01,CAR,TB,223,203,TRUE,TRUE
2024,401671666,2024-12-01,BAL,PHI,188,186,TRUE,TRUE
2024,401671781,2024-12-02,BUF,SF,154,153,TRUE,TRUE
2024,401671686,2024-12-03,DEN,CLE,213,210,TRUE,TRUE
2024,401671814,2024-12-06,DET,GB,180,179,TRUE,TRUE
2024,401671821,2024-12-08,TEN,JAX,170,169,TRUE,TRUE
2024,401671848,2024-12-08,MIA,NYJ,205,192,TRUE,TRUE
2024,401671648,2024-12-08,MIN,ATL,188,187,TRUE,TRUE
2024,401671601,2024-12-08,NYG,NO,209,208,TRUE,TRUE
2024,401671713,2024-12-08,PHI,CAR,175,174,TRUE,TRUE
2024,401671631,2024-12-08,PIT,CLE,193,192,TRUE,TRUE
2024,401671654,2024-12-08,TB,LV,174,173,TRUE,TRUE
2024,401671660,2024-12-08,ARI,SEA,190,189,TRUE,TRUE
2024,401671773,2024-12-08,LAR,BUF,189,188,TRUE,TRUE
2024,401671774,2024-12-08,SF,CHI,162,161,TRUE,TRUE
2024,401671788,2024-12-09,KC,LAC,186,185,TRUE,TRUE
2024,401671690,2024-12-10,DAL,CIN,182,181,TRUE,TRUE
2024,401671818,2024-12-13,SF,LAR,174,172,TRUE,TRUE
2024,401671854,2024-12-15,CLE,KC,188,187,TRUE,TRUE
2024,401671825,2024-12-15,TEN,CIN,196,193,TRUE,TRUE
2024,401671737,2024-12-15,NO,WSH,186,185,TRUE,TRUE
2024,401671639,2024-12-15,NYG,BAL,174,173,TRUE,TRUE
2024,401671731,2024-12-15,CAR,DAL,187,186,TRUE,TRUE
2024,401671706,2024-12-15,JAX,NYJ,194,193,TRUE,TRUE
2024,401671860,2024-12-15,HOU,MIA,170,169,TRUE,TRUE
2024,401671669,2024-12-15,DEN,IND,195,194,TRUE,TRUE
2024,401671681,2024-12-15,DET,BUF,202,200,TRUE,TRUE
2024,401671766,2024-12-15,PHI,PIT,175,174,TRUE,TRUE
2024,401671677,2024-12-15,ARI,NE,167,165,TRUE,TRUE
2024,401671762,2024-12-15,LAC,TB,173,172,TRUE,TRUE
2024,401671796,2024-12-16,SEA,GB,180,179,TRUE,TRUE
2024,401671489,2024-12-17,MIN,CHI,203,202,TRUE,TRUE
2024,401671697,2024-12-17,LV,ATL,184,182,TRUE,TRUE
2024,401671749,2024-12-20,LAC,DEN,184,183,TRUE,TRUE
2024,401671780,2024-12-21,KC,HOU,183,182,TRUE,TRUE
2024,401671778,2024-12-21,BAL,PIT,172,171,TRUE,TRUE
2024,401671729,2024-12-22,ATL,NYG,181,179,TRUE,TRUE
2024,401671868,2024-12-22,CHI,DET,181,180,TRUE,TRUE
2024,401671811,2024-12-22,CIN,CLE,169,168,TRUE,TRUE
2024,401671862,2024-12-22,IND,TEN,177,176,TRUE,TRUE
2024,401671621,2024-12-22,NYJ,LAR,165,162,TRUE,TRUE
2024,401671717,2024-12-22,WSH,PHI,196,194,TRUE,TRUE
2024,401671732,2024-12-22,CAR,ARI,199,176,TRUE,TRUE
2024,401671759,2024-12-22,SEA,MIN,190,189,TRUE,TRUE
2024,401671494,2024-12-22,BUF,NE,187,185,TRUE,TRUE
2024,401671673,2024-12-22,LV,JAX,193,191,TRUE,TRUE
2024,401671874,2024-12-22,MIA,SF,186,185,TRUE,TRUE
2024,401671790,2024-12-23,DAL,TB,192,191,TRUE,TRUE
2024,401671692,2024-12-24,GB,NO,177,176,TRUE,TRUE
2024,401671799,2024-12-25,PIT,KC,186,184,TRUE,TRUE
2024,401671800,2024-12-25,HOU,BAL,164,163,TRUE,TRUE
2024,401671876,2024-12-27,CHI,SEA,164,163,TRUE,TRUE
2024,401671832,2024-12-28,NE,LAC,181,180,TRUE,TRUE
2024,401671835,2024-12-28,CIN,DEN,206,172,TRUE,TRUE
2024,401671829,2024-12-29,LAR,ARI,191,190,TRUE,TRUE
2024,401671495,2024-12-29,BUF,NYJ,179,178,TRUE,TRUE
2024,401671738,2024-12-29,NO,LV,192,191,TRUE,TRUE
2024,401671846,2024-12-29,NYG,IND,187,186,TRUE,TRUE
2024,401671765,2024-12-29,PHI,DAL,179,178,TRUE,TRUE
2024,401671653,2024-12-29,TB,CAR,173,172,TRUE,TRUE
2024,401671634,2024-12-29,JAX,TEN,177,176,TRUE,TRUE
2024,401671877,2024-12-29,CLE,MIA,190,188,TRUE,TRUE
2024,401671725,2024-12-29,MIN,GB,189,188,TRUE,TRUE
2024,401671842,2024-12-30,WSH,ATL,199,182,TRUE,TRUE
2024,401671698,2024-12-31,SF,DET,181,179,TRUE,TRUE
2024,401671834,2025-01-04,BAL,CLE,180,180,TRUE,TRUE
2024,401671836,2025-01-05,PIT,CIN,191,191,TRUE,TRUE
2024,401671827,2025-01-05,ATL,CAR,196,183,TRUE,TRUE
2024,401671840,2025-01-05,DAL,WSH,197,197,TRUE,TRUE
2024,401671844,2025-01-05,GB,CHI,179,179,TRUE,TRUE
2024,401671826,2025-01-05,TEN,HOU,177,177,TRUE,TRUE
2024,401671837,2025-01-05,IND,JAX,212,192,TRUE,TRUE
2024,401671831,2025-01-05,NE,BUF,185,185,TRUE,TRUE
2024,401671841,2025-01-05,PHI,NYG,178,178,TRUE,TRUE
2024,401671828,2025-01-05,TB,NO,189,189,TRUE,TRUE
2024,401671838,2025-01-05,DEN,KC,152,152,TRUE,TRUE
2024,401671839,2025-01-05,LV,LAC,183,183,TRUE,TRUE
2024,401671830,2025-01-05,LAR,SEA,172,171,TRUE,TRUE
2024,401671833,2025-01-05,NYJ,MIA,185,185,TRUE,TRUE
2024,401671845,2025-01-05,ARI,SF,196,196,TRUE,TRUE
2024,401671843,2025-01-06,DET,MIN,183,183,TRUE,TRUE
