league,season,game_id,game_date,home_team,away_team,home_team_abbr,away_team_abbr,home_record,away_record,home_final,away_final,home_won,favorite_team,favorite_record,pregame_favorite_side_odds,pregame_favorite_team_abbr_odds,pregame_spread_abs,pregame_total_line,pregame_home_moneyline,pregame_away_moneyline,pregame_home_spread_odds,pregame_away_spread_odds,pregame_odds_n_providers,pregame_odds_source,winner_team,winner_record,loser_team,loser_record,starting_wp_home,starting_wp_favored,max_wp_loser,pit_u,pit_tail_prob,n_updates,n_missing_time,prop_missing_time,peak_rows,peak_first_update_index,peak_first_play_id,peak_first_sequence_number,peak_first_period_number,peak_first_clock_display,peak_first_game_seconds_remaining,peak_first_minutes_remaining,peak_first_home_score,peak_first_away_score,peak_first_loser_score,peak_first_winner_score,peak_first_loser_score_margin,peak_first_play_text,had_bad_1,n_bad_1_rows,n_bad_1_runs,had_bad_0,n_bad_0_rows,n_bad_0_runs,had_extreme_patch
nfl,2021,401326322,2021-09-10T00:20Z,Tampa Bay Buccaneers,Dallas Cowboys,TB,DAL,1-0,0-1,31,29,TRUE,Tampa Bay Buccaneers,1-0,NA,NA,NA,NA,NA,NA,NA,NA,NA,NA,Tampa Bay Buccaneers,1-0,Dallas Cowboys,0-1,0.7008,0.7008,0.8342,0.8012467034284345,0.19875329657156549,196,196,1,1,184,4013263224607,460700,NA,NA,NA,NA,NA,NA,NA,NA,NA,NA,FALSE,0,0,FALSE,0,0,FALSE
nfl,2021,401326315,2021-09-12T17:00Z,Atlanta Falcons,Philadelphia Eagles,ATL,PHI,0-1,1-0,6,32,FALSE,Atlanta Falcons,0-1,home,ATL,3.5,49,-180,161,-101,-109,1,nflreadr,Philadelphia Eagles,1-0,Atlanta Falcons,0-1,0.6336,0.6336,0.7227,0.6162999861629999,0.38370001383700014,187,187,1,1,11,401326315255,25500,NA,NA,NA,NA,NA,NA,NA,NA,NA,NA,FALSE,0,0,FALSE,0,0,FALSE
nfl,2021,401326308,2021-09-12T17:00Z,Buffalo Bills,Pittsburgh Steelers,BUF,PIT,0-1,1-0,16,23,FALSE,Buffalo Bills,0-1,home,BUF,6.5,48,-267,232,-100,-110,1,nflreadr,Pittsburgh Steelers,1-0,Buffalo Bills,0-1,0.68,0.68,0.8937,0.8810562828689719,0.11894371713102814,185,185,1,1,89,4013263082126,212600,NA,NA,NA,NA,NA,NA,NA,NA,NA,NA,FALSE,0,0,FALSE,0,0,FALSE
nfl,2021,401326316,2021-09-12T17:00Z,Cincinnati Bengals,Minnesota Vikings,CIN,MIN,1-0,0-1,27,24,TRUE,Minnesota Vikings,0-1,away,MIN,3,47,122,-135,-120,109,1,nflreadr,Cincinnati Bengals,1-0,Minnesota Vikings,0-1,0.4704,0.5296000000000001,0.7962,0.7440341622707862,0.2559658377292138,208,208,1,2,196,4013263164682,468200,NA,NA,NA,NA,NA,NA,NA,NA,NA,NA,FALSE,0,0,FALSE,0,0,FALSE
nfl,2021,401326317,2021-09-12T17:00Z,Detroit Lions,San Francisco 49ers,DET,SF,0-1,1-0,33,41,FALSE,San Francisco 49ers,1-0,away,SF,9.5,46,344,-415,-105,-105,1,nflreadr,San Francisco 49ers,1-0,Detroit Lions,0-1,0.3833,0.6167,0.4609,0.16836623996528532,0.8316337600347147,185,185,1,1,11,401326317261,26100,NA,NA,NA,NA,NA,NA,NA,NA,NA,NA,FALSE,0,0,FALSE,0,0,FALSE
nfl,2021,401326311,2021-09-12T17:00Z,Tennessee Titans,Arizona Cardinals,TEN,ARI,0-1,1-0,13,38,FALSE,Tennessee Titans,0-1,home,TEN,2.5,54,-146,131,-116,105,1,nflreadr,Arizona Cardinals,1-0,Tennessee Titans,0-1,0.6372,0.6372,0.6372,0.4306340238543629,0.5693659761456371,174,174,1,1,1,4013263111,100,NA,NA,NA,NA,NA,NA,NA,NA,NA,NA,FALSE,0,0,FALSE,0,0,FALSE
nfl,2021,401326318,2021-09-12T17:00Z,Indianapolis Colts,Seattle Seahawks,IND,SEA,0-1,1-0,16,28,FALSE,Indianapolis Colts,0-1,away,SEA,3,49,132,-146,-117,106,1,nflreadr,Seattle Seahawks,1-0,Indianapolis Colts,0-1,0.5287,0.5287,0.6212,0.39021249195106233,0.6097875080489377,163,163,1,1,14,401326318311,31100,NA,NA,NA,NA,NA,NA,NA,NA,NA,NA,FALSE,0,0,FALSE,0,0,FALSE
nfl,2021,401326312,2021-09-12T17:00Z,Washington,Los Angeles Chargers,WSH,LAC,0-1,1-0,16,20,FALSE,Washington,0-1,NA,NA,NA,NA,NA,NA,NA,NA,NA,NA,Los Angeles Chargers,1-0,Washington,0-1,0.5946,0.5946,0.7754,0.7103430487490328,0.28965695125096724,175,175,1,1,126,4013263123166,316600,NA,NA,NA,NA,NA,NA,NA,NA,NA,NA,FALSE,0,0,FALSE,0,0,FALSE
nfl,2021,401326309,2021-09-12T17:00Z,Carolina Panthers,New York Jets,CAR,NYJ,1-0,0-1,19,14,TRUE,Carolina Panthers,1-0,home,CAR,3.5,44.5,-184,164,-102,-108,1,nflreadr,Carolina Panthers,1-0,New York Jets,0-1,0.6588,0.6588,0.4147,0.1772365565469015,0.8227634434530985,170,170,1,1,49,4013263091241,124100,NA,NA,NA,NA,NA,NA,NA,NA,NA,NA,FALSE,0,0,FALSE,0,0,FALSE
nfl,2021,401326310,2021-09-12T17:00Z,Houston Texans,Jacksonville Jaguars,HOU,JAX,1-0,0-1,37,21,TRUE,Jacksonville Jaguars,0-1,away,JAX,3.5,45.5,154,-172,-113,103,1,nflreadr,Houston Texans,1-0,Jacksonville Jaguars,0-1,0.479,0.521,0.5634,0.22506212282570104,0.774937877174299,198,198,1,1,4,40132631078,7800,NA,NA,NA,NA,NA,NA,NA,NA,NA,NA,FALSE,0,0,FALSE,0,0,FALSE
nfl,2021,401326314,2021-09-12T20:25Z,Kansas City Chiefs,Cleveland Browns,KC,CLE,1-0,0-1,33,29,TRUE,Kansas City Chiefs,1-0,home,KC,5.5,54.5,-241,211,-110,-101,1,nflreadr,Kansas City Chiefs,1-0,Cleveland Browns,0-1,0.6777,0.6777,0.8685,0.8485895221646518,0.15141047783534822,157,157,1,1,123,4013263143040,304000,NA,NA,NA,NA,NA,NA,NA,NA,NA,NA,FALSE,0,0,FALSE,0,0,FALSE
nfl,2021,401326313,2021-09-12T20:25Z,New England Patriots,Miami Dolphins,NE,MIA,0-1,1-0,16,17,FALSE,New England Patriots,0-1,home,NE,3.5,43.5,-173,155,102,-113,1,nflreadr,Miami Dolphins,1-0,New England Patriots,0-1,0.6009,0.6009,0.7073,0.5861727696875443,0.4138272303124557,161,161,1,1,146,4013263133610,361000,NA,NA,NA,NA,NA,NA,NA,NA,NA,NA,FALSE,0,0,FALSE,0,0,FALSE
nfl,2021,401326319,2021-09-12T20:25Z,New Orleans Saints,Green Bay Packers,NO,GB,1-0,0-1,38,3,TRUE,Green Bay Packers,0-1,away,GB,4,49,162,-181,-114,103,1,nflreadr,New Orleans Saints,1-0,Green Bay Packers,0-1,0.447,0.5529999999999999,0.5718,0.2511367611052815,0.7488632388947185,151,151,1,1,3,40132631955,5500,NA,NA,NA,NA,NA,NA,NA,NA,NA,NA,FALSE,0,0,FALSE,0,0,FALSE
nfl,2021,401326320,2021-09-12T20:25Z,New York Giants,Denver Broncos,NYG,DEN,0-1,1-0,13,27,FALSE,New York Giants,0-1,away,DEN,3,41.5,125,-139,-120,109,1,nflreadr,Denver Broncos,1-0,New York Giants,0-1,0.5318,0.5318,0.6831,0.5360854926072318,0.4639145073927682,155,155,1,1,61,4013263201478,147800,NA,NA,NA,NA,NA,NA,NA,NA,NA,NA,FALSE,0,0,FALSE,0,0,FALSE
nfl,2021,401326323,2021-09-13T00:20Z,Los Angeles Rams,Chicago Bears,LAR,CHI,1-0,0-1,34,14,TRUE,Los Angeles Rams,1-0,NA,NA,NA,NA,NA,NA,NA,NA,NA,NA,Los Angeles Rams,1-0,Chicago Bears,0-1,0.7129,0.7129,0.3902,0.26422347514095323,0.7357765248590468,149,149,1,1,6,401326323140,14000,NA,NA,NA,NA,NA,NA,NA,NA,NA,NA,FALSE,0,0,FALSE,0,0,FALSE
nfl,2021,401326321,2021-09-14T00:15Z,Las Vegas Raiders,Baltimore Ravens,LV,BAL,1-0,0-1,33,27,TRUE,Baltimore Ravens,0-1,NA,NA,NA,NA,NA,NA,NA,NA,NA,NA,Las Vegas Raiders,1-0,Baltimore Ravens,0-1,0.4267,0.5732999999999999,0.9425,0.9389920424403182,0.0610079575596818,207,207,1,1,175,4013263214132,413300,NA,NA,NA,NA,NA,NA,NA,NA,NA,NA,FALSE,0,0,FALSE,0,0,FALSE
nfl,2021,401326127,2021-09-17T00:20Z,Washington,New York Giants,WSH,NYG,1-1,0-2,30,29,TRUE,Washington,1-1,NA,NA,NA,NA,NA,NA,NA,NA,NA,NA,Washington,1-1,New York Giants,0-2,0.5617,0.5617,0.9028,0.8923349579087285,0.10766504209127148,196,196,1,1,178,4013261274224,422400,NA,NA,NA,NA,NA,NA,NA,NA,NA,NA,FALSE,0,0,FALSE,0,0,FALSE
nfl,2021,401326129,2021-09-19T17:00Z,Chicago Bears,Cincinnati Bengals,CHI,CIN,1-1,1-1,20,17,TRUE,Chicago Bears,1-1,home,CHI,2,44.5,-126,114,-105,-105,1,nflreadr,Chicago Bears,1-1,Cincinnati Bengals,1-1,0.5444,0.5444,0.4815,0.05379023883696776,0.9462097611630322,168,168,1,1,4,40132612981,8100,NA,NA,NA,NA,NA,NA,NA,NA,NA,NA,FALSE,0,0,FALSE,0,0,FALSE
nfl,2021,401326130,2021-09-19T17:00Z,Cleveland Browns,Houston Texans,CLE,HOU,1-1,1-1,31,21,TRUE,Cleveland Browns,1-1,home,CLE,13.5,48.5,-675,521,-107,-103,1,nflreadr,Cleveland Browns,1-1,Houston Texans,1-1,0.798,0.798,0.5808,0.6522038567493114,0.34779614325068864,155,155,1,1,56,4013261301460,146000,NA,NA,NA,NA,NA,NA,NA,NA,NA,NA,FALSE,0,0,FALSE,0,0,FALSE
nfl,2021,401326131,2021-09-19T17:00Z,Indianapolis Colts,Los Angeles Rams,IND,LAR,0-2,2-0,24,27,FALSE,Los Angeles Rams,2-0,NA,NA,NA,NA,NA,NA,NA,NA,NA,NA,Los Angeles Rams,2-0,Indianapolis Colts,0-2,0.4421,0.5579000000000001,0.767,0.6962190352020861,0.30378096479791394,163,163,1,1,121,4013261312779,277900,NA,NA,NA,NA,NA,NA,NA,NA,NA,NA,FALSE,0,0,FALSE,0,0,FALSE
nfl,2021,401326353,2021-09-19T17:00Z,Miami Dolphins,Buffalo Bills,MIA,BUF,1-1,1-1,0,35,FALSE,Buffalo Bills,1-1,away,BUF,3.5,48,160,-179,-113,103,1,nflreadr,Buffalo Bills,1-1,Miami Dolphins,1-1,0.4957,0.5043,0.4957,0,1,175,175,1,1,1,4013263531,100,NA,NA,NA,NA,NA,NA,NA,NA,NA,NA,FALSE,0,0,FALSE,0,0,FALSE
nfl,2021,401326354,2021-09-19T17:00Z,New York Jets,New England Patriots,NYJ,NE,0-2,1-1,6,25,FALSE,New England Patriots,1-1,away,NE,5.5,43,207,-235,-105,-105,1,nflreadr,New England Patriots,1-1,New York Jets,0-2,0.3484,0.6516,0.4141,0.15865732914754882,0.8413426708524512,169,169,1,1,15,401326354342,34200,NA,NA,NA,NA,NA,NA,NA,NA,NA,NA,FALSE,0,0,FALSE,0,0,FALSE
nfl,2021,401326355,2021-09-19T17:00Z,Philadelphia Eagles,San Francisco 49ers,PHI,SF,1-1,2-0,11,17,FALSE,San Francisco 49ers,2-0,away,SF,3,49,130,-144,-115,104,1,nflreadr,San Francisco 49ers,2-0,Philadelphia Eagles,1-1,0.47,0.53,0.7468,0.6609534011783611,0.3390465988216389,161,161,1,1,61,4013263551507,150700,NA,NA,NA,NA,NA,NA,NA,NA,NA,NA,FALSE,0,0,FALSE,0,0,FALSE
nfl,2021,401326356,2021-09-19T17:00Z,Pittsburgh Steelers,Las Vegas Raiders,PIT,LV,1-1,2-0,17,26,FALSE,Pittsburgh Steelers,1-1,home,PIT,5.5,46.5,-228,201,-102,-109,1,nflreadr,Las Vegas Raiders,2-0,Pittsburgh Steelers,1-1,0.6482,0.6482,0.6633,0.4923865520880446,0.5076134479119554,166,166,1,1,5,401326356107,10700,NA,NA,NA,NA,NA,NA,NA,NA,NA,NA,FALSE,0,0,FALSE,0,0,FALSE
nfl,2021,401326128,2021-09-19T17:00Z,Carolina Panthers,New Orleans Saints,CAR,NO,2-0,1-1,26,7,TRUE,New Orleans Saints,1-1,away,NO,3,45,131,-145,-113,102,1,nflreadr,Carolina Panthers,2-0,New Orleans Saints,1-1,0.3967,0.6033,0.6812,0.532002348796242,0.467997651203758,164,164,1,1,3,40132612855,5500,NA,NA,NA,NA,NA,NA,NA,NA,NA,NA,FALSE,0,0,FALSE,0,0,FALSE
nfl,2021,401326132,2021-09-19T17:00Z,Jacksonville Jaguars,Denver Broncos,JAX,DEN,0-2,2-0,13,23,FALSE,Denver Broncos,2-0,away,DEN,6,45,211,-241,-115,104,1,nflreadr,Denver Broncos,2-0,Jacksonville Jaguars,0-2,0.3694,0.6306,0.6309,0.41496275162466323,0.5850372483753368,170,170,1,1,60,4013261321379,137900,NA,NA,NA,NA,NA,NA,NA,NA,NA,NA,FALSE,0,0,FALSE,0,0,FALSE
nfl,2021,401326357,2021-09-19T20:05Z,Arizona Cardinals,Minnesota Vikings,ARI,MIN,2-0,0-2,34,33,TRUE,Arizona Cardinals,2-0,home,ARI,4,51,-191,170,101,-111,1,nflreadr,Arizona Cardinals,2-0,Minnesota Vikings,0-2,0.6145,0.6145,0.8477,0.8203373835083165,0.17966261649168347,183,183,1,1,181,4013263574258,425800,NA,NA,NA,NA,NA,NA,NA,NA,NA,NA,FALSE,0,0,FALSE,0,0,FALSE
nfl,2021,401326358,2021-09-19T20:05Z,Tampa Bay Buccaneers,Atlanta Falcons,TB,ATL,2-0,0-2,48,25,TRUE,Tampa Bay Buccaneers,2-0,home,TB,13.5,52,-772,582,-102,-108,1,nflreadr,Tampa Bay Buccaneers,2-0,Atlanta Falcons,0-2,0.7859,0.7859,0.3284,0.348051157125457,0.651948842874543,172,172,1,1,136,4013263583365,336500,NA,NA,NA,NA,NA,NA,NA,NA,NA,NA,FALSE,0,0,FALSE,0,0,FALSE
nfl,2021,401326359,2021-09-19T20:25Z,Los Angeles Chargers,Dallas Cowboys,LAC,DAL,1-1,1-1,17,20,FALSE,Los Angeles Chargers,1-1,home,LAC,3,55,-150,135,-101,-109,1,nflreadr,Dallas Cowboys,1-1,Los Angeles Chargers,1-1,0.5034,0.5034,0.6716,0.5110184633710542,0.48898153662894583,169,169,1,1,126,4013263593136,313600,NA,NA,NA,NA,NA,NA,NA,NA,NA,NA,FALSE,0,0,FALSE,0,0,FALSE
nfl,2021,401326360,2021-09-19T20:25Z,Seattle Seahawks,Tennessee Titans,SEA,TEN,1-1,1-1,30,33,FALSE,Seattle Seahawks,1-1,home,SEA,6.5,53.5,-286,247,-110,-100,1,nflreadr,Tennessee Titans,1-1,Seattle Seahawks,1-1,0.7087,0.7087,0.9585,0.9567031820552947,0.0432968179447053,191,191,1,1,125,4013263603102,310200,NA,NA,NA,NA,NA,NA,NA,NA,NA,NA,FALSE,0,0,FALSE,0,0,FALSE
nfl,2021,401326361,2021-09-20T00:20Z,Baltimore Ravens,Kansas City Chiefs,BAL,KC,1-1,1-1,36,35,TRUE,Kansas City Chiefs,1-1,NA,NA,NA,NA,NA,NA,NA,NA,NA,NA,Baltimore Ravens,1-1,Kansas City Chiefs,1-1,0.4399,0.5601,0.9156,0.90782000873744,0.09217999126256005,159,159,1,1,111,4013263612830,283000,NA,NA,NA,NA,NA,NA,NA,NA,NA,NA,FALSE,0,0,FALSE,0,0,FALSE
nfl,2021,401326362,2021-09-21T00:15Z,Green Bay Packers,Detroit Lions,GB,DET,1-1,0-2,35,17,TRUE,Green Bay Packers,1-1,NA,NA,NA,NA,NA,NA,NA,NA,NA,NA,Green Bay Packers,1-1,Detroit Lions,0-2,0.6746,0.6746,0.6073999999999999,0.4642739545604214,0.5357260454395786,157,157,1,1,79,4013263621902,190200,NA,NA,NA,NA,NA,NA,NA,NA,NA,NA,FALSE,0,0,FALSE,0,0,FALSE
nfl,2021,401326363,2021-09-24T00:20Z,Houston Texans,Carolina Panthers,HOU,CAR,1-2,3-0,9,24,FALSE,Carolina Panthers,3-0,NA,NA,NA,NA,NA,NA,NA,NA,NA,NA,Carolina Panthers,3-0,Houston Texans,1-2,0.3745,0.6255,0.4969,0.24632722881867564,0.7536727711813244,166,166,1,1,13,401326363274,27400,NA,NA,NA,NA,NA,NA,NA,NA,NA,NA,FALSE,0,0,FALSE,0,0,FALSE
nfl,2021,401326364,2021-09-26T17:00Z,Buffalo Bills,Washington,BUF,WSH,2-1,1-2,43,21,TRUE,Buffalo Bills,2-1,NA,NA,NA,NA,NA,NA,NA,NA,NA,NA,Buffalo Bills,2-1,Washington,1-2,0.7171,0.7171,0.3246,0.1284658040665433,0.8715341959334567,168,168,1,1,5,401326364102,10200,NA,NA,NA,NA,NA,NA,NA,NA,NA,NA,FALSE,0,0,FALSE,0,0,FALSE
nfl,2021,401326365,2021-09-26T17:00Z,Cleveland Browns,Chicago Bears,CLE,CHI,2-1,1-2,26,6,TRUE,Cleveland Browns,2-1,home,CLE,7.5,45,-375,315,-108,-102,1,nflreadr,Cleveland Browns,2-1,Chicago Bears,1-2,0.7177,0.7177,0.4452,0.36590296495956875,0.6340970350404312,180,180,1,1,24,401326365530,53000,NA,NA,NA,NA,NA,NA,NA,NA,NA,NA,FALSE,0,0,FALSE,0,0,FALSE
nfl,2021,401326366,2021-09-26T17:00Z,Detroit Lions,Baltimore Ravens,DET,BAL,0-3,2-1,17,19,FALSE,Baltimore Ravens,2-1,away,BAL,7.5,51,292,-344,-110,-100,1,nflreadr,Baltimore Ravens,2-1,Detroit Lions,0-3,0.2848,0.7152000000000001,0.999,0.9989989989989989,0.0010010010010010895,163,163,1,2,157,4013263663967,396700,NA,NA,NA,NA,NA,NA,NA,NA,NA,NA,FALSE,0,0,FALSE,0,0,FALSE
nfl,2021,401326372,2021-09-26T17:00Z,Tennessee Titans,Indianapolis Colts,TEN,IND,2-1,0-3,25,16,TRUE,Tennessee Titans,2-1,home,TEN,4.5,47,-196,175,103,-113,1,nflreadr,Tennessee Titans,2-1,Indianapolis Colts,0-3,0.5587,0.5587,0.5384,0.18034918276374434,0.8196508172362557,163,163,1,1,12,401326372246,24600,NA,NA,NA,NA,NA,NA,NA,NA,NA,NA,FALSE,0,0,FALSE,0,0,FALSE
nfl,2021,401326368,2021-09-26T17:00Z,Kansas City Chiefs,Los Angeles Chargers,KC,LAC,1-2,2-1,24,30,FALSE,Kansas City Chiefs,1-2,home,KC,6.5,55,-273,237,-110,-100,1,nflreadr,Los Angeles Chargers,2-1,Kansas City Chiefs,1-2,0.7293,0.7293,0.7885,0.7317691819911223,0.2682308180088777,180,180,1,1,28,401326368697,69700,NA,NA,NA,NA,NA,NA,NA,NA,NA,NA,FALSE,0,0,FALSE,0,0,FALSE
nfl,2021,401326369,2021-09-26T17:00Z,New England Patriots,New Orleans Saints,NE,NO,1-2,2-1,13,28,FALSE,New England Patriots,1-2,home,NE,3,44,-144,130,106,-117,1,nflreadr,New Orleans Saints,2-1,New England Patriots,1-2,0.5862,0.5862,0.6858,0.5418489355497229,0.4581510644502771,178,178,1,1,4,40132636979,7900,NA,NA,NA,NA,NA,NA,NA,NA,NA,NA,FALSE,0,0,FALSE,0,0,FALSE
nfl,2021,401326370,2021-09-26T17:00Z,New York Giants,Atlanta Falcons,NYG,ATL,0-3,1-2,14,17,FALSE,New York Giants,0-3,home,NYG,3,48,-143,129,105,-115,1,nflreadr,Atlanta Falcons,1-2,New York Giants,0-3,0.6353,0.6353,0.8296,0.7945998071359692,0.20540019286403077,168,168,1,1,132,4013263703322,332200,NA,NA,NA,NA,NA,NA,NA,NA,NA,NA,FALSE,0,0,FALSE,0,0,FALSE
nfl,2021,401326371,2021-09-26T17:00Z,Pittsburgh Steelers,Cincinnati Bengals,PIT,CIN,1-2,2-1,10,24,FALSE,Pittsburgh Steelers,1-2,home,PIT,2.5,42.5,-140,126,-114,103,1,nflreadr,Cincinnati Bengals,2-1,Pittsburgh Steelers,1-2,0.6325,0.6325,0.6327,0.4194721036826301,0.5805278963173699,173,173,1,1,21,401326371533,53300,NA,NA,NA,NA,NA,NA,NA,NA,NA,NA,FALSE,0,0,FALSE,0,0,FALSE
nfl,2021,401326367,2021-09-26T17:00Z,Jacksonville Jaguars,Arizona Cardinals,JAX,ARI,0-3,3-0,19,31,FALSE,Arizona Cardinals,3-0,away,ARI,8,51.5,304,-360,-110,-101,1,nflreadr,Arizona Cardinals,3-0,Jacksonville Jaguars,0-3,0.3403,0.6597,0.7863,0.7282207808724406,0.2717792191275594,176,176,1,1,114,4013263672717,272250,NA,NA,NA,NA,NA,NA,NA,NA,NA,NA,FALSE,0,0,FALSE,0,0,FALSE
nfl,2021,401326373,2021-09-26T20:05Z,Denver Broncos,New York Jets,DEN,NYJ,3-0,0-3,26,0,TRUE,Denver Broncos,3-0,home,DEN,10.5,42,-597,470,-101,-109,1,nflreadr,Denver Broncos,3-0,New York Jets,0-3,0.7703,0.7703,0.261,0.11992337164750955,0.8800766283524905,158,158,1,1,10,401326373223,22300,NA,NA,NA,NA,NA,NA,NA,NA,NA,NA,FALSE,0,0,FALSE,0,0,FALSE
nfl,2021,401326374,2021-09-26T20:05Z,Las Vegas Raiders,Miami Dolphins,LV,MIA,3-0,1-2,31,28,TRUE,Las Vegas Raiders,3-0,home,LV,4,45,-194,173,-103,-107,1,nflreadr,Las Vegas Raiders,3-0,Miami Dolphins,1-2,0.6282,0.6282,0.8109999999999999,0.7669543773119605,0.23304562268803952,220,220,1,1,204,4013263744793,479300,NA,NA,NA,NA,NA,NA,NA,NA,NA,NA,FALSE,0,0,FALSE,0,0,FALSE
nfl,2021,401326375,2021-09-26T20:25Z,Los Angeles Rams,Tampa Bay Buccaneers,LAR,TB,3-0,2-1,34,24,TRUE,Los Angeles Rams,3-0,NA,NA,NA,NA,NA,NA,NA,NA,NA,NA,Los Angeles Rams,3-0,Tampa Bay Buccaneers,2-1,0.5558,0.5558,0.5228999999999999,0.15050678906100567,0.8494932109389943,179,179,1,1,29,401326375679,67900,NA,NA,NA,NA,NA,NA,NA,NA,NA,NA,FALSE,0,0,FALSE,0,0,FALSE
nfl,2021,401326376,2021-09-26T20:25Z,Minnesota Vikings,Seattle Seahawks,MIN,SEA,1-2,1-2,30,17,TRUE,Seattle Seahawks,1-2,away,SEA,2,53.5,109,-120,-109,-101,1,nflreadr,Minnesota Vikings,1-2,Seattle Seahawks,1-2,0.4972,0.5028,0.753,0.6719787516600266,0.32802124833997337,164,164,1,1,44,4013263761034,103400,NA,NA,NA,NA,NA,NA,NA,NA,NA,NA,FALSE,0,0,FALSE,0,0,FALSE
nfl,2021,401326377,2021-09-27T00:20Z,San Francisco 49ers,Green Bay Packers,SF,GB,2-1,2-1,28,30,FALSE,San Francisco 49ers,2-1,NA,NA,NA,NA,NA,NA,NA,NA,NA,NA,Green Bay Packers,2-1,San Francisco 49ers,2-1,0.6167,0.6167,0.911,0.902305159165752,0.09769484083424795,178,178,1,1,169,4013263774148,414800,NA,NA,NA,NA,NA,NA,NA,NA,NA,NA,FALSE,0,0,FALSE,0,0,FALSE
nfl,2021,401326378,2021-09-28T00:15Z,Dallas Cowboys,Philadelphia Eagles,DAL,PHI,2-1,1-2,41,21,TRUE,Dallas Cowboys,2-1,NA,NA,NA,NA,NA,NA,NA,NA,NA,NA,Dallas Cowboys,2-1,Philadelphia Eagles,1-2,0.6746,0.6746,0.3943,0.17474004565051982,0.8252599543494802,167,167,1,1,37,401326378967,96700,NA,NA,NA,NA,NA,NA,NA,NA,NA,NA,FALSE,0,0,FALSE,0,0,FALSE
nfl,2021,401326379,2021-10-01T00:20Z,Cincinnati Bengals,Jacksonville Jaguars,CIN,JAX,3-1,0-4,24,21,TRUE,Cincinnati Bengals,3-1,NA,NA,NA,NA,NA,NA,NA,NA,NA,NA,Cincinnati Bengals,3-1,Jacksonville Jaguars,0-4,0.6929,0.6929,0.888,0.8738738738738738,0.12612612612612617,151,151,1,1,65,4013263791493,149300,NA,NA,NA,NA,NA,NA,NA,NA,NA,NA,FALSE,0,0,FALSE,0,0,FALSE
nfl,2021,401326380,2021-10-03T17:00Z,Atlanta Falcons,Washington,ATL,WSH,1-3,2-2,30,34,FALSE,Washington,2-2,NA,NA,NA,NA,NA,NA,NA,NA,NA,NA,Washington,2-2,Atlanta Falcons,1-3,0.4812,0.5187999999999999,0.882,0.8662131519274376,0.13378684807256236,180,180,1,1,137,4013263803448,344800,NA,NA,NA,NA,NA,NA,NA,NA,NA,NA,FALSE,0,0,FALSE,0,0,FALSE
nfl,2021,401326381,2021-10-03T17:00Z,Buffalo Bills,Houston Texans,BUF,HOU,3-1,1-3,40,0,TRUE,Buffalo Bills,3-1,home,BUF,19,47.5,-1500,988,-102,-108,1,nflreadr,Buffalo Bills,3-1,Houston Texans,1-3,0.8627,0.8627,0.2269,0.3948876156897312,0.6051123843102688,153,153,1,1,11,401326381271,27100,NA,NA,NA,NA,NA,NA,NA,NA,NA,NA,FALSE,0,0,FALSE,0,0,FALSE
nfl,2021,401326382,2021-10-03T17:00Z,Chicago Bears,Detroit Lions,CHI,DET,2-2,0-4,24,14,TRUE,Chicago Bears,2-2,home,CHI,3,42,-148,134,-101,-109,1,nflreadr,Chicago Bears,2-2,Detroit Lions,0-4,0.5623,0.5623,0.5153,0.1505918882204541,0.8494081117795459,160,160,1,1,6,401326382121,12100,NA,NA,NA,NA,NA,NA,NA,NA,NA,NA,FALSE,0,0,FALSE,0,0,FALSE
nfl,2021,401326383,2021-10-03T17:00Z,Dallas Cowboys,Carolina Panthers,DAL,CAR,3-1,3-1,36,28,TRUE,Dallas Cowboys,3-1,home,DAL,4.5,51.5,-210,186,-104,-106,1,nflreadr,Dallas Cowboys,3-1,Carolina Panthers,3-1,0.5794,0.5794,0.5913999999999999,0.3090970578288803,0.6909029421711197,169,169,1,1,60,4013263831599,159900,NA,NA,NA,NA,NA,NA,NA,NA,NA,NA,FALSE,0,0,FALSE,0,0,FALSE
nfl,2021,401326384,2021-10-03T17:00Z,Miami Dolphins,Indianapolis Colts,MIA,IND,1-3,1-3,17,27,FALSE,Miami Dolphins,1-3,home,MIA,2.5,41.5,-144,130,-113,102,1,nflreadr,Indianapolis Colts,1-3,Miami Dolphins,1-3,0.5388,0.5388,0.6949,0.5609440207224061,0.4390559792775939,164,164,1,1,38,401326384921,92100,NA,NA,NA,NA,NA,NA,NA,NA,NA,NA,FALSE,0,0,FALSE,0,0,FALSE
nfl,2021,401326385,2021-10-03T17:00Z,Minnesota Vikings,Cleveland Browns,MIN,CLE,1-3,3-1,7,14,FALSE,Minnesota Vikings,1-3,away,CLE,1,52,-106,-105,-113,102,1,nflreadr,Cleveland Browns,3-1,Minnesota Vikings,1-3,0.5153,0.5153,0.7277,0.6258073381888141,0.37419266181118593,187,187,1,1,22,401326385533,53300,NA,NA,NA,NA,NA,NA,NA,NA,NA,NA,FALSE,0,0,FALSE,0,0,FALSE
nfl,2021,401326386,2021-10-03T17:00Z,New Orleans Saints,New York Giants,NO,NYG,2-2,1-3,21,27,FALSE,New Orleans Saints,2-2,home,NO,7.5,43,-337,286,107,-118,1,nflreadr,New York Giants,1-3,New Orleans Saints,2-2,0.7403,0.7403,0.999,0.9989989989989989,0.0010010010010010895,170,170,1,1,151,4013263863769,376900,NA,NA,NA,NA,NA,NA,NA,NA,NA,NA,FALSE,0,0,FALSE,0,0,FALSE
nfl,2021,401326387,2021-10-03T17:00Z,New York Jets,Tennessee Titans,NYJ,TEN,1-3,2-2,27,24,TRUE,Tennessee Titans,2-2,away,TEN,5.5,44.5,206,-234,-106,-104,1,nflreadr,New York Jets,1-3,Tennessee Titans,2-2,0.3454,0.6546000000000001,0.8485,0.8214496169711256,0.17855038302887438,216,216,1,1,47,4013263871088,108800,NA,NA,NA,NA,NA,NA,NA,NA,NA,NA,FALSE,0,0,FALSE,0,0,FALSE
nfl,2021,401326388,2021-10-03T17:00Z,Philadelphia Eagles,Kansas City Chiefs,PHI,KC,1-3,2-2,30,42,FALSE,Kansas City Chiefs,2-2,away,KC,7.5,53.5,296,-349,-112,101,1,nflreadr,Kansas City Chiefs,2-2,Philadelphia Eagles,1-3,0.3275,0.6725,0.4972,0.3413113435237328,0.6586886564762672,178,178,1,1,45,4013263881204,120400,NA,NA,NA,NA,NA,NA,NA,NA,NA,NA,FALSE,0,0,FALSE,0,0,FALSE
nfl,2021,401326389,2021-10-03T20:05Z,Los Angeles Rams,Arizona Cardinals,LAR,ARI,3-1,4-0,20,37,FALSE,Los Angeles Rams,3-1,NA,NA,NA,NA,NA,NA,NA,NA,NA,NA,Arizona Cardinals,4-0,Los Angeles Rams,3-1,0.6106,0.6106,0.7587,0.6819559773296429,0.31804402267035714,186,186,1,1,16,401326389362,36200,NA,NA,NA,NA,NA,NA,NA,NA,NA,NA,FALSE,0,0,FALSE,0,0,FALSE
nfl,2021,401326390,2021-10-03T20:05Z,San Francisco 49ers,Seattle Seahawks,SF,SEA,2-2,2-2,21,28,FALSE,San Francisco 49ers,2-2,home,SF,2.5,52,-133,120,-107,-103,1,nflreadr,Seattle Seahawks,2-2,San Francisco 49ers,2-2,0.5649,0.5649,0.8226,0.7843423292000973,0.21565767079990272,172,172,1,1,36,401326390923,92300,NA,NA,NA,NA,NA,NA,NA,NA,NA,NA,FALSE,0,0,FALSE,0,0,FALSE
nfl,2021,401326391,2021-10-03T20:25Z,Denver Broncos,Baltimore Ravens,DEN,BAL,3-1,3-1,7,23,FALSE,Denver Broncos,3-1,home,DEN,1,44,-118,107,-111,101,1,nflreadr,Baltimore Ravens,3-1,Denver Broncos,3-1,0.5488,0.5488,0.6941,0.5592854055611585,0.44071459443884153,178,178,1,1,43,401326391962,96200,NA,NA,NA,NA,NA,NA,NA,NA,NA,NA,FALSE,0,0,FALSE,0,0,FALSE
nfl,2021,401326392,2021-10-03T20:25Z,Green Bay Packers,Pittsburgh Steelers,GB,PIT,3-1,1-3,27,17,TRUE,Green Bay Packers,3-1,home,GB,6.5,45,-276,239,-106,-104,1,nflreadr,Green Bay Packers,3-1,Pittsburgh Steelers,1-3,0.6143,0.6143,0.5643,0.3164983164983165,0.6835016835016835,168,168,1,1,11,401326392268,26800,NA,NA,NA,NA,NA,NA,NA,NA,NA,NA,FALSE,0,0,FALSE,0,0,FALSE
nfl,2021,401326393,2021-10-04T00:20Z,New England Patriots,Tampa Bay Buccaneers,NE,TB,1-3,3-1,17,19,FALSE,Tampa Bay Buccaneers,3-1,NA,NA,NA,NA,NA,NA,NA,NA,NA,NA,Tampa Bay Buccaneers,3-1,New England Patriots,1-3,0.4328,0.5671999999999999,0.6588,0.48208864602307244,0.5179113539769276,180,180,1,1,96,4013263932401,240100,NA,NA,NA,NA,NA,NA,NA,NA,NA,NA,FALSE,0,0,FALSE,0,0,FALSE
nfl,2021,401326394,2021-10-05T00:50Z,Los Angeles Chargers,Las Vegas Raiders,LAC,LV,3-1,3-1,28,14,TRUE,Los Angeles Chargers,3-1,NA,NA,NA,NA,NA,NA,NA,NA,NA,NA,Los Angeles Chargers,3-1,Las Vegas Raiders,3-1,0.6014,0.6014,0.4167999999999999,0.043666026871400976,0.956333973128599,174,174,1,1,3,40132639481,8100,NA,NA,NA,NA,NA,NA,NA,NA,NA,NA,FALSE,0,0,FALSE,0,0,FALSE
nfl,2021,401326395,2021-10-08T00:20Z,Seattle Seahawks,Los Angeles Rams,SEA,LAR,2-3,4-1,17,26,FALSE,Seattle Seahawks,2-3,NA,NA,NA,NA,NA,NA,NA,NA,NA,NA,Los Angeles Rams,4-1,Seattle Seahawks,2-3,0.5005,0.5005,0.7628,0.6890403775563714,0.3109596224436286,175,175,1,1,72,4013263951738,168350,NA,NA,NA,NA,NA,NA,NA,NA,NA,NA,FALSE,0,0,FALSE,0,0,FALSE
nfl,2021,401326324,2021-10-10T13:30Z,Atlanta Falcons,New York Jets,ATL,NYJ,2-3,1-4,27,20,TRUE,Atlanta Falcons,2-3,home,ATL,3,45.5,-153,138,-103,-107,1,nflreadr,Atlanta Falcons,2-3,New York Jets,1-4,0.5701,0.5701,0.4699,0.0851244945733135,0.9148755054266865,169,169,1,1,6,401326324121,12100,NA,NA,NA,NA,NA,NA,NA,NA,NA,NA,FALSE,0,0,FALSE,0,0,FALSE
nfl,2021,401326397,2021-10-10T17:00Z,Cincinnati Bengals,Green Bay Packers,CIN,GB,3-2,4-1,22,25,FALSE,Green Bay Packers,4-1,away,GB,2,50,111,-123,-106,-104,1,nflreadr,Green Bay Packers,4-1,Cincinnati Bengals,3-2,0.4626,0.5374,0.8028,0.7543597409068261,0.24564025909317388,176,176,1,1,147,4013263973423,342300,NA,NA,NA,NA,NA,NA,NA,NA,NA,NA,FALSE,0,0,FALSE,0,0,FALSE
nfl,2021,401326400,2021-10-10T17:00Z,Minnesota Vikings,Detroit Lions,MIN,DET,2-3,0-5,19,17,TRUE,Minnesota Vikings,2-3,home,MIN,10,49.5,-418,346,-100,-110,1,nflreadr,Minnesota Vikings,2-3,Detroit Lions,0-5,0.7376,0.7376,0.842,0.8123515439429929,0.18764845605700708,175,175,1,1,166,4013264003832,383200,NA,NA,NA,NA,NA,NA,NA,NA,NA,NA,FALSE,0,0,FALSE,0,0,FALSE
nfl,2021,401326401,2021-10-10T17:00Z,Pittsburgh Steelers,Denver Broncos,PIT,DEN,2-3,3-2,27,19,TRUE,Denver Broncos,3-2,away,DEN,2,40,113,-124,-104,-106,1,nflreadr,Pittsburgh Steelers,2-3,Denver Broncos,3-2,0.4899,0.5101,0.5422,0.15566211729988932,0.8443378827001107,166,166,1,1,3,40132640173,7300,NA,NA,NA,NA,NA,NA,NA,NA,NA,NA,FALSE,0,0,FALSE,0,0,FALSE
nfl,2021,401326402,2021-10-10T17:00Z,Tampa Bay Buccaneers,Miami Dolphins,TB,MIA,4-1,1-4,45,17,TRUE,Tampa Bay Buccaneers,4-1,home,TB,11,48,-564,448,-110,-100,1,nflreadr,Tampa Bay Buccaneers,4-1,Miami Dolphins,1-4,0.7508,0.7508,0.3717,0.3295668549905838,0.6704331450094162,163,163,1,1,50,4013264021247,124700,NA,NA,NA,NA,NA,NA,NA,NA,NA,NA,FALSE,0,0,FALSE,0,0,FALSE
nfl,2021,401326403,2021-10-10T17:00Z,Washington,New Orleans Saints,WSH,NO,2-3,3-2,22,33,FALSE,New Orleans Saints,3-2,NA,NA,NA,NA,NA,NA,NA,NA,NA,NA,New Orleans Saints,3-2,Washington,2-3,0.4291,0.5709,0.6583,0.48093574358195346,0.5190642564180465,180,180,1,2,65,4013264031641,164100,NA,NA,NA,NA,NA,NA,NA,NA,NA,NA,FALSE,0,0,FALSE,0,0,FALSE
nfl,2021,401326396,2021-10-10T17:00Z,Carolina Panthers,Philadelphia Eagles,CAR,PHI,3-2,2-3,18,21,FALSE,Carolina Panthers,3-2,home,CAR,2.5,46,-139,126,-114,104,1,nflreadr,Philadelphia Eagles,2-3,Carolina Panthers,3-2,0.6484,0.6484,0.9156,0.90782000873744,0.09217999126256005,184,184,1,1,79,4013263961842,184350,NA,NA,NA,NA,NA,NA,NA,NA,NA,NA,FALSE,0,0,FALSE,0,0,FALSE
nfl,2021,401326399,2021-10-10T17:00Z,Jacksonville Jaguars,Tennessee Titans,JAX,TEN,0-5,3-2,19,37,FALSE,Tennessee Titans,3-2,away,TEN,4,49,170,-191,-110,-100,1,nflreadr,Tennessee Titans,3-2,Jacksonville Jaguars,0-5,0.3863,0.6137,0.4287,0.09890366223466307,0.9010963377653369,172,172,1,1,18,401326399413,41300,NA,NA,NA,NA,NA,NA,NA,NA,NA,NA,FALSE,0,0,FALSE,0,0,FALSE
nfl,2021,401326398,2021-10-10T17:00Z,Houston Texans,New England Patriots,HOU,NE,1-4,2-3,22,25,FALSE,New England Patriots,2-3,away,NE,8,39.5,288,-339,-112,102,1,nflreadr,New England Patriots,2-3,Houston Texans,1-4,0.3075,0.6925,0.8914,0.8781691720888489,0.12183082791115107,164,164,1,1,93,4013263982253,225300,NA,NA,NA,NA,NA,NA,NA,NA,NA,NA,FALSE,0,0,FALSE,0,0,FALSE
nfl,2021,401326405,2021-10-10T20:05Z,Las Vegas Raiders,Chicago Bears,LV,CHI,3-2,3-2,9,20,FALSE,Las Vegas Raiders,3-2,home,LV,5.5,46,-245,215,-108,-102,1,nflreadr,Chicago Bears,3-2,Las Vegas Raiders,3-2,0.6373,0.6373,0.7642,0.691442030881968,0.308557969118032,171,171,1,1,28,401326405639,63900,NA,NA,NA,NA,NA,NA,NA,NA,NA,NA,FALSE,0,0,FALSE,0,0,FALSE
nfl,2021,401326404,2021-10-10T20:05Z,Los Angeles Chargers,Cleveland Browns,LAC,CLE,4-1,3-2,47,42,TRUE,Los Angeles Chargers,4-1,home,LAC,2.5,46.5,-129,117,-104,-106,1,nflreadr,Los Angeles Chargers,4-1,Cleveland Browns,3-2,0.5498,0.5498,0.954,0.9517819706498951,0.048218029350104885,185,185,1,1,152,4013264043818,381800,NA,NA,NA,NA,NA,NA,NA,NA,NA,NA,FALSE,0,0,FALSE,0,0,FALSE
nfl,2021,401326407,2021-10-10T20:25Z,Dallas Cowboys,New York Giants,DAL,NYG,4-1,1-4,44,20,TRUE,Dallas Cowboys,4-1,home,DAL,7.5,53,-335,285,102,-112,1,nflreadr,Dallas Cowboys,4-1,New York Giants,1-4,0.7304,0.7304,0.3766000000000001,0.28412108337758923,0.7158789166224108,185,185,1,1,79,4013264071886,188600,NA,NA,NA,NA,NA,NA,NA,NA,NA,NA,FALSE,0,0,FALSE,0,0,FALSE
nfl,2021,401326406,2021-10-10T20:25Z,Arizona Cardinals,San Francisco 49ers,ARI,SF,5-0,2-3,17,10,TRUE,Arizona Cardinals,5-0,home,ARI,6,48.5,-266,231,-100,-110,1,nflreadr,Arizona Cardinals,5-0,San Francisco 49ers,2-3,0.6423,0.6423,0.4072,0.12156188605108054,0.8784381139489195,159,159,1,1,119,4013264062882,288200,NA,NA,NA,NA,NA,NA,NA,NA,NA,NA,FALSE,0,0,FALSE,0,0,FALSE
nfl,2021,401326408,2021-10-11T00:20Z,Kansas City Chiefs,Buffalo Bills,KC,BUF,2-3,4-1,20,38,FALSE,Buffalo Bills,4-1,NA,NA,NA,NA,NA,NA,NA,NA,NA,NA,Buffalo Bills,4-1,Kansas City Chiefs,2-3,0.4918,0.5082,0.59,0.3050847457627117,0.6949152542372883,184,184,1,1,18,401326408452,45200,NA,NA,NA,NA,NA,NA,NA,NA,NA,NA,FALSE,0,0,FALSE,0,0,FALSE
nfl,2021,401326409,2021-10-12T00:15Z,Baltimore Ravens,Indianapolis Colts,BAL,IND,4-1,1-4,31,25,TRUE,Baltimore Ravens,4-1,NA,NA,NA,NA,NA,NA,NA,NA,NA,NA,Baltimore Ravens,4-1,Indianapolis Colts,1-4,0.6691,0.6691,0.9838,0.9835332384631024,0.016466761536897634,180,180,1,1,127,4013264093172,317200,NA,NA,NA,NA,NA,NA,NA,NA,NA,NA,FALSE,0,0,FALSE,0,0,FALSE
nfl,2021,401326410,2021-10-15T00:20Z,Philadelphia Eagles,Tampa Bay Buccaneers,PHI,TB,2-4,5-1,22,28,FALSE,Tampa Bay Buccaneers,5-1,NA,NA,NA,NA,NA,NA,NA,NA,NA,NA,Tampa Bay Buccaneers,5-1,Philadelphia Eagles,2-4,0.2878,0.7121999999999999,0.4119,0.30128672007768864,0.6987132799223114,160,160,1,1,26,401326410627,62700,NA,NA,NA,NA,NA,NA,NA,NA,NA,NA,FALSE,0,0,FALSE,0,0,FALSE
nfl,2021,401326325,2021-10-17T13:30Z,Jacksonville Jaguars,Miami Dolphins,JAX,MIA,1-5,1-5,23,20,TRUE,Miami Dolphins,1-5,away,MIA,2.5,47.5,110,-122,-115,104,1,nflreadr,Jacksonville Jaguars,1-5,Miami Dolphins,1-5,0.3887,0.6113,0.8566,0.8325939761849173,0.16740602381508274,183,183,1,1,69,4013263251650,165000,NA,NA,NA,NA,NA,NA,NA,NA,NA,NA,FALSE,0,0,FALSE,0,0,FALSE
nfl,2021,401326413,2021-10-17T17:00Z,Chicago Bears,Green Bay Packers,CHI,GB,3-3,5-1,14,24,FALSE,Green Bay Packers,5-1,away,GB,5.5,44,201,-228,-104,-106,1,nflreadr,Green Bay Packers,5-1,Chicago Bears,3-3,0.4086,0.5913999999999999,0.6791,0.5274628184361656,0.4725371815638344,166,166,1,1,44,4013264131187,118700,NA,NA,NA,NA,NA,NA,NA,NA,NA,NA,FALSE,0,0,FALSE,0,0,FALSE
nfl,2021,401326414,2021-10-17T17:00Z,Detroit Lions,Cincinnati Bengals,DET,CIN,0-6,4-2,11,34,FALSE,Cincinnati Bengals,4-2,away,CIN,3.5,46.5,171,-192,-100,-110,1,nflreadr,Cincinnati Bengals,4-2,Detroit Lions,0-6,0.4365,0.5635,0.4432,0.015117328519855588,0.9848826714801444,176,176,1,1,14,401326414318,31800,NA,NA,NA,NA,NA,NA,NA,NA,NA,NA,FALSE,0,0,FALSE,0,0,FALSE
nfl,2021,401326415,2021-10-17T17:00Z,Indianapolis Colts,Houston Texans,IND,HOU,2-4,1-5,31,3,TRUE,Indianapolis Colts,2-4,home,IND,10.5,43.5,-442,363,106,-117,1,nflreadr,Indianapolis Colts,2-4,Houston Texans,1-5,0.7145,0.7145,0.3419,0.16496051477040075,0.8350394852295993,158,158,1,1,9,401326415206,20600,NA,NA,NA,NA,NA,NA,NA,NA,NA,NA,FALSE,0,0,FALSE,0,0,FALSE
nfl,2021,401326416,2021-10-17T17:00Z,New York Giants,Los Angeles Rams,NYG,LAR,1-5,5-1,11,38,FALSE,Los Angeles Rams,5-1,NA,NA,NA,NA,NA,NA,NA,NA,NA,NA,Los Angeles Rams,5-1,New York Giants,1-5,0.3411,0.6589,0.467,0.26959314775160614,0.7304068522483939,182,182,1,1,21,401326416541,54100,NA,NA,NA,NA,NA,NA,NA,NA,NA,NA,FALSE,0,0,FALSE,0,0,FALSE
nfl,2021,401326417,2021-10-17T17:00Z,Washington,Kansas City Chiefs,WSH,KC,2-4,3-3,13,31,FALSE,Kansas City Chiefs,3-3,NA,NA,NA,NA,NA,NA,NA,NA,NA,NA,Kansas City Chiefs,3-3,Washington,2-4,0.3417,0.6583,0.6237,0.4521404521404522,0.5478595478595478,175,175,1,1,101,4013264172447,244700,NA,NA,NA,NA,NA,NA,NA,NA,NA,NA,FALSE,0,0,FALSE,0,0,FALSE
nfl,2021,401326412,2021-10-17T17:00Z,Carolina Panthers,Minnesota Vikings,CAR,MIN,3-3,3-3,28,34,FALSE,Carolina Panthers,3-3,away,MIN,2.5,45.5,121,-134,-100,-110,1,nflreadr,Minnesota Vikings,3-3,Carolina Panthers,3-3,0.5453,0.5453,0.7111,0.5937280270004217,0.4062719729995783,216,216,1,1,123,4013264122998,299800,NA,NA,NA,NA,NA,NA,NA,NA,NA,NA,FALSE,0,0,FALSE,0,0,FALSE
nfl,2021,401326411,2021-10-17T17:00Z,Baltimore Ravens,Los Angeles Chargers,BAL,LAC,5-1,4-2,34,6,TRUE,Baltimore Ravens,5-1,home,BAL,3,50.5,-166,149,-116,106,1,nflreadr,Baltimore Ravens,5-1,Los Angeles Chargers,4-2,0.5888,0.5888,0.5035000000000001,0.18331678252234362,0.8166832174776564,153,153,1,1,13,401326411291,29100,NA,NA,NA,NA,NA,NA,NA,NA,NA,NA,FALSE,0,0,FALSE,0,0,FALSE
nfl,2021,401326418,2021-10-17T20:05Z,Cleveland Browns,Arizona Cardinals,CLE,ARI,3-3,6-0,14,37,FALSE,Cleveland Browns,3-3,home,CLE,3,48,-143,129,106,-117,1,nflreadr,Arizona Cardinals,6-0,Cleveland Browns,3-3,0.5208,0.5208,0.5899,0.30479742329208337,0.6952025767079166,177,177,1,1,8,401326418198,19800,NA,NA,NA,NA,NA,NA,NA,NA,NA,NA,FALSE,0,0,FALSE,0,0,FALSE
nfl,2021,401326419,2021-10-17T20:25Z,Denver Broncos,Las Vegas Raiders,DEN,LV,3-3,4-2,24,34,FALSE,Denver Broncos,3-3,home,DEN,5,45.5,-205,182,101,-111,1,nflreadr,Las Vegas Raiders,4-2,Denver Broncos,3-3,0.6289,0.6289,0.6289,0.40992208618222303,0.590077913817777,174,174,1,1,1,4013264191,100,NA,NA,NA,NA,NA,NA,NA,NA,NA,NA,FALSE,0,0,FALSE,0,0,FALSE
nfl,2021,401326420,2021-10-17T20:25Z,New England Patriots,Dallas Cowboys,NE,DAL,2-4,5-1,29,35,FALSE,Dallas Cowboys,5-1,away,DAL,3.5,50.5,169,-189,-102,-108,1,nflreadr,Dallas Cowboys,5-1,New England Patriots,2-4,0.4397,0.5603,0.8504,0.8240827845719663,0.17591721542803374,186,186,1,1,162,4013264204046,404600,NA,NA,NA,NA,NA,NA,NA,NA,NA,NA,FALSE,0,0,FALSE,0,0,FALSE
nfl,2021,401326421,2021-10-18T00:20Z,Pittsburgh Steelers,Seattle Seahawks,PIT,SEA,3-3,2-4,23,20,TRUE,Pittsburgh Steelers,3-3,NA,NA,NA,NA,NA,NA,NA,NA,NA,NA,Pittsburgh Steelers,3-3,Seattle Seahawks,2-4,0.595,0.595,0.71,0.5915492957746478,0.40845070422535223,190,190,1,1,157,4013264213814,381400,NA,NA,NA,NA,NA,NA,NA,NA,NA,NA,FALSE,0,0,FALSE,0,0,FALSE
nfl,2021,401326422,2021-10-19T00:15Z,Tennessee Titans,Buffalo Bills,TEN,BUF,4-2,4-2,34,31,TRUE,Buffalo Bills,4-2,NA,NA,NA,NA,NA,NA,NA,NA,NA,NA,Tennessee Titans,4-2,Buffalo Bills,4-2,0.2825,0.7175,0.8408,0.8106565176022835,0.18934348239771648,167,167,1,1,46,4013264221173,117300,NA,NA,NA,NA,NA,NA,NA,NA,NA,NA,FALSE,0,0,FALSE,0,0,FALSE
nfl,2021,401326423,2021-10-22T00:20Z,Cleveland Browns,Denver Broncos,CLE,DEN,4-3,3-4,17,14,TRUE,Cleveland Browns,4-3,NA,NA,NA,NA,NA,NA,NA,NA,NA,NA,Cleveland Browns,4-3,Denver Broncos,3-4,0.5545,0.5545,0.4455,0,1,162,162,1,1,1,4013264231,100,NA,NA,NA,NA,NA,NA,NA,NA,NA,NA,FALSE,0,0,FALSE,0,0,FALSE
nfl,2021,401326425,2021-10-24T17:00Z,Green Bay Packers,Washington,GB,WSH,6-1,2-5,24,10,TRUE,Green Bay Packers,6-1,NA,NA,NA,NA,NA,NA,NA,NA,NA,NA,Green Bay Packers,6-1,Washington,2-5,0.7225,0.7225,0.4104,0.32383040935672525,0.6761695906432748,159,159,1,1,39,401326425914,91400,NA,NA,NA,NA,NA,NA,NA,NA,NA,NA,FALSE,0,0,FALSE,0,0,FALSE
nfl,2021,401326429,2021-10-24T17:00Z,Tennessee Titans,Kansas City Chiefs,TEN,KC,5-2,3-4,27,3,TRUE,Kansas City Chiefs,3-4,away,KC,4,57.5,185,-209,-100,-110,1,nflreadr,Tennessee Titans,5-2,Kansas City Chiefs,3-4,0.4075,0.5925,0.5925,0.3122362869198314,0.6877637130801686,174,174,1,1,1,4013264291,100,NA,NA,NA,NA,NA,NA,NA,NA,NA,NA,FALSE,0,0,FALSE,0,0,FALSE
nfl,2021,401326426,2021-10-24T17:00Z,Miami Dolphins,Atlanta Falcons,MIA,ATL,1-6,3-3,28,30,FALSE,Miami Dolphins,1-6,away,ATL,1.5,48.5,117,-129,103,-113,1,nflreadr,Atlanta Falcons,3-3,Miami Dolphins,1-6,0.5068,0.5068,0.764,0.6910994764397906,0.30890052356020936,174,174,1,1,157,4013264263922,392200,NA,NA,NA,NA,NA,NA,NA,NA,NA,NA,FALSE,0,0,FALSE,0,0,FALSE
nfl,2021,401326427,2021-10-24T17:00Z,New England Patriots,New York Jets,NE,NYJ,3-4,1-5,54,13,TRUE,New England Patriots,3-4,home,NE,7,43,-303,261,-102,-108,1,nflreadr,New England Patriots,3-4,New York Jets,1-5,0.7107,0.7107,0.3065,0.05611745513866229,0.9438825448613377,173,173,1,1,2,40132642740,4000,NA,NA,NA,NA,NA,NA,NA,NA,NA,NA,FALSE,0,0,FALSE,0,0,FALSE
nfl,2021,401326428,2021-10-24T17:00Z,New York Giants,Carolina Panthers,NYG,CAR,2-5,3-4,25,3,TRUE,Carolina Panthers,3-4,away,CAR,3,42.5,139,-154,-107,-103,1,nflreadr,New York Giants,2-5,Carolina Panthers,3-4,0.4321,0.5679000000000001,0.6482,0.45726627584078994,0.5427337241592101,173,173,1,1,17,401326428391,39100,NA,NA,NA,NA,NA,NA,NA,NA,NA,NA,FALSE,0,0,FALSE,0,0,FALSE
nfl,2021,401326424,2021-10-24T17:00Z,Baltimore Ravens,Cincinnati Bengals,BAL,CIN,5-2,5-2,17,41,FALSE,Baltimore Ravens,5-2,home,BAL,6.5,45.5,-272,236,-101,-109,1,nflreadr,Cincinnati Bengals,5-2,Baltimore Ravens,5-2,0.6844,0.6844,0.7744,0.7086776859504131,0.29132231404958686,177,177,1,1,3,40132642456,5600,NA,NA,NA,NA,NA,NA,NA,NA,NA,NA,FALSE,0,0,FALSE,0,0,FALSE
nfl,2021,401326431,2021-10-24T20:05Z,Las Vegas Raiders,Philadelphia Eagles,LV,PHI,5-2,2-5,33,22,TRUE,Las Vegas Raiders,5-2,home,LV,1,48,-108,-102,-101,-109,1,nflreadr,Las Vegas Raiders,5-2,Philadelphia Eagles,2-5,0.6027,0.6027,0.6362,0.42816724300534426,0.5718327569946557,170,170,1,1,19,401326431427,42700,NA,NA,NA,NA,NA,NA,NA,NA,NA,NA,FALSE,0,0,FALSE,0,0,FALSE
nfl,2021,401326430,2021-10-24T20:05Z,Los Angeles Rams,Detroit Lions,LAR,DET,6-1,0-7,28,19,TRUE,Los Angeles Rams,6-1,NA,NA,NA,NA,NA,NA,NA,NA,NA,NA,Los Angeles Rams,6-1,Detroit Lions,0-7,0.8649,0.8649,0.4705,0.7128586609989374,0.28714133900106265,174,174,1,1,55,4013264301334,133400,NA,NA,NA,NA,NA,NA,NA,NA,NA,NA,FALSE,0,0,FALSE,0,0,FALSE
nfl,2021,401326432,2021-10-24T20:25Z,Arizona Cardinals,Houston Texans,ARI,HOU,7-0,1-6,31,5,TRUE,Arizona Cardinals,7-0,home,ARI,20.5,47,-1766,1119,100,-111,1,nflreadr,Arizona Cardinals,7-0,Houston Texans,1-6,0.8859,0.8859,0.28559999999999997,0.6004901960784315,0.39950980392156854,163,163,1,1,26,401326432606,60600,NA,NA,NA,NA,NA,NA,NA,NA,NA,NA,FALSE,0,0,FALSE,0,0,FALSE
nfl,2021,401326433,2021-10-24T20:25Z,Tampa Bay Buccaneers,Chicago Bears,TB,CHI,6-1,3-4,38,3,TRUE,Tampa Bay Buccaneers,6-1,home,TB,12.5,47,-644,501,103,-114,1,nflreadr,Tampa Bay Buccaneers,6-1,Chicago Bears,3-4,0.8129,0.8129,0.18710000000000004,0,1,172,172,1,1,1,4013264331,100,NA,NA,NA,NA,NA,NA,NA,NA,NA,NA,FALSE,0,0,FALSE,0,0,FALSE
nfl,2021,401326434,2021-10-25T00:20Z,San Francisco 49ers,Indianapolis Colts,SF,IND,2-4,3-4,18,30,FALSE,San Francisco 49ers,2-4,NA,NA,NA,NA,NA,NA,NA,NA,NA,NA,Indianapolis Colts,3-4,San Francisco 49ers,2-4,0.6542,0.6542,0.8639,0.8424586178955897,0.15754138210441027,162,162,1,1,20,401326434477,47700,NA,NA,NA,NA,NA,NA,NA,NA,NA,NA,FALSE,0,0,FALSE,0,0,FALSE
nfl,2021,401326435,2021-10-26T00:15Z,Seattle Seahawks,New Orleans Saints,SEA,NO,2-5,4-2,10,13,FALSE,New Orleans Saints,4-2,NA,NA,NA,NA,NA,NA,NA,NA,NA,NA,New Orleans Saints,4-2,Seattle Seahawks,2-5,0.4088,0.5912,0.705,0.5815602836879432,0.4184397163120568,173,173,1,1,33,401326435786,78600,NA,NA,NA,NA,NA,NA,NA,NA,NA,NA,FALSE,0,0,FALSE,0,0,FALSE
nfl,2021,401326436,2021-10-29T00:20Z,Arizona Cardinals,Green Bay Packers,ARI,GB,7-1,7-1,21,24,FALSE,Arizona Cardinals,7-1,NA,NA,NA,NA,NA,NA,NA,NA,NA,NA,Green Bay Packers,7-1,Arizona Cardinals,7-1,0.6754,0.6754,0.829,0.7937273823884197,0.20627261761158033,167,167,1,1,28,401326436715,71500,NA,NA,NA,NA,NA,NA,NA,NA,NA,NA,FALSE,0,0,FALSE,0,0,FALSE
nfl,2021,401326437,2021-10-31T17:00Z,Atlanta Falcons,Carolina Panthers,ATL,CAR,3-4,4-4,13,19,FALSE,Carolina Panthers,4-4,home,ATL,2.5,47,-129,117,-101,-109,1,nflreadr,Carolina Panthers,4-4,Atlanta Falcons,3-4,0.4867,0.5133,0.7238,0.6184028737220226,0.38159712627797737,171,171,1,1,64,4013264371504,150400,NA,NA,NA,NA,NA,NA,NA,NA,NA,NA,FALSE,0,0,FALSE,0,0,FALSE
nfl,2021,401326438,2021-10-31T17:00Z,Buffalo Bills,Miami Dolphins,BUF,MIA,5-2,1-7,26,11,TRUE,Buffalo Bills,5-2,home,BUF,15,48.5,-983,709,-102,-108,1,nflreadr,Buffalo Bills,5-2,Miami Dolphins,1-7,0.8791,0.8791,0.4029,0.6999255398361877,0.30007446016381234,183,183,1,1,93,4013264382201,220100,NA,NA,NA,NA,NA,NA,NA,NA,NA,NA,FALSE,0,0,FALSE,0,0,FALSE
nfl,2021,401326439,2021-10-31T17:00Z,Chicago Bears,San Francisco 49ers,CHI,SF,3-5,3-4,22,33,FALSE,San Francisco 49ers,3-4,away,SF,4.5,40,186,-210,-107,-103,1,nflreadr,San Francisco 49ers,3-4,Chicago Bears,3-5,0.407,0.593,0.8362,0.8041138483616361,0.19588615163836387,174,174,1,1,111,4013264392470,247000,NA,NA,NA,NA,NA,NA,NA,NA,NA,NA,FALSE,0,0,FALSE,0,0,FALSE
nfl,2021,401326440,2021-10-31T17:00Z,Cleveland Browns,Pittsburgh Steelers,CLE,PIT,4-4,4-3,10,15,FALSE,Cleveland Browns,4-4,home,CLE,5.5,43,-222,196,-102,-108,1,nflreadr,Pittsburgh Steelers,4-3,Cleveland Browns,4-4,0.563,0.563,0.7949,0.741980123285948,0.258019876714052,180,180,1,1,106,4013264402513,251300,NA,NA,NA,NA,NA,NA,NA,NA,NA,NA,FALSE,0,0,FALSE,0,0,FALSE
nfl,2021,401326441,2021-10-31T17:00Z,Detroit Lions,Philadelphia Eagles,DET,PHI,0-8,3-5,6,44,FALSE,Philadelphia Eagles,3-5,away,PHI,3,48.5,151,-168,105,-116,1,nflreadr,Philadelphia Eagles,3-5,Detroit Lions,0-8,0.4308,0.5691999999999999,0.5458,0.21069989006962242,0.7893001099303776,161,161,1,1,10,401326441212,21200,NA,NA,NA,NA,NA,NA,NA,NA,NA,NA,FALSE,0,0,FALSE,0,0,FALSE
nfl,2021,401326443,2021-10-31T17:00Z,Indianapolis Colts,Tennessee Titans,IND,TEN,3-5,6-2,31,34,FALSE,Indianapolis Colts,3-5,home,IND,3,51,-160,144,-108,-102,1,nflreadr,Tennessee Titans,6-2,Indianapolis Colts,3-5,0.538,0.538,0.8877,0.8734932972851188,0.12650670271488118,198,198,1,1,23,401326443539,53900,NA,NA,NA,NA,NA,NA,NA,NA,NA,NA,FALSE,0,0,FALSE,0,0,FALSE
nfl,2021,401326444,2021-10-31T17:00Z,New York Jets,Cincinnati Bengals,NYJ,CIN,2-5,5-3,34,31,TRUE,Cincinnati Bengals,5-3,away,CIN,11.5,43.5,411,-510,-105,-105,1,nflreadr,New York Jets,2-5,Cincinnati Bengals,5-3,0.2341,0.7659,0.9877,0.9875468259592994,0.012453174040700565,181,181,1,1,153,4013264443712,371200,NA,NA,NA,NA,NA,NA,NA,NA,NA,NA,FALSE,0,0,FALSE,0,0,FALSE
nfl,2021,401326442,2021-10-31T17:00Z,Houston Texans,Los Angeles Rams,HOU,LAR,1-7,7-1,22,38,FALSE,Los Angeles Rams,7-1,NA,NA,NA,NA,NA,NA,NA,NA,NA,NA,Los Angeles Rams,7-1,Houston Texans,1-7,0.1586,0.8414,0.1863,0.14868491680085905,0.851315083199141,169,169,1,1,10,401326442212,21200,NA,NA,NA,NA,NA,NA,NA,NA,NA,NA,FALSE,0,0,FALSE,0,0,FALSE
nfl,2021,401326445,2021-10-31T20:05Z,Los Angeles Chargers,New England Patriots,LAC,NE,4-3,4-4,24,27,FALSE,Los Angeles Chargers,4-3,home,LAC,3.5,50.5,-183,163,-109,-101,1,nflreadr,New England Patriots,4-4,Los Angeles Chargers,4-3,0.62,0.62,0.7467,0.6607740725860454,0.33922592741395463,180,180,1,1,61,4013264451449,144900,NA,NA,NA,NA,NA,NA,NA,NA,NA,NA,FALSE,0,0,FALSE,0,0,FALSE
nfl,2021,401326446,2021-10-31T20:05Z,Seattle Seahawks,Jacksonville Jaguars,SEA,JAX,3-5,1-6,31,7,TRUE,Seattle Seahawks,3-5,home,SEA,4,44,-192,171,-105,-105,1,nflreadr,Seattle Seahawks,3-5,Jacksonville Jaguars,1-6,0.7065,0.7065,0.3486,0.1580608146873208,0.8419391853126792,168,168,1,1,10,401326446211,21100,NA,NA,NA,NA,NA,NA,NA,NA,NA,NA,FALSE,0,0,FALSE,0,0,FALSE
nfl,2021,401326447,2021-10-31T20:25Z,Denver Broncos,Washington,DEN,WSH,4-4,2-6,17,10,TRUE,Denver Broncos,4-4,NA,NA,NA,NA,NA,NA,NA,NA,NA,NA,Denver Broncos,4-4,Washington,2-6,0.6912,0.6912,0.6733,0.5413634338333582,0.45863656616664183,156,156,1,1,127,4013264472985,298500,NA,NA,NA,NA,NA,NA,NA,NA,NA,NA,FALSE,0,0,FALSE,0,0,FALSE
nfl,2021,401326448,2021-10-31T20:25Z,New Orleans Saints,Tampa Bay Buccaneers,NO,TB,5-2,6-2,36,27,TRUE,Tampa Bay Buccaneers,6-2,away,TB,4,48.5,168,-188,-109,-101,1,nflreadr,New Orleans Saints,5-2,Tampa Bay Buccaneers,6-2,0.3579,0.6421,0.759,0.6824769433465085,0.31752305665349145,175,175,1,1,29,401326448747,74700,NA,NA,NA,NA,NA,NA,NA,NA,NA,NA,FALSE,0,0,FALSE,0,0,FALSE
nfl,2021,401326449,2021-11-01T00:20Z,Minnesota Vikings,Dallas Cowboys,MIN,DAL,3-4,6-1,16,20,FALSE,Minnesota Vikings,3-4,NA,NA,NA,NA,NA,NA,NA,NA,NA,NA,Dallas Cowboys,6-1,Minnesota Vikings,3-4,0.548,0.548,0.8627,0.8408484988988061,0.15915150110119392,184,184,1,1,173,4013264494196,419600,NA,NA,NA,NA,NA,NA,NA,NA,NA,NA,FALSE,0,0,FALSE,0,0,FALSE
nfl,2021,401326450,2021-11-02T00:15Z,Kansas City Chiefs,New York Giants,KC,NYG,4-4,2-6,20,17,TRUE,Kansas City Chiefs,4-4,NA,NA,NA,NA,NA,NA,NA,NA,NA,NA,Kansas City Chiefs,4-4,New York Giants,2-6,0.7471,0.7471,0.5918,0.5726596823251098,0.4273403176748902,179,179,1,1,146,4013264503674,367400,NA,NA,NA,NA,NA,NA,NA,NA,NA,NA,FALSE,0,0,FALSE,0,0,FALSE
nfl,2021,401326451,2021-11-05T00:20Z,Indianapolis Colts,New York Jets,IND,NYJ,4-5,2-6,45,30,TRUE,Indianapolis Colts,4-5,NA,NA,NA,NA,NA,NA,NA,NA,NA,NA,Indianapolis Colts,4-5,New York Jets,2-6,0.7883,0.7883,0.24129999999999996,0.12266887691670103,0.877331123083299,173,173,1,1,30,401326451736,73600,NA,NA,NA,NA,NA,NA,NA,NA,NA,NA,FALSE,0,0,FALSE,0,0,FALSE
nfl,2021,401326454,2021-11-07T18:00Z,Cincinnati Bengals,Cleveland Browns,CIN,CLE,5-4,5-4,16,41,FALSE,Cincinnati Bengals,5-4,home,CIN,2.5,47.5,-129,117,-105,-105,1,nflreadr,Cleveland Browns,5-4,Cincinnati Bengals,5-4,0.5324,0.5324,0.6558,0.47514486123818256,0.5248551387618174,161,161,1,1,13,401326454309,30900,NA,NA,NA,NA,NA,NA,NA,NA,NA,NA,FALSE,0,0,FALSE,0,0,FALSE
nfl,2021,401326455,2021-11-07T18:00Z,Dallas Cowboys,Denver Broncos,DAL,DEN,6-2,5-4,16,30,FALSE,Dallas Cowboys,6-2,home,DAL,10.5,50,-462,378,-103,-107,1,nflreadr,Denver Broncos,5-4,Dallas Cowboys,6-2,0.6986,0.6986,0.7565,0.6781229345670852,0.32187706543291483,173,173,1,1,20,401326455472,47200,NA,NA,NA,NA,NA,NA,NA,NA,NA,NA,FALSE,0,0,FALSE,0,0,FALSE
nfl,2021,401326457,2021-11-07T18:00Z,Miami Dolphins,Houston Texans,MIA,HOU,2-7,1-8,17,9,TRUE,Miami Dolphins,2-7,home,MIA,4,45,-185,166,101,-112,1,nflreadr,Miami Dolphins,2-7,Houston Texans,1-8,0.7368,0.7368,0.3783,0.30425588157546923,0.6957441184245308,183,183,1,1,5,401326457106,10600,NA,NA,NA,NA,NA,NA,NA,NA,NA,NA,FALSE,0,0,FALSE,0,0,FALSE
nfl,2021,401326458,2021-11-07T18:00Z,New Orleans Saints,Atlanta Falcons,NO,ATL,5-3,4-4,25,27,FALSE,New Orleans Saints,5-3,home,NO,7,43,-277,240,106,-117,1,nflreadr,Atlanta Falcons,4-4,New Orleans Saints,5-3,0.6934,0.6934,0.7457,0.6589781413437039,0.3410218586562961,175,175,1,1,4,40132645878,7800,NA,NA,NA,NA,NA,NA,NA,NA,NA,NA,FALSE,0,0,FALSE,0,0,FALSE
nfl,2021,401326459,2021-11-07T18:00Z,New York Giants,Las Vegas Raiders,NYG,LV,3-6,5-3,23,16,TRUE,Las Vegas Raiders,5-3,away,LV,3,47,137,-152,-108,-102,1,nflreadr,New York Giants,3-6,Las Vegas Raiders,5-3,0.4556,0.5444,0.7054,0.5823646158208109,0.4176353841791891,164,164,1,1,49,4013264591219,121900,NA,NA,NA,NA,NA,NA,NA,NA,NA,NA,FALSE,0,0,FALSE,0,0,FALSE
nfl,2021,401326453,2021-11-07T18:00Z,Carolina Panthers,New England Patriots,CAR,NE,4-5,5-4,6,24,FALSE,New England Patriots,5-4,away,NE,3.5,41.5,157,-176,-109,-101,1,nflreadr,New England Patriots,5-4,Carolina Panthers,4-5,0.4402,0.5598000000000001,0.6085,0.35661462612982753,0.6433853738701725,159,159,1,1,46,4013264531120,112000,NA,NA,NA,NA,NA,NA,NA,NA,NA,NA,FALSE,0,0,FALSE,0,0,FALSE
nfl,2021,401326456,2021-11-07T18:00Z,Jacksonville Jaguars,Buffalo Bills,JAX,BUF,2-6,5-3,9,6,TRUE,Buffalo Bills,5-3,away,BUF,14.5,48,776,-1101,109,-120,1,nflreadr,Jacksonville Jaguars,2-6,Buffalo Bills,5-3,0.1337,0.8663,0.8891,0.8752671240580363,0.1247328759419637,172,172,1,1,7,401326456178,17800,NA,NA,NA,NA,NA,NA,NA,NA,NA,NA,FALSE,0,0,FALSE,0,0,FALSE
nfl,2021,401326452,2021-11-07T18:00Z,Baltimore Ravens,Minnesota Vikings,BAL,MIN,6-2,3-5,34,31,TRUE,Baltimore Ravens,6-2,home,BAL,7.5,51,-305,262,106,-117,1,nflreadr,Baltimore Ravens,6-2,Minnesota Vikings,3-5,0.6362,0.6362,0.8742,0.8560970029741477,0.1439029970258523,203,203,1,1,93,4013264522283,228300,NA,NA,NA,NA,NA,NA,NA,NA,NA,NA,FALSE,0,0,FALSE,0,0,FALSE
nfl,2021,401326460,2021-11-07T21:05Z,Philadelphia Eagles,Los Angeles Chargers,PHI,LAC,3-6,5-3,24,27,FALSE,Philadelphia Eagles,3-6,away,LAC,1,49.5,-104,-106,-110,-101,1,nflreadr,Los Angeles Chargers,5-3,Philadelphia Eagles,3-6,0.5061,0.5061,0.676,0.5207100591715976,0.47928994082840237,163,163,1,1,79,4013264601820,182000,NA,NA,NA,NA,NA,NA,NA,NA,NA,NA,FALSE,0,0,FALSE,0,0,FALSE
nfl,2021,401326461,2021-11-07T21:25Z,Kansas City Chiefs,Green Bay Packers,KC,GB,5-4,7-2,13,7,TRUE,Kansas City Chiefs,5-4,home,KC,7,48,-322,275,-104,-107,1,nflreadr,Kansas City Chiefs,5-4,Green Bay Packers,7-2,0.5841,0.5841,0.4159000000000001,1.1102230246251565e-16,0.9999999999999999,167,167,1,1,1,4013264611,100,NA,NA,NA,NA,NA,NA,NA,NA,NA,NA,FALSE,0,0,FALSE,0,0,FALSE
nfl,2021,401326462,2021-11-07T21:25Z,San Francisco 49ers,Arizona Cardinals,SF,ARI,3-5,8-1,17,31,FALSE,San Francisco 49ers,3-5,home,SF,5.5,44.5,-235,207,-105,-105,1,nflreadr,Arizona Cardinals,8-1,San Francisco 49ers,3-5,0.5268,0.5268,0.5966,0.3238350653704325,0.6761649346295675,165,165,1,1,13,401326462299,29900,NA,NA,NA,NA,NA,NA,NA,NA,NA,NA,FALSE,0,0,FALSE,0,0,FALSE
nfl,2021,401326463,2021-11-08T01:20Z,Los Angeles Rams,Tennessee Titans,LAR,TEN,7-2,7-2,16,28,FALSE,Los Angeles Rams,7-2,NA,NA,NA,NA,NA,NA,NA,NA,NA,NA,Tennessee Titans,7-2,Los Angeles Rams,7-2,0.7125,0.7125,0.7901,0.7343374256423238,0.26566257435767615,178,178,1,1,26,401326463583,58300,NA,NA,NA,NA,NA,NA,NA,NA,NA,NA,FALSE,0,0,FALSE,0,0,FALSE
nfl,2021,401326464,2021-11-09T01:15Z,Pittsburgh Steelers,Chicago Bears,PIT,CHI,5-3,3-6,29,27,TRUE,Pittsburgh Steelers,5-3,NA,NA,NA,NA,NA,NA,NA,NA,NA,NA,Pittsburgh Steelers,5-3,Chicago Bears,3-6,0.6816,0.6816,0.6603,0.5177949416931698,0.48220505830683025,182,182,1,1,163,4013264643971,397100,NA,NA,NA,NA,NA,NA,NA,NA,NA,NA,FALSE,0,0,FALSE,0,0,FALSE
nfl,2021,401326465,2021-11-12T01:20Z,Miami Dolphins,Baltimore Ravens,MIA,BAL,3-7,6-3,22,10,TRUE,Baltimore Ravens,6-3,NA,NA,NA,NA,NA,NA,NA,NA,NA,NA,Miami Dolphins,3-7,Baltimore Ravens,6-3,0.3638,0.6362,0.7592,0.6828240252897786,0.3171759747102214,193,193,1,1,14,401326465302,30200,NA,NA,NA,NA,NA,NA,NA,NA,NA,NA,FALSE,0,0,FALSE,0,0,FALSE
nfl,2021,401326466,2021-11-14T18:00Z,Dallas Cowboys,Atlanta Falcons,DAL,ATL,7-2,4-5,43,3,TRUE,Dallas Cowboys,7-2,home,DAL,8,55,-392,328,-105,-105,1,nflreadr,Dallas Cowboys,7-2,Atlanta Falcons,4-5,0.7489,0.7489,0.29800000000000004,0.15738255033557058,0.8426174496644294,164,164,1,1,22,401326466542,54200,NA,NA,NA,NA,NA,NA,NA,NA,NA,NA,FALSE,0,0,FALSE,0,0,FALSE
nfl,2021,401326471,2021-11-14T18:00Z,Tennessee Titans,New Orleans Saints,TEN,NO,8-2,5-4,23,21,TRUE,Tennessee Titans,8-2,home,TEN,3,44,-147,133,103,-114,1,nflreadr,Tennessee Titans,8-2,New Orleans Saints,5-4,0.6034,0.6034,0.5636,0.2963094393186658,0.7036905606813342,173,173,1,1,17,401326471382,38200,NA,NA,NA,NA,NA,NA,NA,NA,NA,NA,FALSE,0,0,FALSE,0,0,FALSE
nfl,2021,401326467,2021-11-14T18:00Z,Indianapolis Colts,Jacksonville Jaguars,IND,JAX,5-5,2-7,23,17,TRUE,Indianapolis Colts,5-5,home,IND,10.5,47.5,-434,358,104,-115,1,nflreadr,Indianapolis Colts,5-5,Jacksonville Jaguars,2-7,0.7816,0.7816,0.4175,0.47688622754491006,0.5231137724550899,177,177,1,1,144,4013264673454,345400,NA,NA,NA,NA,NA,NA,NA,NA,NA,NA,FALSE,0,0,FALSE,0,0,FALSE
nfl,2021,401326468,2021-11-14T18:00Z,New England Patriots,Cleveland Browns,NE,CLE,6-4,5-5,45,7,TRUE,New England Patriots,6-4,home,NE,2.5,45.5,-132,119,-106,-104,1,nflreadr,New England Patriots,6-4,Cleveland Browns,5-5,0.5671,0.5671,0.6946,0.5603224877627411,0.4396775122372589,156,156,1,1,16,401326468389,38900,NA,NA,NA,NA,NA,NA,NA,NA,NA,NA,FALSE,0,0,FALSE,0,0,FALSE
nfl,2021,401326469,2021-11-14T18:00Z,New York Jets,Buffalo Bills,NYJ,BUF,2-7,6-3,17,45,FALSE,Buffalo Bills,6-3,away,BUF,13,47,527,-685,-111,101,1,nflreadr,Buffalo Bills,6-3,New York Jets,2-7,0.1708,0.8291999999999999,0.1953,0.12544802867383475,0.8745519713261652,168,168,1,1,7,401326469159,15900,NA,NA,NA,NA,NA,NA,NA,NA,NA,NA,FALSE,0,0,FALSE,0,0,FALSE
nfl,2021,401326472,2021-11-14T18:00Z,Washington,Tampa Bay Buccaneers,WSH,TB,3-6,6-3,29,19,TRUE,Tampa Bay Buccaneers,6-3,NA,NA,NA,NA,NA,NA,NA,NA,NA,NA,Washington,3-6,Tampa Bay Buccaneers,6-3,0.2203,0.7797000000000001,0.7797000000000001,0.7174554315762474,0.28254456842375264,161,161,1,1,1,4013264721,100,NA,NA,NA,NA,NA,NA,NA,NA,NA,NA,FALSE,0,0,FALSE,0,0,FALSE
nfl,2021,401326473,2021-11-14T21:05Z,Arizona Cardinals,Carolina Panthers,ARI,CAR,8-2,5-5,10,34,FALSE,Arizona Cardinals,8-2,home,ARI,7,42,-329,280,-107,-103,1,nflreadr,Carolina Panthers,5-5,Arizona Cardinals,8-2,0.7643,0.7643,0.7643,0.6916132408740023,0.30838675912599767,167,167,1,1,1,4013264731,100,NA,NA,NA,NA,NA,NA,NA,NA,NA,NA,FALSE,0,0,FALSE,0,0,FALSE
nfl,2021,401326474,2021-11-14T21:05Z,Los Angeles Chargers,Minnesota Vikings,LAC,MIN,5-4,4-5,20,27,FALSE,Los Angeles Chargers,5-4,home,LAC,3,53.5,-179,160,-123,111,1,nflreadr,Minnesota Vikings,4-5,Los Angeles Chargers,5-4,0.5917,0.5917,0.7725,0.7055016181229772,0.2944983818770228,177,177,1,1,110,4013264742697,269700,NA,NA,NA,NA,NA,NA,NA,NA,NA,NA,FALSE,0,0,FALSE,0,0,FALSE
nfl,2021,401326475,2021-11-14T21:25Z,Denver Broncos,Philadelphia Eagles,DEN,PHI,5-5,4-6,13,30,FALSE,Denver Broncos,5-5,home,DEN,1,44.5,-111,101,-102,-108,1,nflreadr,Philadelphia Eagles,4-6,Denver Broncos,5-5,0.635,0.635,0.7529,0.6718023641917918,0.32819763580820815,163,163,1,1,2,40132647540,4000,NA,NA,NA,NA,NA,NA,NA,NA,NA,NA,FALSE,0,0,FALSE,0,0,FALSE
nfl,2021,401326476,2021-11-14T21:25Z,Green Bay Packers,Seattle Seahawks,GB,SEA,8-2,3-6,17,0,TRUE,Green Bay Packers,8-2,home,GB,3,49.5,-168,151,-115,104,1,nflreadr,Green Bay Packers,8-2,Seattle Seahawks,3-6,0.5508,0.5508,0.6148,0.3734547820429408,0.6265452179570592,167,167,1,1,28,401326476664,66400,NA,NA,NA,NA,NA,NA,NA,NA,NA,NA,FALSE,0,0,FALSE,0,0,FALSE
nfl,2021,401326477,2021-11-15T01:20Z,Las Vegas Raiders,Kansas City Chiefs,LV,KC,5-4,6-4,14,41,FALSE,Kansas City Chiefs,6-4,NA,NA,NA,NA,NA,NA,NA,NA,NA,NA,Kansas City Chiefs,6-4,Las Vegas Raiders,5-4,0.4739,0.5261,0.5826,0.28355647099210435,0.7164435290078957,168,168,1,1,18,401326477431,43100,NA,NA,NA,NA,NA,NA,NA,NA,NA,NA,FALSE,0,0,FALSE,0,0,FALSE
nfl,2021,401326478,2021-11-16T01:15Z,San Francisco 49ers,Los Angeles Rams,SF,LAR,4-5,7-3,31,10,TRUE,Los Angeles Rams,7-3,NA,NA,NA,NA,NA,NA,NA,NA,NA,NA,San Francisco 49ers,4-5,Los Angeles Rams,7-3,0.3991,0.6009,0.6012,0.3366600133067197,0.6633399866932803,158,158,1,1,3,40132647864,6400,NA,NA,NA,NA,NA,NA,NA,NA,NA,NA,FALSE,0,0,FALSE,0,0,FALSE
nfl,2021,401326479,2021-11-19T01:20Z,Atlanta Falcons,New England Patriots,ATL,NE,4-6,7-4,0,25,FALSE,New England Patriots,7-4,NA,NA,NA,NA,NA,NA,NA,NA,NA,NA,New England Patriots,7-4,Atlanta Falcons,4-6,0.307,0.6930000000000001,0.3799,0.19189260331666247,0.8081073966833375,156,156,1,1,7,401326479159,15900,NA,NA,NA,NA,NA,NA,NA,NA,NA,NA,FALSE,0,0,FALSE,0,0,FALSE
nfl,2021,401326480,2021-11-21T18:00Z,Buffalo Bills,Indianapolis Colts,BUF,IND,6-4,6-5,15,41,FALSE,Buffalo Bills,6-4,home,BUF,7.5,49.5,-320,274,105,-116,1,nflreadr,Indianapolis Colts,6-5,Buffalo Bills,6-4,0.7643,0.7643,0.7712,0.7033195020746887,0.29668049792531126,157,157,1,1,4,40132648096,9600,NA,NA,NA,NA,NA,NA,NA,NA,NA,NA,FALSE,0,0,FALSE,0,0,FALSE
nfl,2021,401326482,2021-11-21T18:00Z,Chicago Bears,Baltimore Ravens,CHI,BAL,3-7,7-3,13,16,FALSE,Baltimore Ravens,7-3,away,BAL,5,43,199,-226,-107,-103,1,nflreadr,Baltimore Ravens,7-3,Chicago Bears,3-7,0.4838,0.5162,0.9321,0.9271537388692201,0.07284626113077985,194,194,1,1,179,4013264824154,415400,NA,NA,NA,NA,NA,NA,NA,NA,NA,NA,FALSE,0,0,FALSE,0,0,FALSE
nfl,2021,401326483,2021-11-21T18:00Z,Cleveland Browns,Detroit Lions,CLE,DET,6-5,0-9-1,13,10,TRUE,Cleveland Browns,6-5,home,CLE,13,42.5,-590,465,-104,-106,1,nflreadr,Cleveland Browns,6-5,Detroit Lions,0-9-1,0.8176,0.8176,0.5987,0.6953399031234341,0.3046600968765659,161,161,1,1,48,4013264831164,116400,NA,NA,NA,NA,NA,NA,NA,NA,NA,NA,FALSE,0,0,FALSE,0,0,FALSE
nfl,2021,401326488,2021-11-21T18:00Z,Tennessee Titans,Houston Texans,TEN,HOU,8-3,2-8,13,22,FALSE,Tennessee Titans,8-3,home,TEN,10.5,44.5,-462,377,-100,-110,1,nflreadr,Houston Texans,2-8,Tennessee Titans,8-3,0.8302,0.8302,0.8406,0.8103735427075898,0.18962645729241023,183,183,1,1,10,401326488217,21700,NA,NA,NA,NA,NA,NA,NA,NA,NA,NA,FALSE,0,0,FALSE,0,0,FALSE
nfl,2021,401326485,2021-11-21T18:00Z,Minnesota Vikings,Green Bay Packers,MIN,GB,5-5,8-3,34,31,TRUE,Green Bay Packers,8-3,away,GB,1,48,101,-111,-105,-105,1,nflreadr,Minnesota Vikings,5-5,Green Bay Packers,8-3,0.4554,0.5446,0.6489,0.45893049776544936,0.5410695022345506,165,165,1,1,10,401326485211,21100,NA,NA,NA,NA,NA,NA,NA,NA,NA,NA,FALSE,0,0,FALSE,0,0,FALSE
nfl,2021,401326486,2021-11-21T18:00Z,New York Jets,Miami Dolphins,NYJ,MIA,2-8,4-7,17,24,FALSE,Miami Dolphins,4-7,away,MIA,3.5,44.5,162,-181,-107,-103,1,nflreadr,Miami Dolphins,4-7,New York Jets,2-8,0.3956,0.6044,0.6223,0.393058010605817,0.606941989394183,172,172,1,1,63,4013264861681,168100,NA,NA,NA,NA,NA,NA,NA,NA,NA,NA,FALSE,0,0,FALSE,0,0,FALSE
nfl,2021,401326487,2021-11-21T18:00Z,Philadelphia Eagles,New Orleans Saints,PHI,NO,5-6,5-5,40,29,TRUE,New Orleans Saints,5-5,home,PHI,2.5,42.5,-144,130,-117,106,1,nflreadr,Philadelphia Eagles,5-6,New Orleans Saints,5-5,0.4839,0.5161,0.5792999999999999,0.2737786984291384,0.7262213015708616,191,191,1,1,13,401326487295,29500,NA,NA,NA,NA,NA,NA,NA,NA,NA,NA,FALSE,0,0,FALSE,0,0,FALSE
nfl,2021,401326481,2021-11-21T18:00Z,Carolina Panthers,Washington,CAR,WSH,5-6,4-6,21,27,FALSE,Carolina Panthers,5-6,NA,NA,NA,NA,NA,NA,NA,NA,NA,NA,Washington,4-6,Carolina Panthers,5-6,0.6284,0.6284,0.8145,0.7722529158993248,0.22774708410067523,159,159,1,1,14,401326481323,32300,NA,NA,NA,NA,NA,NA,NA,NA,NA,NA,FALSE,0,0,FALSE,0,0,FALSE
nfl,2021,401326484,2021-11-21T18:00Z,Jacksonville Jaguars,San Francisco 49ers,JAX,SF,2-8,5-5,10,30,FALSE,San Francisco 49ers,5-5,away,SF,6.5,45,243,-281,-104,-106,1,nflreadr,San Francisco 49ers,5-5,Jacksonville Jaguars,2-8,0.3561,0.6438999999999999,0.3999,0.10952738184546107,0.8904726181545389,149,149,1,1,2,40132648440,4000,NA,NA,NA,NA,NA,NA,NA,NA,NA,NA,FALSE,0,0,FALSE,0,0,FALSE
nfl,2021,401326489,2021-11-21T21:05Z,Las Vegas Raiders,Cincinnati Bengals,LV,CIN,5-5,6-4,13,32,FALSE,Las Vegas Raiders,5-5,away,CIN,1,50.5,112,-123,105,-115,1,nflreadr,Cincinnati Bengals,6-4,Las Vegas Raiders,5-5,0.5009,0.5009,0.6583,0.48093574358195346,0.5190642564180465,161,161,1,1,9,401326489199,19900,NA,NA,NA,NA,NA,NA,NA,NA,NA,NA,FALSE,0,0,FALSE,0,0,FALSE
nfl,2021,401326490,2021-11-21T21:25Z,Kansas City Chiefs,Dallas Cowboys,KC,DAL,7-4,7-3,19,9,TRUE,Dallas Cowboys,7-3,home,KC,2.5,56,-134,122,-110,-101,1,nflreadr,Kansas City Chiefs,7-4,Dallas Cowboys,7-3,0.4935,0.5065,0.5065,0.025666337611055967,0.974333662388944,177,177,1,1,1,4013264901,100,NA,NA,NA,NA,NA,NA,NA,NA,NA,NA,FALSE,0,0,FALSE,0,0,FALSE
nfl,2021,401326491,2021-11-21T21:25Z,Seattle Seahawks,Arizona Cardinals,SEA,ARI,3-7,9-2,13,23,FALSE,Seattle Seahawks,3-7,home,SEA,2.5,46,-150,135,-122,111,1,nflreadr,Arizona Cardinals,9-2,Seattle Seahawks,3-7,0.5633,0.5633,0.5823,0.28267216211574797,0.717327837884252,174,174,1,1,15,401326491345,34500,NA,NA,NA,NA,NA,NA,NA,NA,NA,NA,FALSE,0,0,FALSE,0,0,FALSE
nfl,2021,401326492,2021-11-22T01:20Z,Los Angeles Chargers,Pittsburgh Steelers,LAC,PIT,6-4,5-4-1,41,37,TRUE,Los Angeles Chargers,6-4,NA,NA,NA,NA,NA,NA,NA,NA,NA,NA,Los Angeles Chargers,6-4,Pittsburgh Steelers,5-4-1,0.6453,0.6453,0.7085,0.5885673959068456,0.4114326040931544,186,186,1,1,162,4013264924066,406600,NA,NA,NA,NA,NA,NA,NA,NA,NA,NA,FALSE,0,0,FALSE,0,0,FALSE
nfl,2021,401326493,2021-11-23T01:15Z,Tampa Bay Buccaneers,New York Giants,TB,NYG,7-3,3-7,30,10,TRUE,Tampa Bay Buccaneers,7-3,NA,NA,NA,NA,NA,NA,NA,NA,NA,NA,Tampa Bay Buccaneers,7-3,New York Giants,3-7,0.7855,0.7855,0.3216,0.3330223880597014,0.6669776119402986,171,171,1,1,61,4013264931466,146600,NA,NA,NA,NA,NA,NA,NA,NA,NA,NA,FALSE,0,0,FALSE,0,0,FALSE
nfl,2021,401326494,2021-11-25T17:30Z,Detroit Lions,Chicago Bears,DET,CHI,0-10-1,4-7,14,16,FALSE,Chicago Bears,4-7,away,CHI,2,41.5,115,-129,-104,-107,1,nflreadr,Chicago Bears,4-7,Detroit Lions,0-10-1,0.4368,0.5631999999999999,0.7165,0.6043265875785067,0.39567341242149334,159,159,1,1,33,401326494861,86100,NA,NA,NA,NA,NA,NA,NA,NA,NA,NA,FALSE,0,0,FALSE,0,0,FALSE
nfl,2021,401326495,2021-11-25T21:30Z,Dallas Cowboys,Las Vegas Raiders,DAL,LV,7-4,6-5,33,36,FALSE,Dallas Cowboys,7-4,home,DAL,7,51,-314,269,-105,-106,1,nflreadr,Las Vegas Raiders,6-5,Dallas Cowboys,7-4,0.7518,0.7518,0.7709,0.7028148916850434,0.2971851083149566,198,198,1,1,8,401326495173,17300,NA,NA,NA,NA,NA,NA,NA,NA,NA,NA,FALSE,0,0,FALSE,0,0,FALSE
nfl,2021,401326496,2021-11-26T01:20Z,New Orleans Saints,Buffalo Bills,NO,BUF,5-6,7-4,6,31,FALSE,Buffalo Bills,7-4,NA,NA,NA,NA,NA,NA,NA,NA,NA,NA,Buffalo Bills,7-4,New Orleans Saints,5-6,0.3836,0.6164000000000001,0.3836,1.1102230246251565e-16,0.9999999999999999,155,155,1,1,1,4013264961,100,NA,NA,NA,NA,NA,NA,NA,NA,NA,NA,FALSE,0,0,FALSE,0,0,FALSE
nfl,2021,401326497,2021-11-28T18:00Z,Cincinnati Bengals,Pittsburgh Steelers,CIN,PIT,7-4,5-5-1,41,10,TRUE,Cincinnati Bengals,7-4,home,CIN,3.5,43.5,-172,154,-100,-111,1,nflreadr,Cincinnati Bengals,7-4,Pittsburgh Steelers,5-5-1,0.5456,0.5456,0.5073,0.10427754780208942,0.8957224521979106,163,163,1,1,5,401326497105,10500,NA,NA,NA,NA,NA,NA,NA,NA,NA,NA,FALSE,0,0,FALSE,0,0,FALSE
nfl,2021,401326499,2021-11-28T18:00Z,Indianapolis Colts,Tampa Bay Buccaneers,IND,TB,6-6,8-3,31,38,FALSE,Tampa Bay Buccaneers,8-3,away,TB,3,53,135,-149,-112,101,1,nflreadr,Tampa Bay Buccaneers,8-3,Indianapolis Colts,6-6,0.397,0.603,0.8302,0.7954709708503975,0.20452902914960247,174,174,1,1,102,4013264992476,247600,NA,NA,NA,NA,NA,NA,NA,NA,NA,NA,FALSE,0,0,FALSE,0,0,FALSE
nfl,2021,401326501,2021-11-28T18:00Z,Miami Dolphins,Carolina Panthers,MIA,CAR,5-7,5-7,33,10,TRUE,Miami Dolphins,5-7,away,CAR,1,41,108,-119,-101,-110,1,nflreadr,Miami Dolphins,5-7,Carolina Panthers,5-7,0.5078,0.5078,0.5868,0.2958418541240626,0.7041581458759374,172,172,1,1,26,401326501675,67500,NA,NA,NA,NA,NA,NA,NA,NA,NA,NA,FALSE,0,0,FALSE,0,0,FALSE
nfl,2021,401326502,2021-11-28T18:00Z,New England Patriots,Tennessee Titans,NE,TEN,8-4,8-4,36,13,TRUE,New England Patriots,8-4,home,NE,7.5,43,-305,262,106,-118,1,nflreadr,New England Patriots,8-4,Tennessee Titans,8-4,0.6743,0.6743,0.47,0.30702127659574463,0.6929787234042554,160,160,1,1,86,4013265022142,214200,NA,NA,NA,NA,NA,NA,NA,NA,NA,NA,FALSE,0,0,FALSE,0,0,FALSE
nfl,2021,401326503,2021-11-28T18:00Z,New York Giants,Philadelphia Eagles,NYG,PHI,4-7,5-7,13,7,TRUE,Philadelphia Eagles,5-7,away,PHI,4,45.5,171,-192,-110,100,1,nflreadr,New York Giants,4-7,Philadelphia Eagles,5-7,0.4383,0.5617,0.6556,0.4746796827333739,0.5253203172666261,161,161,1,1,2,40132650340,4000,NA,NA,NA,NA,NA,NA,NA,NA,NA,NA,FALSE,0,0,FALSE,0,0,FALSE
nfl,2021,401326500,2021-11-28T18:00Z,Jacksonville Jaguars,Atlanta Falcons,JAX,ATL,2-9,5-6,14,21,FALSE,Atlanta Falcons,5-6,away,ATL,1.5,46,105,-115,-108,-102,1,nflreadr,Atlanta Falcons,5-6,Jacksonville Jaguars,2-9,0.4779,0.5221,0.5865,0.29497016197783466,0.7050298380221653,173,173,1,1,27,401326500628,62800,NA,NA,NA,NA,NA,NA,NA,NA,NA,NA,FALSE,0,0,FALSE,0,0,FALSE
nfl,2021,401326498,2021-11-28T18:00Z,Houston Texans,New York Jets,HOU,NYJ,2-9,3-8,14,21,FALSE,Houston Texans,2-9,home,HOU,3,44.5,-138,125,111,-124,1,nflreadr,New York Jets,3-8,Houston Texans,2-9,0.5608,0.5608,0.8562,0.8320485867787899,0.1679514132212101,162,162,1,1,52,4013264981196,119600,NA,NA,NA,NA,NA,NA,NA,NA,NA,NA,FALSE,0,0,FALSE,0,0,FALSE
nfl,2021,401326504,2021-11-28T21:05Z,Denver Broncos,Los Angeles Chargers,DEN,LAC,6-5,6-5,28,13,TRUE,Denver Broncos,6-5,away,LAC,2.5,47.5,127,-141,103,-114,1,nflreadr,Denver Broncos,6-5,Los Angeles Chargers,6-5,0.5456,0.5456,0.5167999999999999,0.1207430340557274,0.8792569659442726,164,164,1,1,6,401326504133,13300,NA,NA,NA,NA,NA,NA,NA,NA,NA,NA,FALSE,0,0,FALSE,0,0,FALSE
nfl,2021,401326505,2021-11-28T21:25Z,Green Bay Packers,Los Angeles Rams,GB,LAR,9-3,7-4,36,28,TRUE,Green Bay Packers,9-3,NA,NA,NA,NA,NA,NA,NA,NA,NA,NA,Green Bay Packers,9-3,Los Angeles Rams,7-4,0.5156,0.5156,0.5009,0.032940706727889735,0.9670592932721103,189,189,1,1,22,401326505504,50400,NA,NA,NA,NA,NA,NA,NA,NA,NA,NA,FALSE,0,0,FALSE,0,0,FALSE
nfl,2021,401326506,2021-11-28T21:25Z,San Francisco 49ers,Minnesota Vikings,SF,MIN,6-5,5-6,34,26,TRUE,San Francisco 49ers,6-5,home,SF,3.5,49,-183,164,-102,-108,1,nflreadr,San Francisco 49ers,6-5,Minnesota Vikings,5-6,0.5962,0.5962,0.6944,0.5599078341013826,0.44009216589861744,160,160,1,1,51,4013265061255,125500,NA,NA,NA,NA,NA,NA,NA,NA,NA,NA,FALSE,0,0,FALSE,0,0,FALSE
nfl,2021,401326507,2021-11-29T01:20Z,Baltimore Ravens,Cleveland Browns,BAL,CLE,8-3,6-6,16,10,TRUE,Baltimore Ravens,8-3,NA,NA,NA,NA,NA,NA,NA,NA,NA,NA,Baltimore Ravens,8-3,Cleveland Browns,6-6,0.6174,0.6174,0.5385,0.28950789229340745,0.7104921077065925,178,178,1,1,149,4013265073649,364900,NA,NA,NA,NA,NA,NA,NA,NA,NA,NA,FALSE,0,0,FALSE,0,0,FALSE
nfl,2021,401326508,2021-11-30T01:15Z,Washington,Seattle Seahawks,WSH,SEA,5-6,3-8,17,15,TRUE,Seattle Seahawks,3-8,NA,NA,NA,NA,NA,NA,NA,NA,NA,NA,Washington,5-6,Seattle Seahawks,3-8,0.4936,0.5064,0.7024,0.5763097949886105,0.42369020501138954,172,172,1,1,59,4013265081371,137100,NA,NA,NA,NA,NA,NA,NA,NA,NA,NA,FALSE,0,0,FALSE,0,0,FALSE
nfl,2021,401326509,2021-12-03T01:20Z,New Orleans Saints,Dallas Cowboys,NO,DAL,5-7,8-4,17,27,FALSE,Dallas Cowboys,8-4,NA,NA,NA,NA,NA,NA,NA,NA,NA,NA,Dallas Cowboys,8-4,New Orleans Saints,5-7,0.4524,0.5476,0.5619,0.22032390105000865,0.7796760989499913,182,182,1,1,32,401326509769,76900,NA,NA,NA,NA,NA,NA,NA,NA,NA,NA,FALSE,0,0,FALSE,0,0,FALSE
nfl,2021,401326510,2021-12-05T18:00Z,Atlanta Falcons,Tampa Bay Buccaneers,ATL,TB,5-7,9-3,17,30,FALSE,Tampa Bay Buccaneers,9-3,away,TB,11,51,387,-475,-108,-103,1,nflreadr,Tampa Bay Buccaneers,9-3,Atlanta Falcons,5-7,0.2065,0.7935,0.4417,0.5324881141045958,0.46751188589540416,180,180,1,1,113,4013265102714,271400,NA,NA,NA,NA,NA,NA,NA,NA,NA,NA,FALSE,0,0,FALSE,0,0,FALSE
nfl,2021,401326511,2021-12-05T18:00Z,Chicago Bears,Arizona Cardinals,CHI,ARI,4-8,10-2,22,33,FALSE,Arizona Cardinals,10-2,away,ARI,7.5,43.5,314,-373,104,-116,1,nflreadr,Arizona Cardinals,10-2,Chicago Bears,4-8,0.252,0.748,0.252,0,1,176,176,1,1,1,4013265111,100,NA,NA,NA,NA,NA,NA,NA,NA,NA,NA,FALSE,0,0,FALSE,0,0,FALSE
nfl,2021,401326512,2021-12-05T18:00Z,Cincinnati Bengals,Los Angeles Chargers,CIN,LAC,7-5,7-5,22,41,FALSE,Cincinnati Bengals,7-5,home,CIN,2.5,49.5,-141,127,-116,104,1,nflreadr,Los Angeles Chargers,7-5,Cincinnati Bengals,7-5,0.5447,0.5447,0.6225,0.39357429718875525,0.6064257028112447,177,177,1,1,3,40132651268,6800,NA,NA,NA,NA,NA,NA,NA,NA,NA,NA,FALSE,0,0,FALSE,0,0,FALSE
nfl,2021,401326513,2021-12-05T18:00Z,Detroit Lions,Minnesota Vikings,DET,MIN,1-10-1,5-7,29,27,TRUE,Minnesota Vikings,5-7,away,MIN,7,47.5,255,-296,-107,-104,1,nflreadr,Detroit Lions,1-10-1,Minnesota Vikings,5-7,0.3205,0.6795,0.8772,0.8600091199270405,0.13999088007295946,192,192,1,1,177,4013265134174,417400,NA,NA,NA,NA,NA,NA,NA,NA,NA,NA,FALSE,0,0,FALSE,0,0,FALSE
nfl,2021,401326516,2021-12-05T18:00Z,Miami Dolphins,New York Giants,MIA,NYG,6-7,4-8,20,9,TRUE,Miami Dolphins,6-7,home,MIA,6.5,40,-293,253,-120,108,1,nflreadr,Miami Dolphins,6-7,New York Giants,4-8,0.6809,0.6809,0.5069,0.37048727559676453,0.6295127244032355,179,179,1,1,41,401326516941,94100,NA,NA,NA,NA,NA,NA,NA,NA,NA,NA,FALSE,0,0,FALSE,0,0,FALSE
nfl,2021,401326517,2021-12-05T18:00Z,New York Jets,Philadelphia Eagles,NYJ,PHI,3-9,6-7,18,33,FALSE,Philadelphia Eagles,6-7,away,PHI,5,44,177,-199,-113,102,1,nflreadr,Philadelphia Eagles,6-7,New York Jets,3-9,0.3255,0.6745,0.534,0.3904494382022472,0.6095505617977528,164,164,1,1,48,4013265171181,118100,NA,NA,NA,NA,NA,NA,NA,NA,NA,NA,FALSE,0,0,FALSE,0,0,FALSE
nfl,2021,401326514,2021-12-05T18:00Z,Houston Texans,Indianapolis Colts,HOU,IND,2-10,7-6,0,31,FALSE,Indianapolis Colts,7-6,away,IND,10,45.5,339,-408,-106,-105,1,nflreadr,Indianapolis Colts,7-6,Houston Texans,2-10,0.2417,0.7583,0.2417,0,1,161,161,1,1,1,4013265141,100,NA,NA,NA,NA,NA,NA,NA,NA,NA,NA,FALSE,0,0,FALSE,0,0,FALSE
nfl,2021,401326518,2021-12-05T21:05Z,Las Vegas Raiders,Washington,LV,WSH,6-6,6-6,15,17,FALSE,Las Vegas Raiders,6-6,NA,NA,NA,NA,NA,NA,NA,NA,NA,NA,Washington,6-6,Las Vegas Raiders,6-6,0.6192,0.6192,0.866,0.8452655889145497,0.15473441108545027,162,162,1,1,146,4013265183523,352300,NA,NA,NA,NA,NA,NA,NA,NA,NA,NA,FALSE,0,0,FALSE,0,0,FALSE
nfl,2021,401326519,2021-12-05T21:05Z,Los Angeles Rams,Jacksonville Jaguars,LAR,JAX,8-4,2-10,37,7,TRUE,Los Angeles Rams,8-4,NA,NA,NA,NA,NA,NA,NA,NA,NA,NA,Los Angeles Rams,8-4,Jacksonville Jaguars,2-10,0.8563,0.8563,0.24439999999999995,0.41202945990179995,0.5879705400982,162,162,1,1,60,4013265191428,142800,NA,NA,NA,NA,NA,NA,NA,NA,NA,NA,FALSE,0,0,FALSE,0,0,FALSE
nfl,2021,401326520,2021-12-05T21:25Z,Pittsburgh Steelers,Baltimore Ravens,PIT,BAL,6-5-1,8-4,20,19,TRUE,Baltimore Ravens,8-4,away,BAL,4,44,174,-195,-107,-104,1,nflreadr,Pittsburgh Steelers,6-5-1,Baltimore Ravens,8-4,0.4296,0.5704,0.8461,0.8181066067840681,0.1818933932159319,176,176,1,1,103,4013265202437,243700,NA,NA,NA,NA,NA,NA,NA,NA,NA,NA,FALSE,0,0,FALSE,0,0,FALSE
nfl,2021,401326521,2021-12-05T21:25Z,Seattle Seahawks,San Francisco 49ers,SEA,SF,4-8,6-6,30,23,TRUE,San Francisco 49ers,6-6,away,SF,3,44.5,125,-138,-120,108,1,nflreadr,Seattle Seahawks,4-8,San Francisco 49ers,6-6,0.4797,0.5203,0.836,0.8038277511961722,0.19617224880382778,171,171,1,1,79,4013265212001,200100,NA,NA,NA,NA,NA,NA,NA,NA,NA,NA,FALSE,0,0,FALSE,0,0,FALSE
nfl,2021,401326515,2021-12-06T01:20Z,Kansas City Chiefs,Denver Broncos,KC,DEN,8-4,6-6,22,9,TRUE,Kansas City Chiefs,8-4,NA,NA,NA,NA,NA,NA,NA,NA,NA,NA,Kansas City Chiefs,8-4,Denver Broncos,6-6,0.6839,0.6839,0.31610000000000005,0,1,166,166,1,1,1,4013265151,100,NA,NA,NA,NA,NA,NA,NA,NA,NA,NA,FALSE,0,0,FALSE,0,0,FALSE
nfl,2021,401326522,2021-12-07T01:15Z,Buffalo Bills,New England Patriots,BUF,NE,7-5,9-4,10,14,FALSE,Buffalo Bills,7-5,NA,NA,NA,NA,NA,NA,NA,NA,NA,NA,New England Patriots,9-4,Buffalo Bills,7-5,0.6442,0.6442,0.7426,0.6533800161594399,0.34661998384056014,149,149,1,1,3,40132652258,5800,NA,NA,NA,NA,NA,NA,NA,NA,NA,NA,FALSE,0,0,FALSE,0,0,FALSE
nfl,2021,401326523,2021-12-10T01:20Z,Minnesota Vikings,Pittsburgh Steelers,MIN,PIT,6-7,6-6-1,36,28,TRUE,Minnesota Vikings,6-7,NA,NA,NA,NA,NA,NA,NA,NA,NA,NA,Minnesota Vikings,6-7,Pittsburgh Steelers,6-6-1,0.6245,0.6245,0.6782,0.5255086994986731,0.47449130050132693,190,190,1,1,10,401326523221,22100,NA,NA,NA,NA,NA,NA,NA,NA,NA,NA,FALSE,0,0,FALSE,0,0,FALSE
nfl,2021,401326526,2021-12-12T18:00Z,Cleveland Browns,Baltimore Ravens,CLE,BAL,7-6,8-5,24,22,TRUE,Cleveland Browns,7-6,home,CLE,3,44,-150,135,-107,-104,1,nflreadr,Cleveland Browns,7-6,Baltimore Ravens,8-5,0.5365,0.5365,0.6073999999999999,0.3536384590055974,0.6463615409944026,189,189,1,1,12,401326526284,28400,NA,NA,NA,NA,NA,NA,NA,NA,NA,NA,FALSE,0,0,FALSE,0,0,FALSE
nfl,2021,401326530,2021-12-12T18:00Z,Tennessee Titans,Jacksonville Jaguars,TEN,JAX,9-4,2-11,20,0,TRUE,Tennessee Titans,9-4,home,TEN,8.5,44.5,-384,321,-103,-108,1,nflreadr,Tennessee Titans,9-4,Jacksonville Jaguars,2-11,0.8119,0.8119,0.6376,0.7049874529485569,0.2950125470514431,160,160,1,1,30,401326530741,74100,NA,NA,NA,NA,NA,NA,NA,NA,NA,NA,FALSE,0,0,FALSE,0,0,FALSE
nfl,2021,401326528,2021-12-12T18:00Z,Kansas City Chiefs,Las Vegas Raiders,KC,LV,9-4,6-7,48,9,TRUE,Kansas City Chiefs,9-4,home,KC,10,48,-444,365,-103,-108,1,nflreadr,Kansas City Chiefs,9-4,Las Vegas Raiders,6-7,0.7202,0.7202,0.27980000000000005,0,1,160,160,1,1,1,4013265281,100,NA,NA,NA,NA,NA,NA,NA,NA,NA,NA,FALSE,0,0,FALSE,0,0,FALSE
nfl,2021,401326529,2021-12-12T18:00Z,New York Jets,New Orleans Saints,NYJ,NO,3-10,6-7,9,30,FALSE,New Orleans Saints,6-7,away,NO,4.5,42,173,-194,-114,103,1,nflreadr,New Orleans Saints,6-7,New York Jets,3-10,0.2915,0.7085,0.429,0.3205128205128206,0.6794871794871794,179,179,1,1,55,4013265291273,127300,NA,NA,NA,NA,NA,NA,NA,NA,NA,NA,FALSE,0,0,FALSE,0,0,FALSE
nfl,2021,401326531,2021-12-12T18:00Z,Washington,Dallas Cowboys,WSH,DAL,6-7,9-4,20,27,FALSE,Dallas Cowboys,9-4,NA,NA,NA,NA,NA,NA,NA,NA,NA,NA,Dallas Cowboys,9-4,Washington,6-7,0.37,0.63,0.4351,0.14962077683291197,0.850379223167088,195,195,1,1,7,401326531168,16800,NA,NA,NA,NA,NA,NA,NA,NA,NA,NA,FALSE,0,0,FALSE,0,0,FALSE
nfl,2021,401326524,2021-12-12T18:00Z,Carolina Panthers,Atlanta Falcons,CAR,ATL,5-8,6-7,21,29,FALSE,Carolina Panthers,5-8,home,CAR,2.5,41,-136,123,-107,-104,1,nflreadr,Atlanta Falcons,6-7,Carolina Panthers,5-8,0.6767,0.6767,0.8131,0.7701389742959046,0.2298610257040954,165,165,1,1,15,401326524391,39100,NA,NA,NA,NA,NA,NA,NA,NA,NA,NA,FALSE,0,0,FALSE,0,0,FALSE
nfl,2021,401326527,2021-12-12T18:00Z,Houston Texans,Seattle Seahawks,HOU,SEA,2-11,5-8,13,33,FALSE,Seattle Seahawks,5-8,away,SEA,10,40.5,334,-401,-116,104,1,nflreadr,Seattle Seahawks,5-8,Houston Texans,2-11,0.2769,0.7231000000000001,0.5983,0.537188701320408,0.46281129867959203,185,185,1,1,51,4013265271189,118900,NA,NA,NA,NA,NA,NA,NA,NA,NA,NA,FALSE,0,0,FALSE,0,0,FALSE
nfl,2021,401326532,2021-12-12T21:05Z,Denver Broncos,Detroit Lions,DEN,DET,7-6,1-11-1,38,10,TRUE,Denver Broncos,7-6,home,DEN,13,42,-635,495,-102,-109,1,nflreadr,Denver Broncos,7-6,Detroit Lions,1-11-1,0.7617,0.7617,0.34530000000000005,0.309875470605271,0.690124529394729,161,161,1,1,61,4013265321475,147500,NA,NA,NA,NA,NA,NA,NA,NA,NA,NA,FALSE,0,0,FALSE,0,0,FALSE
nfl,2021,401326533,2021-12-12T21:05Z,Los Angeles Chargers,New York Giants,LAC,NYG,8-5,4-9,37,21,TRUE,Los Angeles Chargers,8-5,home,LAC,9.5,44,-395,329,106,-118,1,nflreadr,Los Angeles Chargers,8-5,New York Giants,4-9,0.7805,0.7805,0.26870000000000005,0.1831038332713063,0.8168961667286937,181,181,1,1,10,401326533221,22100,NA,NA,NA,NA,NA,NA,NA,NA,NA,NA,FALSE,0,0,FALSE,0,0,FALSE
nfl,2021,401326525,2021-12-12T21:25Z,Cincinnati Bengals,San Francisco 49ers,CIN,SF,7-6,7-6,23,26,FALSE,San Francisco 49ers,7-6,away,SF,2.5,49,117,-130,-108,-103,1,nflreadr,San Francisco 49ers,7-6,Cincinnati Bengals,7-6,0.4824,0.5176000000000001,0.5416,0.15361890694239277,0.8463810930576072,172,172,1,1,33,401326525818,81800,NA,NA,NA,NA,NA,NA,NA,NA,NA,NA,FALSE,0,0,FALSE,0,0,FALSE
nfl,2021,401326534,2021-12-12T21:25Z,Tampa Bay Buccaneers,Buffalo Bills,TB,BUF,10-3,7-6,33,27,TRUE,Tampa Bay Buccaneers,10-3,home,TB,3.5,52.5,-181,161,-105,-106,1,nflreadr,Tampa Bay Buccaneers,10-3,Buffalo Bills,7-6,0.5769,0.5769,0.6803,0.5300602675290313,0.46993973247096865,197,197,1,1,191,4013265344494,449400,NA,NA,NA,NA,NA,NA,NA,NA,NA,NA,FALSE,0,0,FALSE,0,0,FALSE
nfl,2021,401326535,2021-12-13T01:20Z,Green Bay Packers,Chicago Bears,GB,CHI,10-3,4-9,45,30,TRUE,Green Bay Packers,10-3,NA,NA,NA,NA,NA,NA,NA,NA,NA,NA,Green Bay Packers,10-3,Chicago Bears,4-9,0.811,0.811,0.6375,0.703529411764706,0.29647058823529404,172,172,1,1,72,4013265351759,175900,NA,NA,NA,NA,NA,NA,NA,NA,NA,NA,FALSE,0,0,FALSE,0,0,FALSE
nfl,2021,401326536,2021-12-14T01:15Z,Arizona Cardinals,Los Angeles Rams,ARI,LAR,10-3,9-4,23,30,FALSE,Arizona Cardinals,10-3,NA,NA,NA,NA,NA,NA,NA,NA,NA,NA,Los Angeles Rams,9-4,Arizona Cardinals,10-3,0.5942,0.5942,0.7236,0.6180210060807076,0.38197899391929235,181,181,1,1,28,401326536647,64700,NA,NA,NA,NA,NA,NA,NA,NA,NA,NA,FALSE,0,0,FALSE,0,0,FALSE
nfl,2021,401326537,2021-12-17T01:20Z,Los Angeles Chargers,Kansas City Chiefs,LAC,KC,8-6,10-4,28,34,FALSE,Kansas City Chiefs,10-4,NA,NA,NA,NA,NA,NA,NA,NA,NA,NA,Kansas City Chiefs,10-4,Los Angeles Chargers,8-6,0.4847,0.5153,0.9308,0.9256553502363558,0.07434464976364419,180,180,1,1,134,4013265373355,335500,NA,NA,NA,NA,NA,NA,NA,NA,NA,NA,FALSE,0,0,FALSE,0,0,FALSE
nfl,2021,401326540,2021-12-19T01:15Z,Indianapolis Colts,New England Patriots,IND,NE,8-6,9-5,27,17,TRUE,New England Patriots,9-5,NA,NA,NA,NA,NA,NA,NA,NA,NA,NA,Indianapolis Colts,8-6,New England Patriots,9-5,0.4635,0.5365,0.6502,0.4620116887111658,0.5379883112888342,159,159,1,1,2,40132654041,4100,NA,NA,NA,NA,NA,NA,NA,NA,NA,NA,FALSE,0,0,FALSE,0,0,FALSE
nfl,2021,401326538,2021-12-19T18:00Z,Buffalo Bills,Carolina Panthers,BUF,CAR,8-6,5-9,31,14,TRUE,Buffalo Bills,8-6,home,BUF,14,43,-739,562,-114,102,1,nflreadr,Buffalo Bills,8-6,Carolina Panthers,5-9,0.8046,0.8046,0.28569999999999995,0.3160658032901643,0.6839341967098357,182,182,1,1,22,401326538532,53200,NA,NA,NA,NA,NA,NA,NA,NA,NA,NA,FALSE,0,0,FALSE,0,0,FALSE
nfl,2021,401326544,2021-12-19T18:00Z,Detroit Lions,Arizona Cardinals,DET,ARI,2-11-1,10-4,30,12,TRUE,Arizona Cardinals,10-4,away,ARI,13,48,495,-634,-109,-102,1,nflreadr,Detroit Lions,2-11-1,Arizona Cardinals,10-4,0.1911,0.8089,0.8321000000000001,0.7982213676240837,0.2017786323759163,180,180,1,1,3,40132654462,6200,NA,NA,NA,NA,NA,NA,NA,NA,NA,NA,FALSE,0,0,FALSE,0,0,FALSE
nfl,2021,401326541,2021-12-19T18:00Z,Miami Dolphins,New York Jets,MIA,NYJ,7-7,3-11,31,24,TRUE,Miami Dolphins,7-7,home,MIA,10.5,42,-445,366,102,-114,1,nflreadr,Miami Dolphins,7-7,New York Jets,3-11,0.8135,0.8135,0.6729,0.722841432605142,0.277158567394858,168,168,1,1,90,4013265412093,209300,NA,NA,NA,NA,NA,NA,NA,NA,NA,NA,FALSE,0,0,FALSE,0,0,FALSE
nfl,2021,401326546,2021-12-19T18:00Z,New York Giants,Dallas Cowboys,NYG,DAL,4-10,10-4,6,21,FALSE,Dallas Cowboys,10-4,away,DAL,11.5,43,428,-534,108,-120,1,nflreadr,Dallas Cowboys,10-4,New York Giants,4-10,0.2998,0.7001999999999999,0.4344,0.3098526703499078,0.6901473296500922,177,177,1,1,2,40132654641,4100,NA,NA,NA,NA,NA,NA,NA,NA,NA,NA,FALSE,0,0,FALSE,0,0,FALSE
nfl,2021,401326547,2021-12-19T18:00Z,Pittsburgh Steelers,Tennessee Titans,PIT,TEN,7-6-1,9-5,19,13,TRUE,Tennessee Titans,9-5,home,PIT,1,44,-121,109,-114,102,1,nflreadr,Pittsburgh Steelers,7-6-1,Tennessee Titans,9-5,0.48,0.52,0.8932,0.8804299149126735,0.11957008508732647,175,175,1,1,99,4013265472308,230800,NA,NA,NA,NA,NA,NA,NA,NA,NA,NA,FALSE,0,0,FALSE,0,0,FALSE
nfl,2021,401326545,2021-12-19T18:00Z,Jacksonville Jaguars,Houston Texans,JAX,HOU,2-12,3-11,16,30,FALSE,Jacksonville Jaguars,2-12,home,JAX,6,40,-257,224,-101,-111,1,nflreadr,Houston Texans,3-11,Jacksonville Jaguars,2-12,0.6242,0.6242,0.6708,0.5092426952892068,0.49075730471079315,176,176,1,1,12,401326545262,26200,NA,NA,NA,NA,NA,NA,NA,NA,NA,NA,FALSE,0,0,FALSE,0,0,FALSE
nfl,2021,401326548,2021-12-19T21:05Z,Denver Broncos,Cincinnati Bengals,DEN,CIN,7-7,8-6,10,15,FALSE,Denver Broncos,7-7,home,DEN,3,45,-155,140,-101,-110,1,nflreadr,Cincinnati Bengals,8-6,Denver Broncos,7-7,0.6082,0.6082,0.6913,0.5534500216982496,0.44654997830175036,171,171,1,1,56,4013265481267,126700,NA,NA,NA,NA,NA,NA,NA,NA,NA,NA,FALSE,0,0,FALSE,0,0,FALSE
nfl,2021,401326549,2021-12-19T21:05Z,San Francisco 49ers,Atlanta Falcons,SF,ATL,8-6,6-8,31,13,TRUE,San Francisco 49ers,8-6,home,SF,9.5,48,-380,319,102,-114,1,nflreadr,San Francisco 49ers,8-6,Atlanta Falcons,6-8,0.7673,0.7673,0.4479,0.4804643893726278,0.5195356106273722,155,155,1,1,5,401326549119,11900,NA,NA,NA,NA,NA,NA,NA,NA,NA,NA,FALSE,0,0,FALSE,0,0,FALSE
nfl,2021,401326543,2021-12-19T21:25Z,Baltimore Ravens,Green Bay Packers,BAL,GB,8-6,11-3,30,31,FALSE,Green Bay Packers,11-3,away,GB,9.5,45.5,299,-354,-116,104,1,nflreadr,Green Bay Packers,11-3,Baltimore Ravens,8-6,0.3777,0.6223000000000001,0.6864,0.543123543123543,0.45687645687645695,168,168,1,1,29,401326543700,70000,NA,NA,NA,NA,NA,NA,NA,NA,NA,NA,FALSE,0,0,FALSE,0,0,FALSE
nfl,2021,401326551,2021-12-20T01:20Z,Tampa Bay Buccaneers,New Orleans Saints,TB,NO,10-4,7-7,0,9,FALSE,Tampa Bay Buccaneers,10-4,NA,NA,NA,NA,NA,NA,NA,NA,NA,NA,New Orleans Saints,7-7,Tampa Bay Buccaneers,10-4,0.7575,0.7575,0.7981,0.7470241824332791,0.25297581756672094,180,180,1,1,8,401326551160,16000,NA,NA,NA,NA,NA,NA,NA,NA,NA,NA,FALSE,0,0,FALSE,0,0,FALSE
nfl,2021,401326539,2021-12-20T22:00Z,Cleveland Browns,Las Vegas Raiders,CLE,LV,7-7,7-7,14,16,FALSE,Cleveland Browns,7-7,away,LV,3,41,131,-147,-109,-102,1,nflreadr,Las Vegas Raiders,7-7,Cleveland Browns,7-7,0.6236,0.6236,0.8328,0.7992315081652257,0.2007684918347743,179,179,1,1,160,4013265393789,378900,NA,NA,NA,NA,NA,NA,NA,NA,NA,NA,FALSE,0,0,FALSE,0,0,FALSE
nfl,2021,401326552,2021-12-21T01:15Z,Chicago Bears,Minnesota Vikings,CHI,MIN,4-10,7-7,9,17,FALSE,Minnesota Vikings,7-7,NA,NA,NA,NA,NA,NA,NA,NA,NA,NA,Minnesota Vikings,7-7,Chicago Bears,4-10,0.3629,0.6371,0.4715,0.23032873806998932,0.7696712619300107,187,187,1,1,4,40132655288,8800,NA,NA,NA,NA,NA,NA,NA,NA,NA,NA,FALSE,0,0,FALSE,0,0,FALSE
nfl,2021,401326550,2021-12-22T00:00Z,Los Angeles Rams,Seattle Seahawks,LAR,SEA,10-4,5-9,20,10,TRUE,Los Angeles Rams,10-4,NA,NA,NA,NA,NA,NA,NA,NA,NA,NA,Los Angeles Rams,10-4,Seattle Seahawks,5-9,0.6801,0.6801,0.6916,0.5540775014459225,0.4459224985540775,162,162,1,1,91,4013265502097,209700,NA,NA,NA,NA,NA,NA,NA,NA,NA,NA,FALSE,0,0,FALSE,0,0,FALSE
nfl,2021,401326542,2021-12-22T00:00Z,Philadelphia Eagles,Washington,PHI,WSH,7-7,6-8,27,17,TRUE,Philadelphia Eagles,7-7,NA,NA,NA,NA,NA,NA,NA,NA,NA,NA,Philadelphia Eagles,7-7,Washington,6-8,0.708,0.708,0.6696,0.5639187574671445,0.4360812425328555,162,162,1,1,31,401326542788,78800,NA,NA,NA,NA,NA,NA,NA,NA,NA,NA,FALSE,0,0,FALSE,0,0,FALSE
nfl,2021,401326553,2021-12-24T01:20Z,Tennessee Titans,San Francisco 49ers,TEN,SF,10-5,8-7,20,17,TRUE,San Francisco 49ers,8-7,NA,NA,NA,NA,NA,NA,NA,NA,NA,NA,Tennessee Titans,10-5,San Francisco 49ers,8-7,0.4881,0.5119,0.8203,0.7809338047055956,0.2190661952944044,157,157,1,1,49,4013265531215,121500,NA,NA,NA,NA,NA,NA,NA,NA,NA,NA,FALSE,0,0,FALSE,0,0,FALSE
nfl,2021,401326554,2021-12-25T21:30Z,Green Bay Packers,Cleveland Browns,GB,CLE,12-3,7-8,24,22,TRUE,Green Bay Packers,12-3,home,GB,7.5,46.5,-430,343,-112,101,1,nflreadr,Green Bay Packers,12-3,Cleveland Browns,7-8,0.6875,0.6875,0.5591999999999999,0.4411659513590843,0.5588340486409157,158,158,1,1,137,4013265543355,335500,NA,NA,NA,NA,NA,NA,NA,NA,NA,NA,FALSE,0,0,FALSE,0,0,FALSE
nfl,2021,401326555,2021-12-26T01:15Z,Arizona Cardinals,Indianapolis Colts,ARI,IND,10-5,9-6,16,22,FALSE,Arizona Cardinals,10-5,NA,NA,NA,NA,NA,NA,NA,NA,NA,NA,Indianapolis Colts,9-6,Arizona Cardinals,10-5,0.6295,0.6295,0.6854,0.5409979573971404,0.4590020426028596,174,174,1,1,97,4013265552467,246700,NA,NA,NA,NA,NA,NA,NA,NA,NA,NA,FALSE,0,0,FALSE,0,0,FALSE
nfl,2021,401326556,2021-12-26T18:00Z,Atlanta Falcons,Detroit Lions,ATL,DET,7-8,2-12-1,20,16,TRUE,Atlanta Falcons,7-8,home,ATL,7.5,42.5,-373,309,-105,-106,1,nflreadr,Atlanta Falcons,7-8,Detroit Lions,2-12-1,0.6781,0.6781,0.6568,0.5098964677222899,0.4901035322777101,153,153,1,1,148,4013265563420,342000,NA,NA,NA,NA,NA,NA,NA,NA,NA,NA,FALSE,0,0,FALSE,0,0,FALSE
nfl,2021,401326558,2021-12-26T18:00Z,Cincinnati Bengals,Baltimore Ravens,CIN,BAL,9-6,8-7,41,21,TRUE,Cincinnati Bengals,9-6,home,CIN,7.5,43,-369,306,-109,-102,1,nflreadr,Cincinnati Bengals,9-6,Baltimore Ravens,8-7,0.6056,0.6056,0.5559000000000001,0.2905198776758411,0.7094801223241589,170,170,1,1,24,401326558596,59600,NA,NA,NA,NA,NA,NA,NA,NA,NA,NA,FALSE,0,0,FALSE,0,0,FALSE
nfl,2021,401326560,2021-12-26T18:00Z,Minnesota Vikings,Los Angeles Rams,MIN,LAR,7-8,11-4,23,30,FALSE,Los Angeles Rams,11-4,NA,NA,NA,NA,NA,NA,NA,NA,NA,NA,Los Angeles Rams,11-4,Minnesota Vikings,7-8,0.4254,0.5746,0.4686,0.09218950064020492,0.9078104993597951,176,176,1,1,102,4013265602395,239500,NA,NA,NA,NA,NA,NA,NA,NA,NA,NA,FALSE,0,0,FALSE,0,0,FALSE
nfl,2021,401326561,2021-12-26T18:00Z,New England Patriots,Buffalo Bills,NE,BUF,9-6,9-6,21,33,FALSE,Buffalo Bills,9-6,home,NE,1,43.5,-114,102,-105,-106,1,nflreadr,Buffalo Bills,9-6,New England Patriots,9-6,0.4822,0.5178,0.5287,0.10856818611689034,0.8914318138831097,175,175,1,1,6,401326561123,12300,NA,NA,NA,NA,NA,NA,NA,NA,NA,NA,FALSE,0,0,FALSE,0,0,FALSE
nfl,2021,401326562,2021-12-26T18:00Z,New York Jets,Jacksonville Jaguars,NYJ,JAX,4-11,2-13,26,21,TRUE,New York Jets,4-11,home,NYJ,2.5,42.5,-125,114,100,-111,1,nflreadr,New York Jets,4-11,Jacksonville Jaguars,2-13,0.5263,0.5263,0.6066,0.35146719419716455,0.6485328058028355,169,169,1,1,13,401326562301,30100,NA,NA,NA,NA,NA,NA,NA,NA,NA,NA,FALSE,0,0,FALSE,0,0,FALSE
nfl,2021,401326563,2021-12-26T18:00Z,Philadelphia Eagles,New York Giants,PHI,NYG,8-7,4-11,34,10,TRUE,Philadelphia Eagles,8-7,home,PHI,11,41,-529,416,-103,-108,1,nflreadr,Philadelphia Eagles,8-7,New York Giants,4-11,0.6887,0.6887,0.7436,0.6551909628832706,0.3448090371167294,185,185,1,1,63,4013265631555,155500,NA,NA,NA,NA,NA,NA,NA,NA,NA,NA,FALSE,0,0,FALSE,0,0,FALSE
nfl,2021,401326557,2021-12-26T18:00Z,Carolina Panthers,Tampa Bay Buccaneers,CAR,TB,5-10,11-4,6,32,FALSE,Tampa Bay Buccaneers,11-4,away,TB,11.5,44.5,399,-503,-117,105,1,nflreadr,Tampa Bay Buccaneers,11-4,Carolina Panthers,5-10,0.261,0.739,0.4424,0.4100361663652803,0.5899638336347197,181,181,1,1,17,401326557369,36900,NA,NA,NA,NA,NA,NA,NA,NA,NA,NA,FALSE,0,0,FALSE,0,0,FALSE
nfl,2021,401326559,2021-12-26T18:00Z,Houston Texans,Los Angeles Chargers,HOU,LAC,4-11,8-7,41,29,TRUE,Los Angeles Chargers,8-7,away,LAC,13.5,46,500,-661,-114,102,1,nflreadr,Houston Texans,4-11,Los Angeles Chargers,8-7,0.2027,0.7973,0.8471,0.8195018297721639,0.1804981702278361,163,163,1,1,15,401326559326,32600,NA,NA,NA,NA,NA,NA,NA,NA,NA,NA,FALSE,0,0,FALSE,0,0,FALSE
nfl,2021,401326564,2021-12-26T21:05Z,Seattle Seahawks,Chicago Bears,SEA,CHI,5-10,5-10,24,25,FALSE,Seattle Seahawks,5-10,home,SEA,7,41,-313,268,-108,-103,1,nflreadr,Chicago Bears,5-10,Seattle Seahawks,5-10,0.7271,0.7271,0.9602,0.9585503020204125,0.04144969797958753,165,165,1,1,140,4013265643433,343300,NA,NA,NA,NA,NA,NA,NA,NA,NA,NA,FALSE,0,0,FALSE,0,0,FALSE
nfl,2021,401326565,2021-12-26T21:25Z,Kansas City Chiefs,Pittsburgh Steelers,KC,PIT,11-4,7-7-1,36,10,TRUE,Kansas City Chiefs,11-4,home,KC,10.5,44,-400,328,102,-114,1,nflreadr,Kansas City Chiefs,11-4,Pittsburgh Steelers,7-7-1,0.7566,0.7566,0.24339999999999995,0,1,180,180,1,1,1,4013265651,100,NA,NA,NA,NA,NA,NA,NA,NA,NA,NA,FALSE,0,0,FALSE,0,0,FALSE
nfl,2021,401326566,2021-12-26T21:25Z,Las Vegas Raiders,Denver Broncos,LV,DEN,8-7,7-8,17,13,TRUE,Denver Broncos,7-8,away,DEN,1,42,-102,-109,-110,-101,1,nflreadr,Las Vegas Raiders,8-7,Denver Broncos,7-8,0.4577,0.5423,0.6967,0.5646619778957944,0.4353380221042056,141,141,1,1,73,4013265661714,171400,NA,NA,NA,NA,NA,NA,NA,NA,NA,NA,FALSE,0,0,FALSE,0,0,FALSE
nfl,2021,401326567,2021-12-27T01:20Z,Dallas Cowboys,Washington,DAL,WSH,11-4,6-9,56,14,TRUE,Dallas Cowboys,11-4,NA,NA,NA,NA,NA,NA,NA,NA,NA,NA,Dallas Cowboys,11-4,Washington,6-9,0.7519,0.7519,0.34450000000000003,0.27982583454281573,0.7201741654571843,165,165,1,1,7,401326567149,14900,NA,NA,NA,NA,NA,NA,NA,NA,NA,NA,FALSE,0,0,FALSE,0,0,FALSE
nfl,2021,401326568,2021-12-28T01:15Z,New Orleans Saints,Miami Dolphins,NO,MIA,7-8,8-7,3,20,FALSE,New Orleans Saints,7-8,NA,NA,NA,NA,NA,NA,NA,NA,NA,NA,Miami Dolphins,8-7,New Orleans Saints,7-8,0.6277,0.6277,0.6909,0.5526125343754522,0.4473874656245478,158,158,1,1,6,401326568166,16600,NA,NA,NA,NA,NA,NA,NA,NA,NA,NA,FALSE,0,0,FALSE,0,0,FALSE
nfl,2021,401326569,2022-01-02T18:00Z,Buffalo Bills,Atlanta Falcons,BUF,ATL,10-6,7-9,29,15,TRUE,Buffalo Bills,10-6,home,BUF,14,46.5,-871,625,-111,-101,1,nflreadr,Buffalo Bills,10-6,Atlanta Falcons,7-9,0.876,0.876,0.4078000000000001,0.6959293771456597,0.3040706228543403,161,161,1,1,95,4013265692376,237600,NA,NA,NA,NA,NA,NA,NA,NA,NA,NA,FALSE,0,0,FALSE,0,0,FALSE
nfl,2021,401326570,2022-01-02T18:00Z,Chicago Bears,New York Giants,CHI,NYG,6-10,4-12,29,3,TRUE,Chicago Bears,6-10,home,CHI,7,36.5,-287,245,104,-115,1,nflreadr,Chicago Bears,6-10,New York Giants,4-12,0.6186,0.6186,0.3814,1.1102230246251565e-16,0.9999999999999999,167,167,1,1,1,4013265701,100,NA,NA,NA,NA,NA,NA,NA,NA,NA,NA,FALSE,0,0,FALSE,0,0,FALSE
nfl,2021,401326571,2022-01-02T18:00Z,Cincinnati Bengals,Kansas City Chiefs,CIN,KC,10-6,11-5,34,31,TRUE,Kansas City Chiefs,11-5,away,KC,3.5,51,157,-178,-108,-103,1,nflreadr,Cincinnati Bengals,10-6,Kansas City Chiefs,11-5,0.3875,0.6125,0.892,0.8789237668161436,0.12107623318385641,170,170,1,1,73,4013265711876,187600,NA,NA,NA,NA,NA,NA,NA,NA,NA,NA,FALSE,0,0,FALSE,0,0,FALSE
nfl,2021,401326577,2022-01-02T18:00Z,Tennessee Titans,Miami Dolphins,TEN,MIA,11-5,8-8,34,3,TRUE,Tennessee Titans,11-5,home,TEN,3,41,-170,151,-118,106,1,nflreadr,Tennessee Titans,11-5,Miami Dolphins,8-8,0.6253,0.6253,0.4452,0.15835579514824782,0.8416442048517522,161,161,1,1,11,401326577257,25700,NA,NA,NA,NA,NA,NA,NA,NA,NA,NA,FALSE,0,0,FALSE,0,0,FALSE
nfl,2021,401326573,2022-01-02T18:00Z,Indianapolis Colts,Las Vegas Raiders,IND,LV,9-7,9-7,20,23,FALSE,Indianapolis Colts,9-7,home,IND,8.5,46.5,-397,325,-112,100,1,nflreadr,Las Vegas Raiders,9-7,Indianapolis Colts,9-7,0.7368,0.7368,0.8089,0.7637532451477314,0.23624675485226865,159,159,1,1,92,4013265732143,214300,NA,NA,NA,NA,NA,NA,NA,NA,NA,NA,FALSE,0,0,FALSE,0,0,FALSE
nfl,2021,401326574,2022-01-02T18:00Z,New England Patriots,Jacksonville Jaguars,NE,JAX,10-6,2-14,50,10,TRUE,New England Patriots,10-6,home,NE,17.5,42,-1056,727,-102,-109,1,nflreadr,New England Patriots,10-6,Jacksonville Jaguars,2-14,0.8794,0.8794,0.14970000000000006,0.1943887775551102,0.8056112224448898,151,151,1,1,13,401326574307,30700,NA,NA,NA,NA,NA,NA,NA,NA,NA,NA,FALSE,0,0,FALSE,0,0,FALSE
nfl,2021,401326576,2022-01-02T18:00Z,New York Jets,Tampa Bay Buccaneers,NYJ,TB,4-12,12-4,24,28,FALSE,Tampa Bay Buccaneers,12-4,away,TB,14.5,48,623,-868,-110,-101,1,nflreadr,Tampa Bay Buccaneers,12-4,New York Jets,4-12,0.1154,0.8846,0.999,0.9989989989989989,0.0010010010010010895,171,171,1,1,166,4013265763960,396000,NA,NA,NA,NA,NA,NA,NA,NA,NA,NA,FALSE,0,0,FALSE,0,0,FALSE
nfl,2021,401326578,2022-01-02T18:00Z,Washington,Philadelphia Eagles,WSH,PHI,6-10,9-7,16,20,FALSE,Philadelphia Eagles,9-7,NA,NA,NA,NA,NA,NA,NA,NA,NA,NA,Philadelphia Eagles,9-7,Washington,6-10,0.4166,0.5833999999999999,0.7641,0.6912707760764298,0.30872922392357016,162,162,1,1,90,4013265782190,219000,NA,NA,NA,NA,NA,NA,NA,NA,NA,NA,FALSE,0,0,FALSE,0,0,FALSE
nfl,2021,401326581,2022-01-02T18:00Z,Baltimore Ravens,Los Angeles Rams,BAL,LAR,8-8,12-4,19,20,FALSE,Los Angeles Rams,12-4,NA,NA,NA,NA,NA,NA,NA,NA,NA,NA,Los Angeles Rams,12-4,Baltimore Ravens,8-8,0.3833,0.6167,0.8714,0.8524213908652742,0.14757860913472576,169,169,1,1,115,4013265812663,266300,NA,NA,NA,NA,NA,NA,NA,NA,NA,NA,FALSE,0,0,FALSE,0,0,FALSE
nfl,2021,401326579,2022-01-02T21:05Z,Los Angeles Chargers,Denver Broncos,LAC,DEN,9-7,7-9,34,13,TRUE,Los Angeles Chargers,9-7,home,LAC,8,45.5,-340,285,105,-117,1,nflreadr,Los Angeles Chargers,9-7,Denver Broncos,7-9,0.5987,0.5987,0.4489,0.10603697928269107,0.8939630207173089,161,161,1,1,3,40132657967,6700,NA,NA,NA,NA,NA,NA,NA,NA,NA,NA,FALSE,0,0,FALSE,0,0,FALSE
nfl,2021,401326580,2022-01-02T21:05Z,San Francisco 49ers,Houston Texans,SF,HOU,9-7,4-12,23,7,TRUE,San Francisco 49ers,9-7,home,SF,14,44,-602,463,101,-113,1,nflreadr,San Francisco 49ers,9-7,Houston Texans,4-12,0.8376,0.8376,0.6095999999999999,0.7335958005249343,0.26640419947506566,171,171,1,1,75,4013265801856,185600,NA,NA,NA,NA,NA,NA,NA,NA,NA,NA,FALSE,0,0,FALSE,0,0,FALSE
nfl,2021,401326572,2022-01-02T21:25Z,Dallas Cowboys,Arizona Cardinals,DAL,ARI,11-5,11-5,22,25,FALSE,Dallas Cowboys,11-5,home,DAL,6.5,53,-262,225,-108,-103,1,nflreadr,Arizona Cardinals,11-5,Dallas Cowboys,11-5,0.5727,0.5727,0.5727,0.25388510563995115,0.7461148943600489,181,181,1,1,1,4013265721,100,NA,NA,NA,NA,NA,NA,NA,NA,NA,NA,FALSE,0,0,FALSE,0,0,FALSE
nfl,2021,401326575,2022-01-02T21:25Z,New Orleans Saints,Carolina Panthers,NO,CAR,8-8,5-11,18,10,TRUE,New Orleans Saints,8-8,home,NO,7,37,-279,238,-101,-110,1,nflreadr,New Orleans Saints,8-8,Carolina Panthers,5-11,0.6698,0.6698,0.6357999999999999,0.48065429380308256,0.5193457061969174,161,161,1,1,40,401326575983,98300,NA,NA,NA,NA,NA,NA,NA,NA,NA,NA,FALSE,0,0,FALSE,0,0,FALSE
nfl,2021,401326582,2022-01-02T21:25Z,Seattle Seahawks,Detroit Lions,SEA,DET,6-10,2-13-1,51,29,TRUE,Seattle Seahawks,6-10,home,SEA,8.5,41.5,-399,327,-114,103,1,nflreadr,Seattle Seahawks,6-10,Detroit Lions,2-13-1,0.8319,0.8319,0.25360000000000005,0.33714511041009465,0.6628548895899053,170,170,1,1,3,40132658262,6200,NA,NA,NA,NA,NA,NA,NA,NA,NA,NA,FALSE,0,0,FALSE,0,0,FALSE
nfl,2021,401326583,2022-01-03T01:20Z,Green Bay Packers,Minnesota Vikings,GB,MIN,13-3,7-9,37,10,TRUE,Green Bay Packers,13-3,NA,NA,NA,NA,NA,NA,NA,NA,NA,NA,Green Bay Packers,13-3,Minnesota Vikings,7-9,0.7776,0.7776,0.2784,0.20114942528735613,0.7988505747126439,166,166,1,1,32,401326583777,77700,NA,NA,NA,NA,NA,NA,NA,NA,NA,NA,FALSE,0,0,FALSE,0,0,FALSE
nfl,2021,401326584,2022-01-04T01:15Z,Pittsburgh Steelers,Cleveland Browns,PIT,CLE,8-7-1,7-9,26,14,TRUE,Cleveland Browns,7-9,NA,NA,NA,NA,NA,NA,NA,NA,NA,NA,Pittsburgh Steelers,8-7-1,Cleveland Browns,7-9,0.4583,0.5417000000000001,0.645,0.4496124031007753,0.5503875968992247,199,199,1,1,6,401326584129,12900,NA,NA,NA,NA,NA,NA,NA,NA,NA,NA,FALSE,0,0,FALSE,0,0,FALSE
nfl,2021,401326598,2022-01-08T21:30Z,Denver Broncos,Kansas City Chiefs,DEN,KC,7-10,12-5,24,28,FALSE,Kansas City Chiefs,12-5,away,KC,11.5,44.5,435,-600,-110,-110,1,nflreadr,Kansas City Chiefs,12-5,Denver Broncos,7-10,0.3503,0.6496999999999999,0.692,0.5549132947976878,0.4450867052023122,169,169,1,1,141,4013265983325,332500,NA,NA,NA,NA,NA,NA,NA,NA,NA,NA,FALSE,0,0,FALSE,0,0,FALSE
nfl,2021,401326595,2022-01-09T01:15Z,Philadelphia Eagles,Dallas Cowboys,PHI,DAL,9-8,12-5,26,51,FALSE,Dallas Cowboys,12-5,NA,NA,NA,NA,NA,NA,NA,NA,NA,NA,Dallas Cowboys,12-5,Philadelphia Eagles,9-8,0.4328,0.5671999999999999,0.6341,0.4229616779687746,0.5770383220312254,168,168,1,1,21,401326595491,49100,NA,NA,NA,NA,NA,NA,NA,NA,NA,NA,FALSE,0,0,FALSE,0,0,FALSE
nfl,2021,401326588,2022-01-09T18:00Z,Cleveland Browns,Cincinnati Bengals,CLE,CIN,8-9,10-7,21,16,TRUE,Cleveland Browns,8-9,home,CLE,6.5,38,-265,215,-110,-110,1,nflreadr,Cleveland Browns,8-9,Cincinnati Bengals,10-7,0.5473,0.5473,0.5482,0.17584823057278376,0.8241517694272162,164,164,1,1,20,401326588485,48500,NA,NA,NA,NA,NA,NA,NA,NA,NA,NA,FALSE,0,0,FALSE,0,0,FALSE
nfl,2021,401326589,2022-01-09T18:00Z,Detroit Lions,Green Bay Packers,DET,GB,3-13-1,13-4,37,30,TRUE,Green Bay Packers,13-4,away,GB,4,45,165,-195,-110,-110,1,nflreadr,Detroit Lions,3-13-1,Green Bay Packers,13-4,0.2019,0.7981,0.8956,0.8834301027244305,0.11656989727556955,166,166,1,1,23,401326589533,53300,NA,NA,NA,NA,NA,NA,NA,NA,NA,NA,FALSE,0,0,FALSE,0,0,FALSE
nfl,2021,401326593,2022-01-09T18:00Z,Minnesota Vikings,Chicago Bears,MIN,CHI,8-9,6-11,31,17,TRUE,Minnesota Vikings,8-9,home,MIN,3.5,45.5,-190,160,-110,-110,1,nflreadr,Minnesota Vikings,8-9,Chicago Bears,6-11,0.6595,0.6595,0.8681,0.8480589793802558,0.15194102061974424,164,164,1,1,76,4013265931676,167600,NA,NA,NA,NA,NA,NA,NA,NA,NA,NA,FALSE,0,0,FALSE,0,0,FALSE
nfl,2021,401326594,2022-01-09T18:00Z,New York Giants,Washington,NYG,WSH,4-13,7-10,7,22,FALSE,Washington,7-10,NA,NA,NA,NA,NA,NA,NA,NA,NA,NA,Washington,7-10,New York Giants,4-13,0.4154,0.5846,0.4783,0.13150742212000843,0.8684925778799916,158,158,1,1,40,401326594911,91100,NA,NA,NA,NA,NA,NA,NA,NA,NA,NA,FALSE,0,0,FALSE,0,0,FALSE
nfl,2021,401326591,2022-01-09T18:00Z,Jacksonville Jaguars,Indianapolis Colts,JAX,IND,3-14,9-8,26,11,TRUE,Indianapolis Colts,9-8,away,IND,14,43,650,-1000,-110,-110,1,nflreadr,Jacksonville Jaguars,3-14,Indianapolis Colts,9-8,0.2089,0.7911,0.7955,0.7429289754871149,0.2570710245128851,160,160,1,1,4,40132659176,7600,NA,NA,NA,NA,NA,NA,NA,NA,NA,NA,FALSE,0,0,FALSE,0,0,FALSE
nfl,2021,401326586,2022-01-09T18:00Z,Baltimore Ravens,Pittsburgh Steelers,BAL,PIT,8-9,9-7-1,13,16,FALSE,Baltimore Ravens,8-9,home,BAL,3,41,-155,135,-110,-110,1,nflreadr,Pittsburgh Steelers,9-7-1,Baltimore Ravens,8-9,0.5699,0.5699,0.8866,0.8720956462891947,0.12790435371080533,201,201,1,1,169,4013265863975,397500,NA,NA,NA,NA,NA,NA,NA,NA,NA,NA,FALSE,0,0,FALSE,0,0,FALSE
nfl,2021,401326590,2022-01-09T18:00Z,Houston Texans,Tennessee Titans,HOU,TEN,4-13,12-5,25,28,FALSE,Tennessee Titans,12-5,away,TEN,10.5,43,410,-575,-115,-105,1,nflreadr,Tennessee Titans,12-5,Houston Texans,4-13,0.2547,0.7453000000000001,0.4536,0.4384920634920637,0.5615079365079363,162,162,1,1,133,4013265903180,318000,NA,NA,NA,NA,NA,NA,NA,NA,NA,NA,FALSE,0,0,FALSE,0,0,FALSE
nfl,2021,401326585,2022-01-09T21:25Z,Atlanta Falcons,New Orleans Saints,ATL,NO,7-10,9-8,20,30,FALSE,New Orleans Saints,9-8,away,NO,4.5,40,186,-213,-100,-111,1,nflreadr,New Orleans Saints,9-8,Atlanta Falcons,7-10,0.376,0.624,0.4043,0.06999752658916647,0.9300024734108335,156,156,1,1,3,40132658562,6200,NA,NA,NA,NA,NA,NA,NA,NA,NA,NA,FALSE,0,0,FALSE,0,0,FALSE
nfl,2021,401326587,2022-01-09T21:25Z,Buffalo Bills,New York Jets,BUF,NYJ,11-6,4-13,27,10,TRUE,Buffalo Bills,11-6,home,BUF,16,43,-1250,750,-110,-110,1,nflreadr,Buffalo Bills,11-6,New York Jets,4-13,0.9239,0.9239,0.3187,0.7612174458738628,0.23878255412613725,170,170,1,1,125,4013265873108,310800,NA,NA,NA,NA,NA,NA,NA,NA,NA,NA,FALSE,0,0,FALSE,0,0,FALSE
nfl,2021,401326599,2022-01-09T21:25Z,Los Angeles Rams,San Francisco 49ers,LAR,SF,12-5,10-7,24,27,FALSE,Los Angeles Rams,12-5,NA,NA,NA,NA,NA,NA,NA,NA,NA,NA,San Francisco 49ers,10-7,Los Angeles Rams,12-5,0.6179,0.6179,0.999,0.9989989989989989,0.0010010010010010895,182,182,1,2,146,4013265993353,335300,NA,NA,NA,NA,NA,NA,NA,NA,NA,NA,FALSE,0,0,FALSE,0,0,FALSE
nfl,2021,401326592,2022-01-09T21:25Z,Miami Dolphins,New England Patriots,MIA,NE,9-8,10-7,33,24,TRUE,New England Patriots,10-7,away,NE,6,41,200,-250,-110,-110,1,nflreadr,Miami Dolphins,9-8,New England Patriots,10-7,0.3318,0.6682,0.6752,0.518957345971564,0.48104265402843605,177,177,1,1,2,40132659241,4100,NA,NA,NA,NA,NA,NA,NA,NA,NA,NA,FALSE,0,0,FALSE,0,0,FALSE
nfl,2021,401326597,2022-01-09T21:25Z,Arizona Cardinals,Seattle Seahawks,ARI,SEA,11-6,7-10,30,38,FALSE,Arizona Cardinals,11-6,home,ARI,5.5,48,-235,190,-110,-110,1,nflreadr,Seattle Seahawks,7-10,Arizona Cardinals,11-6,0.6506,0.6506,0.8601,0.837344494826183,0.162655505173817,175,175,1,1,6,401326597155,15500,NA,NA,NA,NA,NA,NA,NA,NA,NA,NA,FALSE,0,0,FALSE,0,0,FALSE
nfl,2021,401326596,2022-01-09T21:25Z,Tampa Bay Buccaneers,Carolina Panthers,TB,CAR,13-4,5-12,41,17,TRUE,Tampa Bay Buccaneers,13-4,home,TB,11,43,-510,375,-110,-110,1,nflreadr,Tampa Bay Buccaneers,13-4,Carolina Panthers,5-12,0.8505,0.8505,0.544,0.7251838235294119,0.2748161764705881,165,165,1,1,61,4013265961420,142000,NA,NA,NA,NA,NA,NA,NA,NA,NA,NA,FALSE,0,0,FALSE,0,0,FALSE
nfl,2021,401326600,2022-01-10T01:20Z,Las Vegas Raiders,Los Angeles Chargers,LV,LAC,10-7,9-8,35,32,TRUE,Los Angeles Chargers,9-8,NA,NA,NA,NA,NA,NA,NA,NA,NA,NA,Las Vegas Raiders,10-7,Los Angeles Chargers,9-8,0.4165,0.5835,0.8917,0.8785465963889201,0.12145340361107992,220,220,1,2,204,4013266004990,499000,NA,NA,NA,NA,NA,NA,NA,NA,NA,NA,FALSE,0,0,FALSE,0,0,FALSE
