"game_id","season","starting_wp_favored","home_final","away_final","max_wp_loser"
401361038,2022,0.757,130,120,0.472
401361039,2022,0.697,141,146,0.993
401361041,2022,0.711,138,88,0.294
401361044,2022,0.566,107,128,0.73
401361048,2022,0.781,85,96,0.793
401361049,2022,0.879,80,111,0.301
401361043,2022,0.865,120,124,0.874
401361042,2022,0.802,110,136,0.213
401361045,2022,0.645,105,94,0.72
401361046,2022,0.74,125,111,0.813
401361047,2022,0.628,118,106,0.618
401361035,2022,0.849,134,126,0.392
401361036,2022,0.801,124,108,0.455
401361037,2022,0.653,133,115,0.347
401361040,2022,0.774,114,130,0.283
401361031,2022,0.853,117,98,0.147
401361034,2022,0.52,94,100,0.652
401361032,2022,0.71,136,96,0.368
401361033,2022,0.85,133,120,0.18
401361030,2022,0.586,120,101,0.666
401361029,2022,0.516,105,111,0.983
401361028,2022,0.962,128,78,0.043
401361026,2022,0.672,113,109,0.821
401361027,2022,0.51,117,133,0.54
401361024,2022,0.702,118,107,0.787
401361025,2022,0.875,117,115,0.893
401361022,2022,0.638,101,131,0.381
401361023,2022,0.505,92,114,0.828
401361021,2022,0.804,128,112,0.568
401361020,2022,0.535,114,96,0.711
401361018,2022,0.734,127,121,0.462
401361019,2022,0.91,127,94,0.169
401361016,2022,0.541,119,114,0.813
401361017,2022,0.614,127,121,0.81
401361015,2022,0.827,126,93,0.342
401361014,2022,0.729,113,109,0.324
401361013,2022,0.83,137,101,0.251
401361011,2022,0.711,118,103,0.501
401361012,2022,0.788,94,117,0.212
401361010,2022,0.516,98,110,0.978
401361009,2022,0.661,113,131,0.451
401361008,2022,0.893,121,110,0.331
401361007,2022,0.676,99,105,0.324
401361005,2022,0.808,97,116,0.832
401361006,2022,0.611,121,115,0.821
401361002,2022,0.621,106,127,0.462
401361003,2022,0.776,114,132,0.829
401361004,2022,0.709,98,92,0.994
401360999,2022,0.846,118,105,0.236
401361000,2022,0.598,144,115,0.687
401361001,2022,0.622,118,108,0.684
401360997,2022,0.747,122,131,0.395
401360998,2022,0.634,117,112,0.847
401360996,2022,0.562,119,100,0.539
401360995,2022,0.521,90,109,0.6
401360991,2022,0.664,109,114,0.888
401360992,2022,0.793,132,139,0.283
401360993,2022,0.743,117,96,0.905
401360994,2022,0.867,113,92,0.579
401360989,2022,0.666,108,112,0.756
401360990,2022,0.546,88,118,0.511
401360988,2022,0.547,117,121,0.741
401360987,2022,0.631,118,129,0.723
401360985,2022,0.86,144,102,0.19
401360986,2022,0.603,112,118,0.822
401360984,2022,0.581,102,103,1
401360983,2022,0.628,109,127,0.527
401360982,2022,0.598,122,115,0.658
401360981,2022,0.593,101,119,0.6
401360980,2022,0.631,144,114,0.541
401360979,2022,0.592,111,114,0.844
401360978,2022,0.623,130,136,0.733
401360977,2022,0.853,130,111,0.282
401360973,2022,0.512,117,122,0.92
401360974,2022,0.647,122,114,0.721
401360975,2022,0.643,119,153,0.728
401360976,2022,0.542,101,110,0.665
401360972,2022,0.927,128,123,0.334
401360970,2022,0.786,89,102,0.385
401360971,2022,0.67,135,103,0.67
401360969,2022,0.854,113,100,0.201
401360968,2022,0.536,135,130,0.973
401360967,2022,0.506,95,96,0.973
401401145,2022,0.713,131,107,0.287
401360966,2022,0.72,102,94,0.85
401360964,2022,0.756,103,107,0.727
401360965,2022,0.852,107,117,0.537
401360963,2022,0.658,111,112,0.458
401360961,2022,0.554,118,121,0.872
401360962,2022,0.755,118,136,0.248
401360958,2022,0.744,98,106,0.851
401360959,2022,0.572,114,125,0.718
401360960,2022,0.576,125,102,0.867
401360955,2022,0.549,112,120,0.716
401360956,2022,0.763,118,125,0.547
401360957,2022,0.582,127,110,0.785
401360954,2022,0.561,121,115,0.995
401360952,2022,0.786,130,123,0.717
401360953,2022,0.717,128,110,0.337
401360950,2022,0.576,116,118,0.931
401360951,2022,0.582,94,107,0.684
401360949,2022,0.554,131,134,0.953
401360947,2022,0.567,120,123,0.515
401360948,2022,0.822,123,95,0.31
401360944,2022,0.83,123,100,0.272
401360945,2022,0.637,109,104,0.761
401360946,2022,0.678,115,112,0.93
401360941,2022,0.55,109,113,0.657
401360942,2022,0.724,107,101,0.677
401360943,2022,0.737,123,132,0.313
401360939,2022,0.595,110,119,0.893
401360940,2022,0.51,114,100,0.802
401360938,2022,0.649,116,108,0.964
401360935,2022,0.689,134,112,0.319
401360936,2022,0.621,123,115,0.636
401360937,2022,0.765,114,104,0.79
401360934,2022,0.606,102,104,0.455
401360933,2022,0.607,96,115,0.594
401360932,2022,0.908,113,107,0.589
401360929,2022,0.6,93,98,0.655
401360930,2022,0.522,95,110,0.698
401360931,2022,0.648,127,102,0.499
401360928,2022,0.833,131,91,0.187
401360927,2022,0.574,110,114,0.983
401360926,2022,0.699,101,105,0.897
401360925,2022,0.663,97,122,0.458
401360924,2022,0.609,106,125,0.391
401360922,2022,0.659,103,111,0.985
401360923,2022,0.632,116,95,0.493
401360921,2022,0.536,121,110,0.774
401360919,2022,0.556,107,101,0.747
401360920,2022,0.735,97,100,0.83
401360918,2022,0.543,130,140,0.851
401360915,2022,0.828,133,103,0.185
401360916,2022,0.726,114,102,0.274
401360917,2022,0.704,126,109,0.586
401360914,2022,0.67,117,104,0.486
401360912,2022,0.749,121,126,0.547
401360913,2022,0.701,96,133,0.505
401360911,2022,0.741,110,91,0.566
401360909,2022,0.536,116,125,0.911
401360910,2022,0.561,118,102,0.836
401360906,2022,0.662,125,97,0.368
401360907,2022,0.818,104,118,0.917
401360908,2022,0.634,132,120,0.63
401360903,2022,0.689,106,121,0.689
401360904,2022,0.501,95,78,0.654
401360905,2022,0.611,109,110,0.994
401360902,2022,0.779,127,115,0.33
401360901,2022,0.755,126,98,0.312
401360900,2022,0.569,111,117,0.936
401360899,2022,0.624,94,90,0.965
401360898,2022,0.503,110,108,0.762
401360895,2022,0.523,113,99,0.605
401360896,2022,0.604,106,94,0.975
401360897,2022,0.896,123,132,0.104
401360893,2022,0.695,113,106,0.788
401360894,2022,0.552,114,106,0.757
401360890,2022,0.616,106,103,0.898
401360891,2022,0.678,120,131,0.925
401360892,2022,0.781,108,109,0.821
401360888,2022,0.668,88,93,0.911
401360889,2022,0.695,99,101,0.943
401360887,2022,0.519,104,124,0.57
401360886,2022,0.509,93,108,0.733
401360883,2022,0.654,112,117,0.737
401360884,2022,0.713,90,85,0.834
401360885,2022,0.745,124,127,0.87
401360881,2022,0.702,129,98,0.317
401360882,2022,0.745,98,122,0.313
401360879,2022,0.645,113,109,0.885
401360880,2022,0.574,127,119,0.934
401360878,2022,0.582,129,108,0.512
401360877,2022,0.532,138,119,0.709
401360871,2022,0.813,97,126,0.25
401360876,2022,0.721,129,102,0.366
401360870,2022,0.68,121,92,0.32
401360869,2022,0.503,91,124,0.497
401360867,2022,0.904,120,108,0.199
401360868,2022,0.525,106,103,1
401360865,2022,0.704,100,97,0.619
401360866,2022,0.769,123,128,0.976
401360872,2022,0.566,120,105,0.628
401360873,2022,0.864,128,123,0.917
401360874,2022,0.588,119,116,0.982
401360875,2022,0.598,111,101,0.698
401360864,2022,0.603,120,134,0.776
401360863,2022,0.537,100,103,0.578
401360861,2022,0.518,88,110,0.553
401360862,2022,0.698,126,135,0.724
401360860,2022,0.786,125,110,0.444
401360859,2022,0.801,122,120,0.857
401360857,2022,0.716,112,129,0.449
401360858,2022,0.794,124,104,0.224
401360855,2022,0.575,111,113,0.953
401360856,2022,0.852,128,98,0.2
401360852,2022,0.509,116,106,0.762
401360853,2022,0.551,114,118,0.817
401360854,2022,0.637,109,127,0.408
401360851,2022,0.509,113,131,0.753
401360850,2022,0.849,105,98,0.729
401360848,2022,0.693,102,135,0.359
401360849,2022,0.573,102,141,0.427
401360847,2022,0.698,103,114,0.316
401360844,2022,0.777,126,112,0.277
401360845,2022,0.557,112,103,0.607
401360846,2022,0.535,111,117,0.885
401360843,2022,0.576,139,149,0.48
401360842,2022,0.73,116,134,0.824
401360840,2022,0.873,120,113,0.845
401360841,2022,0.53,110,114,0.963
401360839,2022,0.74,120,111,0.725
401360838,2022,0.758,140,111,0.356
401360835,2022,0.841,131,128,0.353
401360836,2022,0.734,130,105,0.504
401360837,2022,0.847,14,27,0.195
401360834,2022,0.657,113,114,0.915
401360833,2022,0.716,92,95,0.919
401360832,2022,0.562,102,106,0.91
401360831,2022,0.59,110,107,0.726
401360830,2022,0.593,127,118,0.745
401360828,2022,0.767,115,127,0.904
401360829,2022,0.824,134,125,0.52
401360827,2022,0.53,122,109,0.633
401360824,2022,0.538,104,113,0.93
401360825,2022,0.618,101,91,0.533
401360826,2022,0.591,108,119,0.711
401360823,2022,0.565,122,109,0.81
401360822,2022,0.783,112,117,0.846
401360821,2022,0.633,103,99,0.979
401360817,2022,0.765,117,105,0.574
401360818,2022,0.704,100,113,0.47
401360819,2022,0.75,118,114,0.946
401360820,2022,0.569,120,142,0.657
401360815,2022,0.712,112,106,0.593
401360816,2022,0.923,114,103,0.408
401360814,2022,0.692,118,110,0.95
401360813,2022,0.512,102,113,0.918
401360812,2022,0.723,100,129,0.737
401360811,2022,0.504,115,109,0.891
401360809,2022,0.946,123,85,0.074
401360810,2022,0.675,100,106,0.607
401360807,2022,0.798,77,107,0.809
401360808,2022,0.528,104,119,0.769
401360803,2022,0.573,124,115,0.51
401360804,2022,0.551,125,120,0.751
401360805,2022,0.884,132,102,0.24
401360806,2022,0.771,102,108,0.805
401360802,2022,0.74,90,111,0.902
401360800,2022,0.755,101,115,0.502
401360801,2022,0.588,108,114,0.852
401360799,2022,0.687,112,97,0.459
401360798,2022,0.812,115,142,0.309
401360797,2022,0.629,132,111,0.386
401360794,2022,0.57,121,132,0.613
401360795,2022,0.522,124,127,0.915
401360796,2022,0.609,99,102,0.642
401360793,2022,0.646,115,131,0.967
401401144,2022,0.809,131,124,0.599
401360791,2022,0.592,111,103,0.434
401360792,2022,0.66,117,110,0.496
401360790,2022,0.876,124,81,0.153
401360789,2022,0.927,83,72,0.599
401360787,2022,0.645,113,110,0.927
401360788,2022,0.734,121,106,0.509
401360785,2022,0.689,93,116,0.705
401360786,2022,0.628,138,130,0.98
401360781,2022,0.638,104,96,0.45
401360783,2022,0.775,123,112,0.939
401360784,2022,0.812,103,116,0.233
401360782,2022,0.64,133,123,0.775
401360780,2022,0.654,132,122,0.772
401360779,2022,0.81,126,120,0.787
401360778,2022,0.649,124,116,0.914
401360775,2022,0.589,99,82,0.441
401360776,2022,0.858,124,96,0.239
401360777,2022,0.865,135,121,0.433
401360774,2022,0.574,123,117,0.759
401360773,2022,0.758,114,113,0.912
401360772,2022,0.756,115,114,0.962
401360771,2022,0.89,116,101,0.209
401360769,2022,0.553,124,90,0.602
401360770,2022,0.736,101,138,0.414
401360768,2022,0.597,112,118,0.826
401401142,2022,0.719,97,103,0.762
401360765,2022,0.509,111,106,0.877
401360766,2022,0.725,125,119,0.88
401360767,2022,0.607,114,117,0.404
401360764,2022,0.607,132,111,0.594
401360762,2022,0.593,122,113,0.442
401360763,2022,0.721,112,115,0.767
401360759,2022,0.597,120,107,0.431
401360760,2022,0.501,107,113,0.907
401360761,2022,0.737,106,108,0.763
401360529,2022,0.579,127,120,0.888
401360758,2022,0.841,120,90,0.272
401360757,2022,0.932,107,119,0.954
401360754,2022,0.867,127,132,0.811
401360755,2022,0.515,120,119,0.991
401360756,2022,0.683,125,95,0.542
401360753,2022,0.798,123,108,0.778
401360751,2022,0.658,98,119,0.74
401360752,2022,0.551,114,122,0.983
401360750,2022,0.671,104,109,0.767
401360748,2022,0.607,100,113,0.69
401360749,2022,0.503,129,114,0.651
401360746,2022,0.708,107,98,0.881
401360747,2022,0.743,109,108,0.865
401360745,2022,0.562,116,113,0.72
401360742,2022,0.706,117,103,0.451
401360743,2022,0.741,130,106,0.46
401360744,2022,0.598,110,131,0.783
401360545,2022,0.515,76,109,0.515
401360741,2022,0.708,112,99,0.391
401360739,2022,0.524,122,127,0.85
401360740,2022,0.6,119,103,0.753
401360738,2022,0.528,95,123,0.648
401360737,2022,0.75,92,124,0.382
401360736,2022,0.505,101,107,0.993
401360734,2022,0.727,126,127,0.88
401360735,2022,0.593,98,99,0.85
401360733,2022,0.78,128,107,0.807
401360732,2022,0.535,114,118,0.807
401360731,2022,0.651,109,125,0.657
401360730,2022,0.821,115,110,0.685
401360729,2022,0.732,123,126,0.936
401360726,2022,0.764,92,86,0.942
401360727,2022,0.842,133,129,0.642
401360728,2022,0.541,110,116,0.559
401360725,2022,0.652,127,100,0.724
401360724,2022,0.812,104,113,0.736
401360723,2022,0.551,102,105,0.856
401360721,2022,0.641,102,117,0.734
401360722,2022,0.65,114,109,0.759
401360720,2022,0.507,102,133,0.635
401360719,2022,0.698,100,115,0.604
401360715,2022,0.548,125,93,0.569
401360717,2022,0.548,119,111,0.78
401360718,2022,0.591,153,157,0.747
401360713,2022,0.739,95,132,0.572
401360714,2022,0.685,110,128,0.407
401360710,2022,0.555,112,108,0.856
401360711,2022,0.52,119,114,0.867
401360712,2022,0.75,104,124,0.42
401360709,2022,0.767,106,129,0.233
401360708,2022,0.61,106,103,0.833
401360707,2022,0.738,142,111,0.299
401360706,2022,0.653,120,123,0.874
401360705,2022,0.541,118,125,0.46
401401136,2022,0.633,103,117,0.737
401360704,2022,0.656,107,111,0.98
401360702,2022,0.568,116,117,0.982
401360703,2022,0.662,106,101,0.981
401360701,2022,0.902,124,121,0.751
401360697,2022,0.607,125,118,0.604
401360698,2022,0.842,119,123,0.864
401360699,2022,0.545,91,103,0.784
401360700,2022,0.781,106,114,0.397
401360694,2022,0.891,111,112,0.956
401360695,2022,0.507,113,108,0.686
401360696,2022,0.608,106,111,0.991
401360693,2022,0.601,109,130,0.483
401360692,2022,0.893,103,96,0.523
401360689,2022,0.748,128,119,0.453
401360690,2022,0.711,126,120,0.964
401360691,2022,0.62,109,121,0.455
401360686,2022,0.557,124,116,0.65
401360687,2022,0.658,99,107,0.894
401360688,2022,0.539,87,135,0.461
401360685,2022,0.672,119,104,0.802
401360683,2022,0.845,121,111,0.197
401360684,2022,0.883,135,101,0.117
401360680,2022,0.527,120,109,0.79
401360681,2022,0.829,107,122,0.86
401360682,2022,0.566,120,90,0.566
401360678,2022,0.506,109,85,0.526
401360679,2022,0.765,123,127,0.914
401360677,2022,0.584,103,94,0.541
401360676,2022,0.667,120,129,0.613
401360675,2022,0.782,105,95,0.818
401360674,2022,0.94,127,105,0.111
401360672,2022,0.774,97,99,0.842
401360673,2022,0.737,103,105,1
401360670,2022,0.835,104,92,0.421
401360671,2022,0.758,106,101,0.779
401360668,2022,0.605,103,93,0.543
401360669,2022,0.652,109,110,0.859
401360665,2022,0.711,118,125,0.289
401360666,2022,0.545,110,123,0.851
401360667,2022,0.6,114,124,0.6
401360664,2022,0.581,106,103,0.994
401360663,2022,0.884,114,99,0.319
401360662,2022,0.548,134,122,0.757
401360660,2022,0.625,121,136,0.638
401360661,2022,0.688,108,102,0.823
401360657,2022,0.565,119,141,0.523
401360658,2022,0.619,113,120,0.961
401360659,2022,0.817,100,87,0.398
401360655,2022,0.684,131,107,0.525
401360656,2022,0.736,114,116,0.813
401360654,2022,0.752,112,105,0.322
401360653,2022,0.631,120,139,0.641
401360651,2022,0.587,113,112,0.759
401360652,2022,0.643,97,112,0.59
401360650,2022,0.745,102,128,0.302
401360647,2022,0.563,111,85,0.772
401360648,2022,0.687,107,105,0.835
401360649,2022,0.649,132,119,0.893
401360646,2022,0.719,98,117,0.33
401360645,2022,0.55,109,121,0.757
401360644,2022,0.607,105,92,0.603
401360641,2022,0.539,116,131,0.496
401360642,2022,0.604,95,113,0.652
401360643,2022,0.764,114,134,0.34
401360640,2022,0.854,132,115,0.298
401360639,2022,0.783,116,86,0.327
401360637,2022,0.748,135,109,0.316
401360638,2022,0.737,110,97,0.554
401360635,2022,0.785,133,112,0.215
401360636,2022,0.814,91,126,0.202
401360634,2022,0.548,109,114,0.912
401360633,2022,0.641,113,104,0.881
401360631,2022,0.681,124,127,0.368
401360632,2022,0.794,31,33,0.447
401360629,2022,0.628,78,87,0.675
401360630,2022,0.729,100,121,0.274
401360628,2022,0.546,113,137,0.765
401360627,2022,0.647,107,120,0.813
401360624,2022,0.758,98,85,0.878
401360625,2022,0.765,83,111,0.262
401360626,2022,0.582,103,94,0.541
401360621,2022,0.666,108,119,0.401
401360622,2022,0.828,118,105,0.435
401360623,2022,0.848,124,104,0.463
401360619,2022,0.709,108,137,0.328
401360620,2022,0.661,113,103,0.504
401360618,2022,0.524,122,115,0.965
401360616,2022,0.542,86,104,0.674
401360617,2022,0.627,80,95,0.532
401360615,2022,0.691,115,135,0.439
401360610,2022,0.573,107,98,0.86
401360614,2022,0.511,93,96,0.84
401360612,2022,0.674,123,99,0.326
401360613,2022,0.821,105,113,0.866
401360611,2022,0.628,131,106,0.444
401360609,2022,0.613,125,114,0.582
401360606,2022,0.678,101,102,1
401360607,2022,0.803,93,102,0.206
401360608,2022,0.507,115,122,0.527
401360604,2022,0.884,126,114,0.15
401360605,2022,0.721,111,110,0.662
401360602,2022,0.573,124,115,0.73
401401141,2022,0.672,127,120,0.98
401360601,2022,0.664,117,128,0.67
401401143,2022,0.659,95,112,0.565
401360600,2022,0.595,99,94,0.7
401360598,2022,0.543,108,104,0.68
401360599,2022,0.51,112,101,0.863
401360597,2022,0.705,114,120,0.826
401360596,2022,0.588,115,104,0.736
401360594,2022,0.722,113,107,0.54
401360595,2022,0.558,108,120,0.503
401360592,2022,0.54,118,119,0.961
401360593,2022,0.784,103,106,0.854
401360591,2022,0.751,121,111,0.414
401360590,2022,0.762,120,124,0.989
401360588,2022,0.606,126,115,0.596
401360589,2022,0.51,130,115,0.673
401360587,2022,0.679,112,98,0.59
401360603,2022,0.583,110,106,0.897
401360585,2022,0.609,99,109,0.948
401360583,2022,0.736,108,122,0.458
401360584,2022,0.608,94,77,0.888
401360581,2022,0.698,122,92,0.359
401360582,2022,0.694,116,92,0.382
401360586,2022,0.55,100,106,0.847
401360578,2022,0.659,93,90,0.888
401360579,2022,0.547,122,116,0.832
401360580,2022,0.556,122,119,0.88
401360576,2022,0.698,126,106,0.611
401360577,2022,0.805,115,110,0.915
401360574,2022,0.512,75,69,0.798
401360575,2022,0.711,100,136,0.752
401360573,2022,0.7,115,105,0.934
401360572,2022,0.643,130,116,0.581
401360570,2022,0.703,129,121,0.904
401360571,2022,0.647,90,115,0.649
401360569,2022,0.755,110,106,0.557
401360567,2022,0.592,120,124,1
401360568,2022,0.697,115,95,0.323
401360566,2022,0.786,103,101,0.895
401360564,2022,0.716,97,107,0.344
401360565,2022,0.831,132,105,0.233
401360563,2022,0.635,120,106,0.422
401360562,2022,0.679,134,126,0.445
401360561,2022,0.66,131,122,0.697
401360548,2022,0.651,105,116,0.515
401360557,2022,0.662,121,114,0.47
401360558,2022,0.607,110,125,0.622
401360559,2022,0.728,119,109,0.454
401360560,2022,0.622,72,65,1
401360554,2022,0.713,117,114,0.447
401360556,2022,0.636,103,86,0.704
401360555,2022,0.623,117,95,0.461
401360553,2022,0.693,124,111,0.663
401360552,2022,0.669,105,87,0.406
401360550,2022,0.573,97,105,0.624
401360551,2022,0.678,112,132,0.322
401360547,2022,0.532,110,118,0.578
401401134,2022,0.596,118,124,0.838
401401140,2022,0.552,111,105,0.555
401360544,2022,0.733,121,104,0.702
401360546,2022,0.666,110,96,0.356
401360541,2022,0.592,115,99,0.758
401360542,2022,0.612,126,158,0.575
401360543,2022,0.539,89,104,0.877
401360539,2022,0.596,130,92,0.574
401360540,2022,0.564,107,109,0.869
401360538,2022,0.511,104,134,0.665
401360536,2022,0.756,128,75,0.249
401360537,2022,0.505,96,106,0.632
401360533,2022,0.75,105,110,0.319
401360534,2022,0.574,125,113,0.619
401360535,2022,0.574,115,116,0.998
401401137,2022,0.817,117,107,0.631
401360532,2022,0.847,115,109,0.674
401360531,2022,0.611,117,113,0.715
401360549,2022,0.647,110,111,0.737
401360528,2022,0.735,95,93,0.625
401360527,2022,0.686,94,92,0.668
401360525,2022,0.649,136,125,0.49
401360526,2022,0.891,117,111,0.495
401360524,2022,0.721,104,91,0.283
401360522,2022,0.776,91,113,0.809
401360523,2022,0.597,109,115,0.661
401360519,2022,0.666,113,107,0.367
401360520,2022,0.574,114,95,0.642
401360521,2022,0.667,105,114,0.683
401360518,2022,0.524,87,116,0.496
401360517,2022,0.609,108,100,0.411
401360516,2022,0.798,113,103,0.37
401360514,2022,0.809,94,87,0.338
401360515,2022,0.602,133,127,0.732
401360513,2022,0.761,105,103,0.936
401360511,2022,0.759,118,122,0.822
401360512,2022,0.866,111,101,0.402
401360510,2022,0.588,102,117,0.7
401360508,2022,0.534,105,109,0.847
401360509,2022,0.769,94,90,0.666
401360506,2022,0.504,110,108,0.689
401360507,2022,0.744,105,109,0.975
401360503,2022,0.775,106,85,0.284
401360504,2022,0.506,105,116,0.829
401360505,2022,0.63,101,102,0.993
401360502,2022,0.898,117,121,0.937
401360500,2022,0.618,91,102,0.68
401360501,2022,0.526,101,109,0.908
401360499,2022,0.573,104,111,0.912
401360497,2022,0.839,130,128,0.952
401360498,2022,0.787,131,133,0.989
401360496,2022,0.831,111,116,0.953
401360494,2022,0.693,102,98,0.588
401360495,2022,0.643,30,22,0.433
401360492,2022,0.68,117,104,0.809
401360493,2022,0.655,122,112,0.563
401360489,2022,0.578,116,100,0.904
401360490,2022,0.556,102,111,0.72
401360491,2022,0.694,95,87,0.688
401360487,2022,0.701,113,86,0.755
401360488,2022,0.601,118,119,0.601
401360486,2022,0.898,102,86,0.119
401360485,2022,0.644,110,112,0.856
401360484,2022,0.714,101,95,0.924
401360482,2022,0.779,104,102,0.338
401360483,2022,0.501,107,121,0.888
401360481,2022,0.586,99,92,0.568
401360480,2022,0.589,88,98,0.638
401360479,2022,0.583,121,114,0.951
401360477,2022,0.844,119,106,0.269
401360478,2022,0.574,139,133,0.446
401360476,2022,0.762,114,107,0.716
401360475,2022,0.533,117,98,0.497
401360474,2022,0.58,87,97,0.432
401360473,2022,0.678,104,92,0.886
401360471,2022,0.68,119,99,0.598
401360472,2022,0.544,102,125,0.656
401360470,2022,0.657,112,118,0.801
401360436,2022,0.764,108,135,0.332
401360469,2022,0.809,108,92,0.191
401360468,2022,0.756,131,93,0.323
401360466,2022,0.795,114,112,0.931
401360467,2022,0.619,101,94,0.805
401360464,2022,0.786,98,109,0.945
401360465,2022,0.543,102,107,0.962
401360462,2022,0.53,108,117,0.629
401360463,2022,0.595,120,105,0.429
401360461,2022,0.711,110,115,0.761
401360460,2022,0.724,96,103,0.932
401360458,2022,0.588,85,112,0.812
401360459,2022,0.572,126,114,0.727
401360457,2022,0.628,109,114,0.685
401360455,2022,0.79,124,118,0.846
401360456,2022,0.521,96,138,0.573
401360451,2022,0.776,109,116,0.848
401360452,2022,0.701,103,87,0.717
401360453,2022,0.579,94,112,0.643
401360454,2022,0.5,111,99,0.658
401360450,2022,0.859,140,108,0.204
401360449,2022,0.533,109,130,0.631
401360447,2022,0.596,116,108,0.758
401360448,2022,0.648,113,89,0.372
401360446,2022,0.532,118,99,0.532
401360444,2022,0.534,112,138,0.639
401360445,2022,0.512,125,116,0.893
401360443,2022,0.624,91,111,0.624
401360442,2022,0.696,124,128,0.886
401360440,2022,0.643,91,115,0.667
401360441,2022,0.609,95,76,0.618
401360437,2022,0.52,100,119,0.52
401360438,2022,0.522,98,109,0.611
401360439,2022,0.67,112,106,0.333
401360435,2022,0.563,87,85,0.993
401360433,2022,0.525,116,108,0.811
401360434,2022,0.588,128,125,0.671
401401138,2022,0.813,133,87,0.411
401360432,2022,0.507,95,99,0.809
401360431,2022,0.653,122,118,0.76
401360430,2022,0.696,108,109,0.723
401401133,2022,0.586,114,108,0.812
401360530,2022,0.788,91,111,0.294
401360428,2022,0.625,101,98,0.906
401360429,2022,0.636,111,96,0.672
401360426,2022,0.613,103,99,0.58
401360427,2022,0.737,126,116,0.98
401360425,2022,0.609,119,127,0.704
401360424,2022,0.55,103,88,0.474
401360423,2022,0.677,96,82,0.44
401360422,2022,0.596,113,99,0.78
401360419,2022,0.7,123,141,0.339
401360420,2022,0.606,93,95,0.839
401360417,2022,0.601,92,98,0.859
401360418,2022,0.681,105,101,0.727
401360416,2022,0.554,106,93,0.705
401360421,2022,0.684,121,119,0.564
401360415,2022,0.631,98,123,0.761
401360414,2022,0.655,99,75,0.67
401360411,2022,0.761,114,106,0.571
401360412,2022,0.532,97,92,0.613
401360413,2022,0.543,125,113,0.596
401360410,2022,0.585,95,115,0.771
401360408,2022,0.635,134,118,0.409
401360409,2022,0.735,101,114,0.388
401360407,2022,0.767,121,111,0.35
401360404,2022,0.654,130,122,0.509
401360405,2022,0.601,106,130,0.48
401360406,2022,0.586,105,135,0.54
401360402,2022,0.653,109,121,0.653
401360403,2022,0.745,122,108,0.894
401360401,2022,0.686,119,100,0.314
401360400,2022,0.771,103,89,0.449
401360398,2022,0.871,118,88,0.159
401360399,2022,0.605,101,96,0.767
401360397,2022,0.537,108,105,0.985
401360394,2022,0.507,109,115,0.592
401360395,2022,0.759,109,115,0.453
401360396,2022,0.559,102,108,0.546
401360392,2022,0.531,111,117,0.885
401360393,2022,0.726,98,90,0.37
401360389,2022,0.661,97,99,0.753
401360390,2022,0.619,121,129,0.973
401360391,2022,0.616,99,82,0.786
401360386,2022,0.879,140,111,0.125
401360387,2022,0.682,106,116,0.873
401360388,2022,0.702,111,114,0.744
401360385,2022,0.647,122,114,0.826
401360384,2022,0.613,110,123,0.387
401360383,2022,0.646,104,94,0.574
401360381,2022,0.681,106,110,0.863
401360382,2022,0.569,129,104,0.633
401360380,2022,0.543,104,122,0.594
401360378,2022,0.802,115,108,0.481
401360379,2022,0.632,136,131,0.787
401360377,2022,0.64,103,89,0.423
401360374,2022,0.882,102,98,0.458
401360375,2022,0.904,106,115,0.928
401360376,2022,0.742,104,115,0.564
401360373,2022,0.579,104,118,0.598
401360371,2022,0.831,133,113,0.353
401360372,2022,0.535,124,121,0.93
401360370,2022,0.562,108,103,0.716
401360368,2022,0.584,99,133,0.602
401360369,2022,0.718,86,95,0.488
401360365,2022,0.763,116,111,0.994
401360366,2022,0.768,108,104,0.838
401360367,2022,0.635,115,113,0.868
401360364,2022,0.674,120,105,0.333
401360363,2022,0.652,116,123,0.889
401360362,2022,0.515,111,124,0.757
401360361,2022,0.779,116,120,0.983
401360359,2022,0.775,111,112,1
401360360,2022,0.58,119,120,0.959
401360358,2022,0.778,136,113,0.44
401360357,2022,0.665,139,106,0.335
401360356,2022,0.798,120,108,0.513
401360354,2022,0.592,118,105,0.672
401360355,2022,0.514,95,80,0.715
401360352,2022,0.682,118,121,0.939
401360353,2022,0.67,116,108,0.777
401360351,2022,0.62,110,120,0.486
401360350,2022,0.616,96,112,0.81
401360349,2022,0.514,106,105,1
401360348,2022,0.551,123,108,0.525
401360344,2022,0.644,102,110,0.827
401360345,2022,0.828,118,136,0.391
401360346,2022,0.704,110,93,0.744
401360343,2022,0.513,95,94,0.934
401360342,2022,0.756,105,120,0.26
401360341,2022,0.807,115,97,0.491
401360338,2022,0.591,131,117,0.465
401360339,2022,0.744,104,99,0.922
401360337,2022,0.705,82,91,0.804
401360335,2022,0.706,75,85,0.916
401360336,2022,0.536,108,116,0.631
401360333,2022,0.794,86,89,0.805
401360334,2022,0.669,117,109,0.625
401360330,2022,0.568,123,132,0.588
401360331,2022,0.567,88,96,0.528
401360332,2022,0.573,108,104,0.978
401360328,2022,0.623,107,94,0.478
401360329,2022,0.599,109,114,0.647
401360327,2022,0.812,110,127,0.284
401360326,2022,0.567,108,124,0.642
401360325,2022,0.52,117,132,0.572
401360324,2022,0.757,113,114,0.775
401360323,2022,0.622,104,110,0.502
401360322,2022,0.564,108,103,0.901
401360321,2022,0.541,118,130,0.758
401360320,2022,0.724,121,94,0.4
401360319,2022,0.629,100,103,0.88
401360318,2022,0.513,113,105,0.54
401360316,2022,0.537,117,112,0.596
401360317,2022,0.858,144,109,0.182
401360313,2022,0.798,144,99,0.399
401360314,2022,0.543,91,113,0.733
401360315,2022,0.504,102,127,0.72
401360312,2022,0.742,78,66,0.536
401358785,2022,0.913,120,116,0.659
401358784,2022,0.577,115,122,0.605
401358783,2022,0.619,107,116,0.738
401358782,2022,0.635,117,113,0.989
401358781,2022,0.64,101,87,0.36
401360311,2022,0.632,110,138,0.419
401360309,2022,0.681,113,104,0.654
401360306,2022,0.5,107,115,0.99
401360307,2022,0.871,113,101,0.565
401360308,2022,0.905,128,116,0.261
401360305,2022,0.544,95,102,0.821
401360303,2022,0.845,115,112,0.88
401360304,2022,0.567,117,124,0.776
401360300,2022,0.727,118,106,0.686
401360301,2022,0.591,104,110,0.462
401360302,2022,0.703,96,98,0.817
401360299,2022,0.549,89,105,0.549
401360297,2022,0.608,126,106,0.612
401360298,2022,0.673,108,94,0.786
401360294,2022,0.757,98,104,0.826
401360295,2022,0.524,111,101,0.501
401360293,2022,0.691,90,108,0.61
401360292,2022,0.518,114,102,0.579
401360291,2022,0.544,111,97,0.667
401360289,2022,0.524,125,96,0.628
401360290,2022,0.699,105,91,0.468
401360287,2022,0.652,92,116,0.707
401360286,2022,0.864,113,98,0.439
401360285,2022,0.83,112,102,0.483
401360283,2022,0.604,133,118,0.396
401360284,2022,0.697,99,102,0.936
401360281,2022,0.658,103,108,0.919
401360272,2022,0.649,115,110,0.746
401360279,2022,0.634,111,105,0.593
401360280,2022,0.58,137,106,0.42
401360273,2022,0.724,100,90,0.863
401360274,2022,0.641,100,105,0.851
401360275,2022,0.619,121,114,0.646
401360270,2022,0.656,90,119,0.446
401360271,2022,0.835,103,109,0.928
401360268,2022,0.636,104,103,0.954
401360266,2022,0.817,93,100,0.85
401360267,2022,0.773,119,100,0.243
401360269,2022,0.678,109,102,0.719
401360265,2022,0.515,107,116,0.515
401360260,2022,0.632,110,92,0.423
401360263,2022,0.557,125,116,0.579
401360264,2022,0.528,101,122,0.889
401360261,2022,0.876,107,110,0.972
401360262,2022,0.52,116,112,0.722
401360258,2022,0.5,112,131,0.598
401360259,2022,0.653,107,111,0.544
401360257,2022,0.734,105,115,0.532
401360256,2022,0.781,118,98,0.311
401360255,2022,0.504,103,116,0.61
401360253,2022,0.61,114,105,0.45
401360252,2022,0.81,122,113,0.451
401360249,2022,0.89,124,103,0.39
401360250,2022,0.545,103,113,0.866
401360251,2022,0.521,119,105,0.91
401360248,2022,0.678,98,110,0.678
401360247,2022,0.61,115,131,0.61
401360245,2022,0.519,114,99,0.647
401360246,2022,0.553,110,113,0.836
401360244,2022,0.628,104,107,0.985
401360241,2022,0.811,124,89,0.205
401360242,2022,0.636,99,111,0.401
401360243,2022,0.522,96,101,0.619
401360240,2022,0.522,107,111,0.892
401360237,2022,0.685,131,129,0.879
401360238,2022,0.734,96,105,0.604
401360236,2022,0.596,111,95,0.637
401360235,2022,0.738,113,107,0.262
401360234,2022,0.515,120,96,0.487
401360233,2022,0.518,126,91,0.573
401360231,2022,0.7,126,132,0.981
401360232,2022,0.567,117,103,0.773
401360228,2022,0.622,105,94,0.59
401360229,2022,0.609,100,102,0.907
401360230,2022,0.551,124,101,0.551
401360227,2022,0.758,106,94,0.573
401360226,2022,0.507,111,116,0.873
401360224,2022,0.542,84,103,0.534
401360225,2022,0.596,112,97,0.562
401360223,2022,0.62,104,116,0.739
401360222,2022,0.589,97,112,0.432
401360220,2022,0.675,102,93,0.928
401360221,2022,0.549,112,127,0.623
401360217,2022,0.661,107,99,0.339
401360218,2022,0.616,118,92,0.393
401360219,2022,0.792,113,106,0.258
401360216,2022,0.781,98,123,0.485
401360215,2022,0.768,106,104,0.666
401360214,2022,0.611,111,90,0.521
401360210,2022,0.59,114,123,0.857
401360211,2022,0.514,106,123,0.486
401360212,2022,0.709,105,83,0.833
401360213,2022,0.528,93,116,0.599
401360208,2022,0.535,105,113,0.858
401360209,2022,0.563,90,87,0.623
401360206,2022,0.54,124,123,0.888
401360207,2022,0.66,106,93,0.66
401360205,2022,0.559,123,111,0.441
401360204,2022,0.573,108,95,0.706
401360203,2022,0.672,96,118,0.53
401360202,2022,0.667,114,111,0.564
401360200,2022,0.937,104,94,0.205
401360201,2022,0.806,142,130,0.392
401360196,2022,0.536,114,104,0.593
401360197,2022,0.687,96,104,0.894
401360198,2022,0.716,104,136,0.49
401360199,2022,0.551,114,120,0.914
401360194,2022,0.525,113,104,0.825
401360195,2022,0.711,109,110,0.906
401360190,2022,0.623,106,110,0.636
401360191,2022,0.638,115,92,0.435
401360192,2022,0.645,116,119,0.814
401360193,2022,0.68,122,102,0.402
401360189,2022,0.504,117,102,0.72
401360188,2022,0.516,99,109,0.642
401360187,2022,0.588,99,102,0.941
401360185,2022,0.922,126,95,0.207
401360186,2022,0.648,90,102,0.51
401360184,2022,0.73,108,104,0.636
401360181,2022,0.555,109,97,0.782
401360182,2022,0.714,105,97,0.375
401360183,2022,0.552,110,121,0.602
401360180,2022,0.625,90,105,0.643
401360177,2022,0.693,124,127,0.758
401360178,2022,0.542,99,104,0.939
401360179,2022,0.713,116,110,0.335
401360176,2022,0.529,118,108,0.705
401360174,2022,0.727,127,130,0.813
401360175,2022,0.564,102,90,0.484
401360173,2022,0.746,108,109,0.604
401360171,2022,0.586,117,145,0.646
401360172,2022,0.534,104,99,0.66
401360169,2022,0.576,90,97,0.424
401360170,2022,0.792,107,112,0.857
401360167,2022,0.627,107,111,0.897
401360168,2022,0.606,124,102,0.42
401360166,2022,0.589,99,113,0.601
401360164,2022,0.729,118,96,0.324
401360165,2022,0.512,115,119,0.519
401360163,2022,0.887,137,130,0.769
401360162,2022,0.697,91,107,0.87
401360161,2022,0.646,118,116,0.761
401360159,2022,0.567,96,98,0.931
401360160,2022,0.678,110,105,0.703
401360157,2022,0.575,104,113,0.646
401360158,2022,0.617,93,113,0.718
401360156,2022,0.573,83,114,0.573
401360155,2022,0.835,114,103,0.32
401360154,2022,0.745,152,79,0.256
401360152,2022,0.561,115,119,0.644
401360153,2022,0.511,97,93,0.595
401360151,2022,0.651,115,124,0.742
401360148,2022,0.596,127,125,0.871
401360149,2022,0.551,107,139,0.474
401360150,2022,0.576,110,114,0.963
401360146,2022,0.501,88,87,0.689
401360147,2022,0.732,85,111,0.775
401360143,2022,0.529,111,114,0.708
401360144,2022,0.72,108,103,0.948
401360145,2022,0.583,112,105,0.741
401360140,2022,0.526,104,96,0.765
401360141,2022,0.608,110,92,0.512
401360142,2022,0.711,92,117,0.94
401360138,2022,0.622,112,110,0.627
401360139,2022,0.528,91,98,0.528
401360137,2022,0.735,104,123,0.769
401360136,2022,0.772,129,107,0.465
401360134,2022,0.687,96,114,0.775
401360135,2022,0.513,116,99,0.825
401360131,2022,0.514,133,119,0.612
401360132,2022,0.518,102,89,0.565
401360133,2022,0.585,100,98,0.858
401360130,2022,0.662,111,120,0.713
401360129,2022,0.887,101,96,0.542
401360128,2022,0.686,110,106,0.507
401360126,2022,0.511,97,109,0.625
401360127,2022,0.526,128,101,0.474
401360125,2022,0.581,100,118,0.624
401360124,2022,0.524,90,105,0.694
401360123,2022,0.876,127,105,0.138
401360122,2022,0.733,114,120,0.876
401360119,2022,0.848,96,81,0.295
401360120,2022,0.61,104,107,0.786
401360121,2022,0.624,146,143,0.624
401360117,2022,0.665,90,99,0.762
401360118,2022,0.597,107,113,0.615
401360116,2022,0.722,120,121,0.905
401360115,2022,0.518,137,141,0.968
401360114,2022,0.707,118,103,0.377
401360112,2022,0.593,95,112,0.593
401360113,2022,0.884,97,98,0.973
401360111,2022,0.534,96,88,0.918
401360108,2022,0.639,114,97,0.527
401360109,2022,0.537,100,132,0.59
401360110,2022,0.572,99,101,0.749
401360105,2022,0.636,133,115,0.469
401360106,2022,0.527,97,118,0.603
401360107,2022,0.725,88,123,0.459
401360104,2022,0.84,107,96,0.172
401360102,2022,0.715,100,91,0.909
401360103,2022,0.599,125,121,0.739
401360101,2022,0.562,106,124,0.642
401360095,2022,0.639,91,86,0.891
401360096,2022,0.603,113,122,0.9
401360097,2022,0.817,114,90,0.231
401360098,2022,0.522,113,101,0.852
401360099,2022,0.604,116,94,0.604
401360100,2022,0.821,104,110,0.604
401360094,2022,0.537,104,123,0.537
401360091,2022,0.666,115,120,0.681
401360092,2022,0.73,116,124,0.935
401360093,2022,0.782,99,106,0.591
401360090,2022,0.674,104,112,0.87
401360089,2022,0.699,119,100,0.433
401360088,2022,0.733,106,100,0.537
401360087,2022,0.693,92,100,0.901
401360086,2022,0.614,94,102,0.925
401360085,2022,0.83,118,119,0.948
401360084,2022,0.567,111,115,0.625
401360081,2022,0.513,77,109,0.554
401360082,2022,0.837,123,92,0.208
401360083,2022,0.624,52,71,0.47
401360079,2022,0.776,85,69,0.345
401360080,2022,0.763,108,90,0.465
401360077,2022,0.62,112,117,0.854
401360078,2022,0.501,103,109,0.704
401360076,2022,0.776,116,100,0.236
401360074,2022,0.605,109,103,0.752
401360075,2022,0.68,107,87,0.329
401360073,2022,0.512,116,121,0.978
401360072,2022,0.669,97,91,0.659
401360070,2022,0.61,118,111,0.513
401360071,2022,0.7,100,119,0.423
401360068,2022,0.816,108,101,0.231
401360069,2022,0.57,138,95,0.43
401360066,2022,0.63,115,105,0.404
401360067,2022,0.711,111,105,0.323
401360064,2022,0.748,111,94,0.257
401360065,2022,0.59,103,100,0.957
401360063,2022,0.794,106,99,0.728
401360061,2022,0.699,112,104,0.732
401360062,2022,0.729,89,108,0.834
401360060,2022,0.541,108,114,0.812
401360058,2022,0.754,96,89,0.41
401360059,2022,0.681,94,81,0.962
401360056,2022,0.565,130,108,0.731
401360057,2022,0.815,115,113,0.884
401360054,2022,0.63,121,118,0.472
401360055,2022,0.551,100,104,0.633
401360052,2022,0.657,89,103,0.789
401360053,2022,0.867,117,96,0.397
401360050,2022,0.556,120,108,0.577
401360051,2022,0.571,107,88,0.449
401360048,2022,0.748,89,104,0.933
401360049,2022,0.699,35,29,0.529
401360046,2022,0.699,105,98,0.812
401360047,2022,0.577,112,107,0.953
401360044,2022,0.524,107,97,0.685
401360045,2022,0.61,101,89,0.42
401360039,2022,0.665,110,99,0.438
401360040,2022,0.721,109,99,0.339
401360041,2022,0.759,113,98,0.759
401360042,2022,0.811,81,84,0.89
401360043,2022,0.713,109,102,0.593
401360037,2022,0.612,97,87,0.81
401360038,2022,0.606,97,89,0.825
401360036,2022,0.775,106,92,0.483
401360035,2022,0.765,120,85,0.269
401360034,2022,0.529,95,115,0.693
401360033,2022,0.536,103,121,0.536
401360032,2022,0.602,118,113,0.799
401360028,2022,0.614,111,101,0.859
401360029,2022,0.77,136,102,0.334
401360030,2022,0.509,96,99,0.856
401360031,2022,0.728,90,103,0.528
401360026,2022,0.746,118,107,0.471
401360027,2022,0.612,92,84,0.888
401360023,2022,0.529,92,98,0.83
401360024,2022,0.622,107,129,0.509
401360025,2022,0.617,105,100,0.948
401360022,2022,0.662,90,100,0.761
401360021,2022,0.696,109,83,0.305
401360018,2022,0.603,106,102,0.759
401360019,2022,0.685,87,110,0.346
401360020,2022,0.678,96,120,0.506
401360017,2022,0.582,120,100,0.45
401360016,2022,0.536,114,106,0.571
401360015,2022,0.761,129,102,0.312
401360014,2022,0.531,91,89,0.984
401360013,2022,0.722,121,127,0.856
401360010,2022,0.502,118,113,0.635
401360011,2022,0.554,92,104,0.539
401360012,2022,0.515,112,101,0.537
401360009,2022,0.748,105,111,0.795
401360008,2022,0.507,83,107,0.789
401360007,2022,0.711,119,93,0.609
401360006,2022,0.634,105,96,0.604
401360005,2022,0.512,109,123,0.644
401360001,2022,0.642,92,104,0.58
401360002,2022,0.556,94,119,0.444
401360003,2022,0.649,112,120,0.714
401360004,2022,0.609,105,103,0.972
401359999,2022,0.515,122,113,0.671
401360000,2022,0.591,85,60,0.476
401359998,2022,0.517,104,96,0.895
401359997,2022,0.742,112,109,0.809
401359996,2022,0.848,100,111,0.898
401359995,2022,0.758,109,115,0.886
401359993,2022,0.73,105,95,0.348
401359994,2022,0.65,120,117,0.962
401359991,2022,0.562,101,98,0.816
401359992,2022,0.576,119,109,0.606
401359990,2022,0.515,109,89,0.515
401359987,2022,0.585,117,107,0.667
401359988,2022,0.565,108,118,0.826
401359989,2022,0.615,100,108,0.78
401359984,2022,0.533,104,88,0.484
401359985,2022,0.667,100,112,0.731
401359986,2022,0.555,104,112,0.784
401359982,2022,0.509,94,97,0.923
401359983,2022,0.694,90,123,0.325
401359981,2022,0.603,117,109,0.59
401359980,2022,0.815,110,98,0.314
401359979,2022,0.554,109,118,0.867
401359978,2022,0.509,126,123,0.813
401359976,2022,0.621,112,95,0.869
401359977,2022,0.504,104,109,0.683
401359975,2022,0.526,113,96,0.498
401359974,2022,0.661,108,92,0.689
401359972,2022,0.507,118,95,0.763
401359973,2022,0.583,125,118,0.991
401359971,2022,0.632,96,103,0.691
401359970,2022,0.657,120,106,0.939
401359969,2022,0.865,120,107,0.353
401359968,2022,0.559,99,94,0.911
401359964,2022,0.729,109,126,0.826
401359965,2022,0.749,107,100,0.963
401359966,2022,0.537,101,94,0.684
401359967,2022,0.611,91,93,0.694
401359963,2022,0.564,103,116,0.736
401359962,2022,0.686,105,90,0.338
401359961,2022,0.563,121,117,0.947
401359960,2022,0.682,107,104,0.743
401359959,2022,0.568,105,114,0.733
401359958,2022,0.537,118,115,0.653
401359957,2022,0.79,95,94,0.906
401359954,2022,0.762,126,85,0.404
401359955,2022,0.705,110,106,0.94
401359956,2022,0.558,140,110,0.497
401359953,2022,0.526,67,68,0.944
401359951,2022,0.681,98,94,1
401359952,2022,0.539,98,113,0.948
401359948,2022,0.729,90,94,0.517
401359949,2022,0.557,89,102,0.583
401359950,2022,0.52,115,87,0.535
401359947,2022,0.667,104,107,0.959
401359946,2022,0.802,123,111,0.676
401359944,2022,0.598,98,116,0.793
401359945,2022,0.765,78,95,0.859
401359943,2022,0.516,98,109,0.76
401359941,2022,0.636,109,92,0.61
401359942,2022,0.628,112,99,0.68
401359940,2022,0.573,83,78,1
401359938,2022,0.525,108,106,0.877
401359939,2022,0.548,98,108,0.62
401359937,2022,0.649,117,108,0.578
401359932,2022,0.676,107,101,0.807
401359933,2022,0.506,111,98,0.521
401359934,2022,0.58,79,92,0.696
401359935,2022,0.614,103,98,0.442
401359936,2022,0.591,100,109,0.697
401359931,2022,0.663,119,117,0.821
401359930,2022,0.706,112,100,0.938
401359929,2022,0.785,119,113,0.557
401359928,2022,0.536,110,125,0.747
401359927,2022,0.532,89,117,0.585
401359926,2022,0.8,99,94,0.958
401359924,2022,0.514,106,97,0.567
401359925,2022,0.757,94,113,0.933
401359921,2022,0.66,118,111,0.506
401359922,2022,0.536,114,128,0.985
401359923,2022,0.684,104,113,0.932
401359918,2022,0.686,110,113,0.756
401359919,2022,0.578,131,118,0.431
401359920,2022,0.626,113,103,0.48
401359917,2022,0.643,95,85,0.393
401359916,2022,0.814,117,91,0.269
401359914,2022,0.519,97,92,0.778
401359915,2022,0.621,95,107,0.379
401359913,2022,0.603,105,99,0.52
401359912,2022,0.832,101,92,0.697
401359911,2022,0.641,91,93,0.908
401359910,2022,0.796,103,82,0.215
401359907,2022,0.573,107,99,0.72
401359908,2022,0.557,91,108,0.557
401359909,2022,0.665,93,102,0.826
401359905,2022,0.582,94,97,0.74
401359906,2022,0.598,122,94,0.483
401359903,2022,0.714,103,88,0.691
401359904,2022,0.6,117,123,0.431
401359902,2022,0.57,115,112,0.928
401359901,2022,0.649,113,101,0.803
401359899,2022,0.672,106,75,0.43
401359900,2022,0.519,111,92,0.739
401359898,2022,0.514,109,113,0.684
401359896,2022,0.762,105,98,0.76
401359897,2022,0.552,114,99,0.588
401359895,2022,0.738,110,109,0.648
401359894,2022,0.692,101,104,0.959
401359893,2022,0.644,103,99,0.881
401359891,2022,0.557,103,104,0.654
401359892,2022,0.713,91,122,0.333
401359889,2022,0.773,110,102,0.451
401359890,2022,0.516,122,111,0.664
401359888,2022,0.776,79,92,0.776
401359886,2022,0.67,107,110,0.884
401359887,2022,0.536,111,88,0.744
401359884,2022,0.604,108,113,0.604
401359885,2022,0.536,123,115,0.988
401359880,2022,0.597,107,116,0.713
401359881,2022,0.628,93,106,0.799
401359882,2022,0.538,118,100,0.581
401359883,2022,0.567,99,102,0.857
401359879,2022,0.612,111,120,0.792
401359878,2022,0.729,122,110,0.624
401359876,2022,0.72,116,106,0.554
401359877,2022,0.571,121,125,0.953
401359875,2022,0.69,98,106,0.85
401359874,2022,0.512,112,99,0.679
401359873,2022,0.612,116,86,0.44
401359872,2022,0.79,87,99,0.801
401359871,2022,0.704,98,107,0.763
401359867,2022,0.756,122,104,0.304
401359868,2022,0.6,104,90,0.458
401359869,2022,0.824,107,90,0.27
401359870,2022,0.529,108,111,0.576
401359865,2022,0.53,129,136,0.984
401359866,2022,0.522,109,119,0.625
401359864,2022,0.609,121,118,0.673
401359863,2022,0.514,107,119,0.753
401359860,2022,0.778,104,110,0.932
401359861,2022,0.531,97,107,0.76
401359862,2022,0.695,103,115,0.324
401359859,2022,0.754,95,111,0.884
401359858,2022,0.615,114,120,0.883
401359857,2022,0.521,134,105,0.514
401359856,2022,0.631,111,121,0.598
401359854,2022,0.636,97,82,0.606
401359855,2022,0.738,96,89,0.461
401359853,2022,0.632,95,103,0.769
401359852,2022,0.592,102,91,0.837
401359851,2022,0.721,101,95,0.903
401358780,2022,0.536,105,115,0.687
401359850,2022,0.576,97,104,0.79
401359849,2022,0.713,102,96,0.537
401359847,2022,0.687,128,112,0.353
401359848,2022,0.615,112,83,0.385
401358779,2022,0.523,109,114,0.947
401359846,2022,0.65,83,115,0.79
401359843,2022,0.516,112,123,0.818
401359844,2022,0.744,96,121,0.333
401359845,2022,0.595,135,134,0.926
401358778,2022,0.545,115,113,0.877
401359842,2022,0.571,137,95,0.436
401358777,2022,0.532,113,87,0.653
401358776,2022,0.67,98,110,0.944
401359841,2022,0.58,121,124,0.63
401359840,2022,0.865,107,86,0.166
401359839,2022,0.73,123,97,0.46
401359836,2022,0.688,132,121,0.422
401359837,2022,0.708,124,106,0.372
401359838,2022,0.572,97,117,0.567
401358775,2022,0.576,138,134,0.816
401359835,2022,0.554,80,93,0.651
401359833,2022,0.531,123,122,0.981
401359834,2022,0.574,84,88,0.742
401358774,2022,0.502,114,121,0.888
401358773,2022,0.548,127,104,0.52
