league,method,time_index,regulation_fraction,bin_id,n_games,mean_forecast,observed_rate,gap,bin_lower,bin_upper
nba,linear,0,0,8,818,0.7237921760391205,0.7053789731051344,-0.0184132029339853,0.696,0.753
nba,linear,1,0.05,8,825,0.7309977658652824,0.7236363636363636,-0.007361402228917761,0.7012173913043478,0.7607692307692308
nba,linear,2,0.1,7,827,0.6810093334422698,0.6662636033857315,-0.014745730056538155,0.6506666666666667,0.7118333333333333
nba,linear,3,0.15000000000000002,6,828,0.6208451736358945,0.5736714975845411,-0.04717367605135359,0.5889999999999996,0.6541666666666666
nba,linear,4,0.2,5,827,0.5460772374607767,0.5501813784764208,0.0041041410156437376,0.5067619047619047,0.5866363636363636
nba,linear,5,0.25,4,822,0.45963503649635107,0.4537712895377129,-0.005863746958637467,0.4139999999999999,0.505
nba,linear,6,0.30000000000000004,3,827,0.35321547787730784,0.37605804111245467,0.022842563235146697,0.3026999999999997,0.4034999999999996
nba,linear,7,0.35000000000000003,4,826,0.44527977605857494,0.4576271186440678,0.012347342585492724,0.39442857142857213,0.4950588235294115
nba,linear,8,0.4,4,825,0.436826779710455,0.45454545454545453,0.017718674834999382,0.38192857142857145,0.4895714285714287
nba,linear,9,0.45,4,827,0.4265853945083649,0.4534461910519952,0.02686079654363006,0.368,0.4822
nba,linear,10,0.5,3,828,0.29234855475557037,0.33695652173913043,0.04460796698355993,0.231,0.357
nba,linear,11,0.55,4,826,0.40119220920256865,0.4346246973365617,0.03343248813399298,0.3347142857142857,0.4648
nba,linear,12,0.6000000000000001,3,827,0.2546576374671957,0.3047158403869408,0.05005820291974483,0.1886428571428573,0.3226666666666647
nba,linear,13,0.65,2,826,0.10283391711569465,0.14648910411622276,0.043655187000528124,0.05410000000000014,0.16169230769230783
nba,linear,14,0.7000000000000001,1,824,0.012898298255590749,0.025485436893203883,0.012587138637613123,0.001,0.03694444444444449
nba,linear,15,0.75,1,820,0.007147560975609729,0.00853658536585366,0.0013890243902439324,0,0.02300000000000002
nba,linear,16,0.8,1,826,0.003598573723009765,0.004842615012106538,0.0012440412890967383,0.001,0.012454545454545433
nba,linear,17,0.8500000000000001,1,826,0.001655099127776082,0.0012106537530266344,-4.444453747494683e-4,0.001,0.00511764705882355
nba,linear,18,0.9,2,824,0.012377576081454799,0.019417475728155338,0.007039899646700552,0.0016000000000000129,0.03382352941176445
nba,linear,19,0.95,1,1652,0.0024612265416954185,6.053268765133172e-4,-0.001855899665182098,0.001,0.0135
nba,locf,0,0,8,818,0.7237921760391205,0.7053789731051344,-0.0184132029339853,0.696,0.753
nba,locf,1,0.05,8,815,0.7304466257668712,0.7165644171779141,-0.013882208588957038,0.7,0.76
nba,locf,2,0.1,6,835,0.6187497005988026,0.5952095808383233,-0.023540119760479063,0.589,0.649
nba,locf,3,0.15000000000000002,6,831,0.6212322503008418,0.5788206979542719,-0.042411552346570396,0.59,0.655
nba,locf,4,0.2,5,831,0.5454897713598074,0.5475330926594465,0.0020433212996389854,0.507,0.585
nba,locf,5,0.25,4,823,0.45960753341433846,0.45443499392466585,-0.005172539489671927,0.4139999999999999,0.505
nba,locf,6,0.30000000000000004,3,831,0.35425150421179324,0.3658243080625752,0.011572803850782187,0.30299999999999994,0.403
nba,locf,7,0.35000000000000003,4,826,0.44454721549636744,0.46973365617433416,0.02518644067796611,0.395,0.493
nba,locf,8,0.4,4,827,0.43651390568319226,0.45223700120918986,0.01572309552599757,0.385,0.489
nba,locf,9,0.45,4,831,0.4252129963898916,0.44885679903730447,0.023643802647412743,0.366,0.482
nba,locf,10,0.5,3,827,0.29240628778718253,0.3373639661426844,0.04495767835550173,0.231,0.357
nba,locf,11,0.55,4,815,0.400732515337423,0.4441717791411043,0.04343926380368101,0.336,0.466
nba,locf,12,0.6000000000000001,4,828,0.39309420289855085,0.42995169082125606,0.03685748792270531,0.324,0.458
nba,locf,13,0.65,2,826,0.1033292978208231,0.14527845036319612,0.041949152542372886,0.054,0.16000000000000003
nba,locf,14,0.7000000000000001,1,820,0.012880487804878039,0.020731707317073172,0.007851219512195152,0.001,0.036
nba,locf,15,0.75,1,820,0.007147560975609729,0.00853658536585366,0.0013890243902439324,0,0.02300000000000002
nba,locf,16,0.8,1,813,0.0035079950799507464,0.006150061500615006,0.002642066420664215,0.001,0.012
nba,locf,17,0.8500000000000001,1,793,0.001524590163934412,0,-0.001524590163934412,0.001,0.004
nba,locf,18,0.9,2,837,0.012280764635603325,0.02031063321385902,0.008029868578255715,0.002,0.033
nba,locf,19,0.95,1,1639,0.0024460036607686906,6.101281269066504e-4,-0.0018358755338620395,0.001,0.013
nba,linear,0,0,6,824,0.6112123786407768,0.6080097087378641,-0.003202669902912614,0.586,0.637
nba,linear,1,0.05,7,827,0.6717670569764355,0.6324062877871826,-0.039360769189253235,0.64425,0.701
nba,linear,3,0.15000000000000002,7,827,0.6893063895672455,0.6807738814993954,-0.008532508067849982,0.6542499999999996,0.7226666666666671
nba,linear,4,0.2,8,826,0.7648020232580863,0.7493946731234867,-0.015407350134600041,0.7293333333333333,0.802
nba,linear,5,0.25,8,816,0.7766214798561788,0.7475490196078431,-0.02907246024833628,0.741,0.811
nba,linear,6,0.30000000000000004,8,826,0.7844212947218266,0.7566585956416465,-0.02776269908017969,0.7469999999999989,0.8209285714285717
nba,linear,7,0.35000000000000003,8,826,0.7935748779369018,0.7602905569007264,-0.033284321036175214,0.7544444444444446,0.8310588235294115
nba,linear,8,0.4,9,825,0.8812921626540052,0.8496969696969697,-0.03159519295703522,0.8403703703703703,0.9177777777777778
nba,linear,9,0.45,8,828,0.8148327692809288,0.7874396135265701,-0.027393155754358016,0.773,0.8557272727272727
nba,linear,10,0.5,9,821,0.9074689403166857,0.876979293544458,-0.03048964677222897,0.869,0.941
nba,linear,11,0.55,9,827,0.9221775065650879,0.8887545344619106,-0.033422972103177344,0.888,0.9557499999999999
nba,linear,12,0.6000000000000001,9,827,0.9382596824434274,0.9141475211608222,-0.02411216128260708,0.9048260869565217,0.9683846153846154
nba,linear,13,0.65,9,826,0.9530225956731321,0.9297820823244553,-0.02324051334867672,0.9226470588235295,0.9785
nba,linear,14,0.7000000000000001,9,825,0.966230948672044,0.9418181818181818,-0.024412766853862528,0.9403529411764707,0.9855999999999999
nba,linear,15,0.75,10,871,0.9973797380308004,0.9977037887485649,3.240507177755267e-4,0.992,1
nba,linear,16,0.8,10,827,0.998639579509563,1,0.0013604204904488408,0.9966842105263157,0.999
nba,linear,17,0.8500000000000001,8,822,0.9598846214074876,0.9562043795620438,-0.0036802418454440254,0.9268333333333332,0.9829565217391304
nba,linear,18,0.9,8,827,0.978142517323481,0.9818621523579202,0.0037196350344398926,0.954,0.992764705882353
nba,linear,19,0.95,7,2480,0.9972471507420176,0.9987903225806452,0.0015431718386145603,0.9822857142857142,0.999
nba,locf,0,0,6,824,0.6112123786407768,0.6080097087378641,-0.003202669902912614,0.586,0.637
nba,locf,1,0.05,7,825,0.6719866666666668,0.6375757575757576,-0.03441090909090913,0.645,0.699
nba,locf,2,0.1,7,825,0.6808581818181819,0.6618181818181819,-0.019039999999999994,0.65,0.71
nba,locf,3,0.15000000000000002,7,824,0.6891007281553395,0.6929611650485437,0.0038604368932038786,0.656,0.722
nba,locf,4,0.2,8,827,0.7640108827085837,0.747279322853688,-0.01673155985489723,0.729,0.8
nba,locf,5,0.25,8,815,0.776581595092024,0.747239263803681,-0.029342331288343588,0.741,0.811
nba,locf,6,0.30000000000000004,8,823,0.7835394896719304,0.7606318347509113,-0.02290765492102068,0.746,0.819
nba,locf,7,0.35000000000000003,8,828,0.7938683574879223,0.7608695652173914,-0.03299879227053141,0.755,0.831
nba,locf,8,0.4,9,826,0.8807263922518151,0.847457627118644,-0.033268765133171924,0.841,0.917
nba,locf,9,0.45,8,820,0.8139121951219523,0.7792682926829269,-0.03464390243902441,0.773,0.853
nba,locf,10,0.5,9,821,0.9074689403166857,0.876979293544458,-0.03048964677222897,0.869,0.941
nba,locf,11,0.55,9,823,0.9210814094775203,0.8869987849331713,-0.034082624544349925,0.886,0.955
nba,locf,12,0.6000000000000001,9,831,0.9368977135980758,0.9085439229843562,-0.0283537906137184,0.903,0.967
nba,locf,13,0.65,9,826,0.9525605326876516,0.923728813559322,-0.028831719128329304,0.922,0.978
nba,locf,14,0.7000000000000001,9,836,0.9657153110047848,0.9401913875598086,-0.025523923444976063,0.94,0.985
nba,locf,15,0.75,10,871,0.9973777267508722,0.9977037887485649,3.2606199770379105e-4,0.992,1
nba,locf,16,0.8,10,834,0.9986235011990537,1,0.0013764988009592272,0.997,0.999
nba,locf,17,0.8500000000000001,8,815,0.9587153374233129,0.9570552147239264,-0.0016601226993864869,0.926,0.982
nba,locf,18,0.9,9,1692,0.9979674940898507,0.99822695035461,2.594562647754054e-4,0.992,0.999
nba,locf,19,0.95,7,2480,0.9971459677419234,0.9983870967741936,0.001241129032258022,0.982,0.999
nba,linear,0,0,1,825,0.23815757575757557,0.23393939393939395,-0.004218181818181819,0.017,0.315
nba,linear,1,0.05,1,826,0.21647397782871156,0.2360774818401937,0.01960350401148209,0.03192307692307693,0.296
nba,linear,2,0.1,1,826,0.1908865831060287,0.22276029055690072,0.0318737074508717,0.024416666666666666,0.27029411764705885
nba,linear,3,0.15000000000000002,1,826,0.16779246170305484,0.22276029055690072,0.0549678288538458,0.011230769230769226,0.246421052631579
nba,linear,4,0.2,1,826,0.14627739717167343,0.2009685230024213,0.05469112583074775,0.010199999999999999,0.22335294117647064
nba,linear,5,0.25,3,830,0.36478141476798387,0.3674698795180723,0.0026884647500894586,0.31499999999999995,0.413
nba,linear,6,0.30000000000000004,4,826,0.4528330491569252,0.44552058111380144,-0.007312468043123943,0.40371428571428636,0.4994285714285712
nba,linear,8,0.4,5,828,0.5371266942720306,0.5229468599033816,-0.01417983436864871,0.4899999999999999,0.5865
nba,linear,9,0.45,5,827,0.5373690030354977,0.5308343409915357,-0.006534662043962609,0.48224999999999996,0.5892083333333333
nba,linear,10,0.5,5,831,0.5345559566787014,0.5812274368231047,0.04667148014440434,0.479,0.591
nba,linear,12,0.6000000000000001,7,827,0.7611097040811184,0.7424425634824667,-0.01866714059865164,0.7052105263157892,0.8163333333333339
nba,linear,13,0.65,6,826,0.6563869943840308,0.6828087167070218,0.026421722322991018,0.5895833333333331,0.7170625000000003
nba,linear,14,0.7000000000000001,8,826,0.9002101444996818,0.8837772397094431,-0.01643290479023966,0.8574285714285723,0.9403333333333334
nba,linear,15,0.75,9,784,0.9762482152201553,0.9553571428571429,-0.02089107236301112,0.955,0.991
nba,linear,16,0.8,9,828,0.9866005005315125,0.9818840579710145,-0.004716442560497073,0.9706666666666666,0.9966666666666667
nba,linear,17,0.8500000000000001,9,831,0.9929786422587448,0.9915764139590855,-0.001402228299657592,0.983,0.9989333333333333
nba,locf,0,0,1,825,0.23815757575757557,0.23393939393939395,-0.004218181818181819,0.017,0.315
nba,locf,1,0.05,1,824,0.216864077669903,0.23786407766990292,0.020999999999999963,0.031,0.297
nba,locf,2,0.1,1,818,0.19058435207823943,0.21882640586797067,0.02824205378973106,0.024,0.269
nba,locf,3,0.15000000000000002,1,822,0.16782116788321153,0.22141119221411193,0.053590024330900266,0,0.245
nba,locf,4,0.2,1,823,0.14637424058323215,0.2065613608748481,0.06018712029161598,0.011,0.224
nba,locf,5,0.25,3,830,0.36480240963855526,0.3674698795180723,0.0026674698795180643,0.31499999999999995,0.413
nba,locf,6,0.30000000000000004,4,824,0.45246359223301136,0.4550970873786408,0.00263349514563108,0.404,0.499
nba,locf,8,0.4,5,823,0.5371603888213852,0.5066828675577156,-0.030477521263669514,0.49,0.5840000000000001
nba,locf,9,0.45,5,826,0.5362058111380137,0.5423728813559322,0.00616707021791769,0.483,0.5880000000000001
nba,locf,10,0.5,5,824,0.5350279126213603,0.5788834951456311,0.043855582524271845,0.48,0.591
nba,locf,12,0.6000000000000001,7,834,0.7594964028776963,0.7482014388489209,-0.01129496402877699,0.705,0.815
nba,locf,13,0.65,6,822,0.6566021897810221,0.6788321167883211,0.022229927007299272,0.591,0.717
nba,locf,14,0.7000000000000001,8,822,0.8992688564476883,0.8795620437956204,-0.019706812652068143,0.856,0.939
nba,locf,15,0.75,9,784,0.9762691326530625,0.9553571428571429,-0.020911989795918347,0.955,0.991
nba,locf,16,0.8,9,826,0.9861973365617449,0.9782082324455206,-0.00798910411622275,0.971,0.996
nba,locf,17,0.8500000000000001,9,1671,0.9958450029922321,0.995212447636146,-6.325553560742215e-4,0.983,0.999
nba,locf,18,0.9,8,793,0.9769773013871382,0.9823455233291298,0.005368221941992449,0.955,0.991
nba,linear,0,0,9,829,0.785179734620023,0.7563329312424608,-0.028846803377563335,0.754,0.82
nba,linear,1,0.05,9,828,0.794580374996081,0.7898550724637681,-0.0047253025323142255,0.761,0.831875
nba,linear,2,0.1,8,826,0.742320953682111,0.7142857142857143,-0.028035239396397474,0.7118888888888888,0.7743684210526316
nba,linear,3,0.15000000000000002,9,827,0.8239542415827491,0.7968561064087062,-0.02709813517404404,0.7892222222222222,0.8608095238095238
nba,linear,4,0.2,10,827,0.9200008084626207,0.89359129383313185,-0.026409514629487818,0.8734999999999999,0.996
nba,linear,5,0.25,9,835,0.8476790419161692,0.8263473053892215,-0.021331736526946112,0.812,0.884
nba,linear,6,0.30000000000000004,9,828,0.8580163771576957,0.821256038647343,-0.03676033851035256,0.8210000000000002,0.8955294117647058
nba,linear,7,0.35000000000000003,9,827,0.8695876214917284,0.841596130592503,-0.02799149089922665,0.8313333333333333,0.906
nba,linear,10,0.5,8,830,0.8264677772593795,0.7951807228915663,-0.031287054367812914,0.785,0.868
nba,linear,12,0.6000000000000001,10,827,0.9879246801920019,0.9806529625151149,-0.007271717676884297,0.9685833333333332,0.999
nba,linear,14,0.7000000000000001,10,829,0.9953210070456607,0.9939686369119421,-0.001352370133711969,0.9856666666666667,0.999
nba,locf,0,0,9,829,0.785179734620023,0.7563329312424608,-0.028846803377563335,0.754,0.82
nba,locf,1,0.05,9,837,0.793728793309438,0.7837514934289128,-0.009977299880525703,0.761,0.831
nba,locf,2,0.1,8,824,0.7417099514563109,0.7220873786407767,-0.019622572815533913,0.711,0.773
nba,locf,3,0.15000000000000002,9,840,0.8230130952380963,0.7928571428571428,-0.0301559523809524,0.788,0.86
nba,locf,4,0.2,10,830,0.9198325301204814,0.9,-0.019832530120481952,0.874,0.996
nba,locf,5,0.25,9,836,0.8476423444976092,0.8265550239234449,-0.021087320574162686,0.812,0.884
nba,locf,6,0.30000000000000004,9,830,0.8576433734939758,0.8240963855421687,-0.033546987951807224,0.82,0.894
nba,locf,7,0.35000000000000003,9,824,0.8691966019417474,0.837378640776699,-0.03181796116504855,0.832,0.906
nba,locf,10,0.5,8,830,0.826486746987952,0.7951807228915663,-0.03130602409638552,0.785,0.868
nba,locf,12,0.6000000000000001,10,838,0.9875155131264949,0.9821002386634845,-0.0054152744630071425,0.968,0.999
nba,locf,14,0.7000000000000001,10,827,0.9952394195888824,0.992744860943168,-0.002494558645707404,0.986,0.999
nba,linear,2,0.1,9,827,0.8110523733673899,0.7835550181378477,-0.02749735522954231,0.7745,0.8482
nba,linear,4,0.2,9,827,0.8366356619078078,0.8065296251511487,-0.03010603675665905,0.8021333333333334,0.8733076923076921
nba,linear,5,0.25,7,829,0.7000928829915565,0.6924004825090471,-0.007692400482509039,0.662,0.74
nba,linear,6,0.30000000000000004,6,826,0.6278965147596226,0.6138014527845036,-0.014095061975118917,0.5861428571428571,0.6678947368421054
nba,linear,7,0.35000000000000003,5,824,0.5414952905608804,0.5485436893203883,0.007048398759506998,0.4953999999999992,0.5889130434782611
nba,linear,9,0.45,2,827,0.19293283539100406,0.25151148730350664,0.05857865191250274,0.132,0.2524999999999999
nba,linear,10,0.5,1,825,0.057236363636363564,0.1006060606060606,0.043369696969696954,0,0.115
nba,linear,11,0.55,2,826,0.14903645511935726,0.1864406779661017,0.03740422284674454,0.09103571428571436,0.20788888888888887
nba,linear,14,0.7000000000000001,2,828,0.08213650180796345,0.1292270531400966,0.047090551332133156,0.03699999999999968,0.1338636363636362
nba,linear,15,0.75,2,827,0.06253929866989108,0.09673518742442563,0.03419588875453448,0.024,0.111
nba,linear,16,0.8,3,827,0.1506814372848585,0.21039903264812576,0.059717595363267165,0.08361538461538469,0.23154545454545464
nba,linear,17,0.8500000000000001,2,825,0.025433131235754785,0.04363636363636364,0.01820323240060882,0.00514285714285712,0.056866666666666836
nba,locf,2,0.1,9,829,0.8098636911942095,0.7804583835946924,-0.029405307599517472,0.774,0.846
nba,locf,4,0.2,9,833,0.8361764705882354,0.7959183673469388,-0.04025810324129651,0.801,0.873
nba,locf,5,0.25,7,829,0.7000928829915565,0.6924004825090471,-0.007692400482509039,0.662,0.74
nba,locf,6,0.30000000000000004,6,825,0.6275284848484842,0.6181818181818182,-0.00934666666666667,0.586,0.668
nba,locf,7,0.35000000000000003,5,835,0.5405377245508982,0.5413173652694611,7.796407185628693e-4,0.494,0.5880000000000001
nba,locf,9,0.45,2,822,0.19339902676399034,0.24452554744525548,0.05112652068126519,0.134,0.253
nba,locf,10,0.5,1,825,0.057236363636363564,0.1006060606060606,0.043369696969696954,0,0.115
nba,locf,11,0.55,2,827,0.14914752116082236,0.19105199516324062,0.04190447400241834,0.08999999999999997,0.208
nba,locf,12,0.6000000000000001,3,825,0.25430666666666646,0.31272727272727274,0.05842060606060604,0.189,0.323
nba,locf,14,0.7000000000000001,2,828,0.0818925120772946,0.13405797101449277,0.05216545893719809,0.037,0.132
nba,locf,15,0.75,2,827,0.06253929866989108,0.09673518742442563,0.03419588875453448,0.024,0.111
nba,locf,16,0.8,3,830,0.1509168674698794,0.21445783132530122,0.06354096385542166,0.08399999999999996,0.23
nba,locf,17,0.8500000000000001,3,832,0.12404567307692298,0.18028846153846154,0.056242788461538434,0.057,0.207
nba,linear,0,0,2,814,0.36332923832923864,0.35626535626535627,-0.007063882063882066,0.316,0.403
nba,linear,1,0.05,2,826,0.34939617487116775,0.37409200968523004,0.024695834814062102,0.2962173913043478,0.39321428571428574
nba,linear,2,0.1,2,826,0.3249715180421641,0.36319612590799033,0.03822460786582611,0.27031578947368423,0.37275
nba,linear,3,0.15000000000000002,2,826,0.30312984159351203,0.3135593220338983,0.010429480440386071,0.2464999999999998,0.3510000000000004
nba,linear,4,0.2,3,827,0.3808767904932774,0.39903264812575573,0.018155857632478248,0.3318571428571429,0.42677777777777787
nba,linear,11,0.55,3,827,0.27193930182571335,0.32406287787182586,0.05212357604611253,0.20806896551724147,0.3346842105263154
nba,linear,15,0.75,3,829,0.1819167671893848,0.24728588661037396,0.06536911942098911,0.112,0.263
nba,linear,17,0.8500000000000001,4,826,0.29735205736871906,0.3486682808716707,0.05131622350295122,0.2030000000000005,0.4009090909090892
nba,linear,18,0.9,5,827,0.5188136913294434,0.5501813784764208,0.03136768714697683,0.389,0.65
nba,linear,19,0.95,4,827,0.5154110305054608,0.5695284159613059,0.05411738545584536,0.369749999999999,0.6652000000000003
nba,locf,0,0,2,814,0.36332923832923864,0.35626535626535627,-0.007063882063882066,0.316,0.403
nba,locf,2,0.1,3,827,0.41345586457073685,0.41717049576783555,0.003714631197097943,0.373,0.452
nba,locf,3,0.15000000000000002,2,829,0.3034053075995174,0.3220747889022919,0.018669481302774404,0.246,0.352
nba,locf,4,0.2,3,820,0.38133292682926856,0.39634146341463417,0.015008536585365849,0.333,0.426
nba,locf,11,0.55,3,833,0.27134453781512613,0.32412965186074427,0.05278511404561825,0.20899999999999996,0.335
nba,locf,15,0.75,3,829,0.1819167671893848,0.24728588661037396,0.06536911942098911,0.112,0.263
nba,locf,17,0.8500000000000001,4,823,0.2993426488456867,0.34386391251518833,0.04452126366950178,0.20799999999999996,0.398
nba,locf,18,0.9,5,823,0.516130012150668,0.5552855407047388,0.0391555285540705,0.392,0.641
nba,locf,19,0.95,4,830,0.5130722891566257,0.5710843373493976,0.058012048192771004,0.376,0.662
nba,linear,0,0,3,837,0.44004540023894867,0.44922341696535245,0.009178016726403837,0.404,0.476
nba,linear,1,0.05,5,828,0.5581132362825048,0.5458937198067633,-0.012219516475741566,0.5288461538461539,0.5862857142857142
nba,linear,2,0.1,5,832,0.5573350689364055,0.5444711538461539,-0.012863915090251995,0.527,0.5886153846153845
nba,linear,4,0.2,4,826,0.4666112368139302,0.4600484261501211,-0.006562810663808773,0.4268181818181818,0.50655
nba,linear,5,0.25,5,819,0.5454920634920631,0.5433455433455433,-0.0021465201465201474,0.506,0.5840000000000001
nba,linear,6,0.30000000000000004,5,827,0.5427526353826901,0.5525997581620314,0.009847122779341012,0.4994666666666669,0.586
nba,linear,8,0.4,6,826,0.6314454479810966,0.6452784503631961,0.013833002382100336,0.5867000000000001,0.6758125
nba,linear,9,0.45,7,825,0.7299437474152006,0.7103030303030303,-0.019640717112170622,0.6835454545454545,0.7729565217391304
nba,linear,11,0.55,7,827,0.7512729874116865,0.7303506650544136,-0.020922322357272594,0.6982666666666665,0.7993076923076925
nba,linear,13,0.65,8,826,0.8787643301359161,0.847457627118644,-0.03130670301727257,0.8286666666666663,0.9224375
nba,linear,14,0.7000000000000001,6,826,0.6695544552071389,0.6803874092009685,0.01083295399382907,0.597833333333333,0.7387999999999996
nba,linear,15,0.75,5,825,0.5127078787878787,0.553939393939394,0.041231515151515144,0.423,0.602
nba,linear,16,0.8,5,827,0.5132476969824566,0.5332527206771464,0.020005023694689004,0.42121052631578965,0.6071500000000004
nba,linear,17,0.8500000000000001,5,827,0.5112775433025721,0.5211608222490931,0.009883278946520984,0.40100000000000063,0.6184615384615382
nba,linear,18,0.9,6,826,0.7502711547704114,0.7651331719128329,0.014862017142421169,0.6500909090909086,0.844
nba,linear,19,0.95,6,827,0.9475001954145771,0.9492140266021766,0.001713831187598631,0.89475,0.9822105263157894
nba,locf,0,0,3,837,0.44004540023894867,0.44922341696535245,0.009178016726403837,0.404,0.476
nba,locf,1,0.05,5,822,0.5571167883211681,0.5462287104622872,-0.010888077858880766,0.529,0.5860000000000001
nba,locf,2,0.1,5,822,0.5565279805352795,0.5523114355231143,-0.004216545012165465,0.527,0.5880000000000001
nba,locf,4,0.2,4,825,0.46604727272727364,0.4533333333333333,-0.012713939393939382,0.427,0.506
nba,locf,5,0.25,5,819,0.5454920634920631,0.5433455433455433,-0.0021465201465201474,0.506,0.5840000000000001
nba,locf,8,0.4,6,828,0.6298309178743962,0.6642512077294686,0.034420289855072436,0.585,0.675
nba,locf,9,0.45,7,830,0.7295289156626509,0.7156626506024096,-0.013866265060240955,0.684,0.772
nba,locf,11,0.55,7,827,0.7504159613059259,0.7267230955259976,-0.023692865779927446,0.698,0.799
nba,locf,13,0.65,8,830,0.8781120481927697,0.8530120481927711,-0.025100000000000025,0.829,0.921
nba,locf,14,0.7000000000000001,7,824,0.8000048543689315,0.7730582524271845,-0.026946601941747583,0.739,0.855
nba,locf,15,0.75,5,825,0.5127078787878787,0.553939393939394,0.041231515151515144,0.423,0.602
nba,locf,16,0.8,5,828,0.5125760869565221,0.5362318840579711,0.023655797101449254,0.423,0.607
nba,locf,17,0.8500000000000001,5,825,0.5109672727272732,0.5212121212121212,0.010244848484848494,0.399,0.617
nba,locf,18,0.9,6,826,0.7478171912832924,0.761501210653753,0.013684019370460047,0.642,0.843
nba,locf,19,0.95,5,820,0.7952256097560975,0.8158536585365853,0.02062804878048781,0.663,0.892
nba,linear,2,0.1,10,827,0.8968884258771644,0.8585247883917775,-0.03836363748538763,0.84825,0.9888
nba,linear,3,0.15000000000000002,10,827,0.908834303225592,0.8730350665054414,-0.035799236720151104,0.8609999999999999,0.991375
nba,linear,5,0.25,10,831,0.9307593261131171,0.9169675090252708,-0.013791817087845958,0.885,1
nba,linear,6,0.30000000000000004,10,827,0.9401092005510903,0.9262394195888755,-0.013869780962215016,0.8956153846153845,0.997
nba,linear,7,0.35000000000000003,10,827,0.9487829847073165,0.9310761789600968,-0.017706805747219126,0.9063333333333335,0.9984375
nba,linear,8,0.4,10,829,0.9577495224982174,0.9493365500603136,-0.008412972437903381,0.918,0.999
nba,linear,9,0.45,10,827,0.9663391184642467,0.9516324062877872,-0.014706712176458537,0.9302631578947369,0.999
nba,linear,10,0.5,10,836,0.9729509569377995,0.9593301435406698,-0.013620813397129153,0.942,1
nba,linear,11,0.55,10,827,0.981633494155393,0.973397823458283,-0.00823567069710886,0.9557727272727272,0.999
nba,linear,13,0.65,10,828,0.9923359156496139,0.9867149758454107,-0.005620939804198466,0.9785555555555555,0.999
nba,linear,17,0.8500000000000001,10,827,0.9989998068655264,0.9987908101571947,-2.0899670831653794e-4,0.9989375,0.999
nba,linear,18,0.9,9,1655,0.9981719473676396,0.9987915407854985,6.195934178730244e-4,0.9928,0.999
nba,locf,2,0.1,10,833,0.8964669867947178,0.8559423769507803,-0.04052460984393758,0.847,0.989
nba,locf,3,0.15000000000000002,10,828,0.9086123188405796,0.8731884057971014,-0.03542391304347825,0.861,0.991
nba,locf,5,0.25,10,831,0.9307593261131171,0.9169675090252708,-0.013791817087845958,0.885,1
nba,locf,6,0.30000000000000004,10,830,0.9398036144578313,0.9253012048192771,-0.014502409638554209,0.895,0.997
nba,locf,7,0.35000000000000003,10,830,0.9485963855421696,0.927710843373494,-0.020885542168674692,0.907,0.999
nba,locf,8,0.4,10,831,0.9574933814681109,0.9494584837545126,-0.008034897713598058,0.918,0.999
nba,locf,9,0.45,10,836,0.965935406698566,0.9521531100478469,-0.013782296650717672,0.93,0.999
nba,locf,10,0.5,10,836,0.9729509569377995,0.9593301435406698,-0.013620813397129153,0.942,1
nba,locf,11,0.55,10,834,0.981269784172664,0.9712230215827338,-0.01004676258992803,0.956,0.999
nba,locf,13,0.65,10,829,0.992164053076001,0.9867310012062727,-0.005433051869722546,0.979,0.999
nba,linear,1,0.05,4,825,0.49653792753521037,0.4690909090909091,-0.02744701844430221,0.464904761904762,0.5288333333333334
nba,linear,5,0.25,1,826,0.13162227602905557,0.17796610169491525,0.04634382566585956,0,0.208
nba,linear,6,0.30000000000000004,1,824,0.11565238695017499,0.14927184466019416,0.03361945771001909,0.005,0.18991666666666693
nba,linear,7,0.35000000000000003,1,825,0.09826504384078032,0.14424242424242426,0.045977380401643946,0.0026666666666666596,0.16992307692307707
nba,linear,8,0.4,1,826,0.08285303046758034,0.12227602905569007,0.03942299858810973,0.001,0.1498
nba,linear,9,0.45,1,825,0.06813551110231048,0.10303030303030303,0.03489479192799256,0.001,0.1318888888888889
nba,linear,11,0.55,1,826,0.04123878384304157,0.07506053268765134,0.03382174884460978,0.001,0.09087500000000005
nba,linear,12,0.6000000000000001,2,826,0.1249901448267277,0.162227602905569,0.037237458078841705,0.07221428571428584,0.18849999999999945
nba,linear,13,0.65,1,826,0.02006942924584475,0.03753026634382567,0.01746083709798093,0.001,0.05406249999999977
nba,linear,18,0.9,1,826,0.0010148788005288124,0,-0.0010148788005288124,0.001,0.0015624999999999901
nba,locf,1,0.05,4,824,0.4967924757281554,0.4684466019417476,-0.028345873786407783,0.464,0.528
nba,locf,2,0.1,2,831,0.3240601684717214,0.34657039711191334,0.02251022864019251,0.27,0.372
nba,locf,5,0.25,1,826,0.13162227602905557,0.17796610169491525,0.04634382566585956,0,0.208
nba,locf,6,0.30000000000000004,1,820,0.11577439024390267,0.1524390243902439,0.036664634146341454,0.005,0.1910000000000001
nba,locf,7,0.35000000000000003,1,819,0.09777533577533581,0.13675213675213677,0.03897680097680097,0.003,0.16800000000000004
nba,locf,8,0.4,1,825,0.08340242424242435,0.12242424242424242,0.03902181818181817,0,0.151
nba,locf,9,0.45,1,826,0.06851452784503631,0.10290556900726393,0.03439104116222762,0.001,0.133
nba,locf,11,0.55,1,819,0.04129304029304024,0.07081807081807082,0.029525030525030523,0.001,0.089
nba,locf,12,0.6000000000000001,2,833,0.12482352941176478,0.15606242496998798,0.03123889555822328,0.071,0.188
nba,locf,13,0.65,1,824,0.020299757281553348,0.04004854368932039,0.019748786407767047,0.001,0.05300000000000005
nba,locf,18,0.9,1,808,0.0010000000000000007,0,-0.0010000000000000007,0.001,0.001
nba,linear,0,0,7,839,0.6651168057210969,0.635280095351609,-0.0298367103694875,0.638,0.695
nba,linear,1,0.05,6,826,0.61578037110315,0.589588377723971,-0.026191993379179504,0.5863749999999999,0.6442
nba,linear,2,0.1,4,821,0.49111487974612633,0.4774665042630938,-0.01364837548303149,0.45366666666666666,0.5269230769230769
nba,linear,4,0.2,7,827,0.6927846969437884,0.6807738814993954,-0.012010815444392236,0.6557499999999998,0.7291875
nba,linear,7,0.35000000000000003,7,829,0.7137785062668827,0.6839565741857659,-0.029821932081116526,0.6722500000000001,0.7544000000000007
nba,linear,8,0.4,7,827,0.7182936706379186,0.6989117291414753,-0.01938194149644296,0.675888888888889,0.7590869565217392
nba,linear,11,0.55,6,826,0.6430207072876145,0.6464891041162227,0.0034683968286086868,0.586333333333333,0.6981176470588232
nba,linear,12,0.6000000000000001,6,826,0.6471167466315576,0.6464891041162227,-6.27642515334052e-4,0.5896999999999994,0.7051818181818195
nba,linear,15,0.75,7,820,0.8148492471803992,0.8073170731707318,-0.007532174009667192,0.752,0.872
nba,linear,16,0.8,7,827,0.8415869235454025,0.8198307134220073,-0.021756210123395306,0.775333333333333,0.8985600000000002
nba,linear,17,0.8500000000000001,7,828,0.8722797360599084,0.8611111111111112,-0.011168624948797105,0.8029999999999993,0.9265999999999995
nba,linear,19,0.95,5,826,0.7970160066750974,0.8208232445520581,0.023807237876960072,0.6656666666666674,0.8945555555555555
nba,locf,0,0,7,839,0.6651168057210969,0.635280095351609,-0.0298367103694875,0.638,0.695
nba,locf,1,0.05,6,833,0.6160552220888352,0.5918367346938775,-0.02421848739495798,0.587,0.644
nba,locf,2,0.1,4,821,0.49075883069427523,0.4701583434835566,-0.02060048721071864,0.453,0.526
nba,locf,4,0.2,7,830,0.6921578313253012,0.6831325301204819,-0.00902530120481927,0.654,0.728
nba,locf,6,0.30000000000000004,7,830,0.7074975903614463,0.6771084337349398,-0.03038915662650605,0.669,0.745
nba,locf,7,0.35000000000000003,7,826,0.714108958837773,0.6900726392251816,-0.024036319612590784,0.673,0.754
nba,locf,8,0.4,7,823,0.7177727825030388,0.6998784933171325,-0.01789428918590522,0.676,0.758
nba,locf,11,0.55,6,826,0.6425460048426154,0.6598062953995157,0.01726029055690071,0.586,0.697
nba,locf,12,0.6000000000000001,6,820,0.6458036585365851,0.6487804878048781,0.0029768292682926818,0.587,0.704
nba,locf,14,0.7000000000000001,6,831,0.6676498194945838,0.6871239470517448,0.019474127557160045,0.597,0.738
nba,locf,15,0.75,7,820,0.8148780487804881,0.8073170731707318,-0.007560975609756091,0.752,0.872
nba,locf,16,0.8,6,820,0.6939804878048784,0.6817073170731708,-0.01227317073170731,0.608,0.771
nba,locf,17,0.8500000000000001,7,824,0.8693313106796108,0.8531553398058253,-0.016175970873786413,0.8,0.925
nba,linear,0,0,4,827,0.504370012091898,0.5030229746070133,-0.0013470374848851409,0.477,0.532
nba,linear,7,0.35000000000000003,6,827,0.6318055298205342,0.6384522370012092,0.006646707180675201,0.5889999999999993,0.6720000000000005
nba,linear,9,0.45,9,827,0.8943713648295937,0.8561064087061668,-0.038264956123427195,0.85575,0.9301428571428572
nba,locf,0,0,4,827,0.504370012091898,0.5030229746070133,-0.0013470374848851409,0.477,0.532
nba,locf,4,0.2,6,817,0.6199228886168918,0.5813953488372093,-0.038527539779681784,0.586,0.653
nba,locf,7,0.35000000000000003,6,826,0.6326513317191282,0.6404358353510896,0.007784503631961252,0.589,0.672
nba,locf,9,0.45,9,827,0.8931197097944367,0.8536880290205562,-0.0394316807738815,0.854,0.929
nba,linear,0,0,10,836,0.8716614832535889,0.8325358851674641,-0.03912559808612438,0.821,0.986
nba,linear,15,0.75,8,832,0.9174615384615377,0.9014423076923077,-0.016019230769230768,0.873,0.954
nba,locf,0,0,10,836,0.8716614832535889,0.8325358851674641,-0.03912559808612438,0.821,0.986
nba,locf,15,0.75,8,832,0.9174615384615377,0.9014423076923077,-0.016019230769230768,0.873,0.954
nba,linear,6,0.30000000000000004,2,828,0.2484626565938244,0.2886473429951691,0.040184686401345045,0.189999999999999,0.30266666666666714
nba,linear,7,0.35000000000000003,2,827,0.23240725644512766,0.25272067714631197,0.020313420701184283,0.1700000000000002,0.28959999999999975
nba,linear,8,0.4,2,826,0.21125761202026336,0.2566585956416465,0.045400983621383235,0.14999999999999994,0.26940000000000014
nba,linear,10,0.5,2,821,0.1704774665042632,0.19123020706455543,0.02075274056029234,0.116,0.23
nba,linear,12,0.6000000000000001,5,827,0.5268235181621831,0.558645707376058,0.03182218921387429,0.458818181818181,0.5893333333333343
nba,linear,13,0.65,4,826,0.37570918982436247,0.41646489104116224,0.04075570121680039,0.302,0.4512500000000003
nba,linear,14,0.7000000000000001,4,827,0.3609944954467903,0.4026602176541717,0.041665722207381475,0.28299999999999975,0.4387272727272732
nba,linear,18,0.9,3,829,0.08652646625319882,0.1218335343787696,0.03530706812557084,0.03399999999999993,0.161
nba,linear,19,0.95,3,826,0.2321115638036482,0.24092009685230023,0.008808533048651784,0.113,0.36933333333333335
nba,locf,6,0.30000000000000004,2,828,0.24801086956521748,0.29106280193236717,0.04305193236714978,0.192,0.30200000000000005
nba,locf,7,0.35000000000000003,3,823,0.34247266099635504,0.3572296476306197,0.01475698663426493,0.29,0.394
nba,locf,8,0.4,2,823,0.21224058323207778,0.25273390036452004,0.04049331713244224,0.152,0.272
nba,locf,10,0.5,2,821,0.1704774665042632,0.19123020706455543,0.02075274056029234,0.116,0.23
nba,locf,12,0.6000000000000001,5,825,0.5261987878787878,0.5612121212121212,0.03501333333333332,0.459,0.5860000000000001
nba,locf,13,0.65,5,830,0.5223289156626503,0.5566265060240964,0.03429759036144578,0.45,0.5900000000000001
nba,locf,14,0.7000000000000001,4,825,0.36202303030303057,0.40606060606060607,0.044037575757575866,0.2829999999999999,0.437
nba,locf,17,0.8500000000000001,2,854,0.02451639344262291,0.04332552693208431,0.018809133489461376,0.005,0.05600000000000005
nba,locf,18,0.9,3,831,0.08687725631768947,0.12033694344163658,0.03345968712394702,0.034,0.162
nba,locf,19,0.95,3,825,0.234027878787879,0.2412121212121212,0.00718424242424245,0.114,0.375
nba,linear,2,0.1,6,826,0.619647653325255,0.6004842615012107,-0.01916339182404508,0.5886190476190476,0.6505555555555556
nba,linear,1,0.05,10,827,0.8841253299658253,0.8367593712212817,-0.04736595874454358,0.832,0.985
nba,linear,5,0.25,6,834,0.6223812949640287,0.592326139088729,-0.03005515587529974,0.585,0.661
nba,linear,8,0.4,8,826,0.802036699818793,0.7723970944309927,-0.029639605387801134,0.7592941176470587,0.8403333333333333
nba,linear,11,0.55,8,826,0.8437966452895702,0.8220338983050848,-0.021762746984486197,0.7995,0.8875
nba,linear,13,0.65,5,828,0.5228293101768654,0.5495169082125604,0.026687598035694992,0.4515,0.5893333333333348
nba,linear,14,0.7000000000000001,5,827,0.5178672569767679,0.535671100362757,0.01780384338598873,0.43899999999999517,0.5977999999999986
nba,linear,16,0.8,2,826,0.042417517741903284,0.07627118644067797,0.03385366869877465,0.012461538461538467,0.08352173913043491
nba,locf,1,0.05,10,831,0.8841901323706387,0.8351383874849578,-0.049051744885679996,0.832,0.985
nba,locf,5,0.25,6,834,0.6223812949640287,0.592326139088729,-0.03005515587529974,0.585,0.661
nba,locf,8,0.4,8,829,0.8017225572979492,0.7659831121833535,-0.03573944511459587,0.759,0.84
nba,locf,11,0.55,8,828,0.8431497584541066,0.822463768115942,-0.020685990338164227,0.8,0.885
nba,locf,14,0.7000000000000001,5,821,0.5174068209500611,0.5395858708891595,0.022179049939098663,0.43799999999999994,0.596
nba,locf,16,0.8,2,835,0.04254730538922153,0.07425149700598803,0.03170419161676648,0.013,0.083
nba,linear,0,0,5,816,0.5585833333333334,0.5404411764705882,-0.018142156862745108,0.533,0.585
nba,linear,1,0.05,3,827,0.430526052200072,0.4280532043530834,-0.002472847846988738,0.3932857142857143,0.46485714285714286
nba,linear,2,0.1,3,827,0.4140248303864549,0.3941958887545345,-0.019828941631920134,0.3732272727272727,0.45362500000000006
nba,linear,3,0.15000000000000002,3,827,0.3987252226485073,0.4147521160822249,0.016026893433717725,0.3511818181818181,0.44175
nba,linear,5,0.25,2,823,0.2634633633914516,0.3037667071688943,0.040303343777443136,0.209,0.31400000000000006
nba,linear,7,0.35000000000000003,3,827,0.34411338887849197,0.36638452237001207,0.02227113349152041,0.2896666666666668,0.39419999999999983
nba,linear,10,0.5,4,825,0.417624242424242,0.41818181818181815,5.575757575757505e-4,0.358,0.478
nba,linear,16,0.8,8,825,0.9389824013569488,0.9284848484848485,-0.010497552872101273,0.8986000000000003,0.9705999999999999
nba,locf,0,0,5,816,0.5585833333333334,0.5404411764705882,-0.018142156862745108,0.533,0.585
nba,locf,1,0.05,3,836,0.4298337320574158,0.4246411483253589,-0.005192583732057423,0.393,0.4630000000000001
nba,locf,3,0.15000000000000002,3,819,0.39899633699633696,0.4004884004884005,0.0014920634920634994,0.353,0.44100000000000006
nba,locf,5,0.25,2,822,0.2634063260340636,0.3029197080291971,0.03951338199513388,0.209,0.31400000000000006
nba,locf,10,0.5,4,832,0.41814062499999977,0.421875,0.0037343749999999816,0.358,0.479
nba,locf,16,0.8,8,824,0.9387038834951459,0.9247572815533981,-0.013946601941747568,0.899,0.97
nba,linear,3,0.15000000000000002,4,826,0.4805540522463191,0.49878934624697335,0.018235294000654816,0.4417647058823529,0.5185000000000002
nba,linear,13,0.65,3,826,0.230202294424178,0.274818401937046,0.044616107512868076,0.16176923076923114,0.30183333333333334
nba,linear,14,0.7000000000000001,3,826,0.20393922814411652,0.2542372881355932,0.05029805999147688,0.13400000000000015,0.28282352941176414
nba,linear,19,0.95,2,827,0.05263073543823012,0.0471584038694075,-0.0054723315688226986,0.0136363636363637,0.11289473684210495
nba,locf,1,0.05,2,818,0.34866259168704133,0.3801955990220049,0.031533007334963316,0.298,0.392
nba,locf,3,0.15000000000000002,4,833,0.48039615846338524,0.5078031212484994,0.027406962785114074,0.4419999999999999,0.518
nba,locf,7,0.35000000000000003,2,828,0.23150241545893724,0.25966183574879226,0.02815942028985504,0.169,0.289
nba,locf,13,0.65,3,829,0.23032328106151992,0.27744270205066346,0.047119420989143596,0.161,0.30000000000000004
nba,locf,14,0.7000000000000001,3,831,0.2042406738868832,0.24789410348977137,0.04365342960288807,0.133,0.28200000000000003
nba,locf,19,0.95,2,838,0.053059665871121646,0.05369928400954654,6.39618138424822e-4,0.014,0.113
nba,linear,4,0.2,2,826,0.2813210682010934,0.30387409200968524,0.022553023808591692,0.22354545454545455,0.33153846153846156
nba,linear,8,0.4,3,827,0.3282625886594832,0.35308343409915355,0.02482084543967042,0.26960000000000006,0.3817368421052632
nba,locf,4,0.2,2,829,0.2809939686369119,0.3088057901085645,0.02781182147165258,0.225,0.3320000000000001
nba,locf,8,0.4,3,830,0.32916626506024077,0.3614457831325301,0.03227951807228919,0.273,0.384
nba,locf,9,0.45,3,823,0.3087411907654921,0.3268529769137303,0.01811178614823813,0.254,0.365
nba,linear,12,0.6000000000000001,1,826,0.03047534433620145,0.05569007263922518,0.02521472830302378,0.001,0.0719999999999998
nba,locf,12,0.6000000000000001,1,818,0.030053789731051356,0.05745721271393643,0.027403422982885114,0.001,0.07
nba,linear,15,0.75,4,828,0.34145531400966206,0.36594202898550726,0.024486714975845446,0.264,0.422
nba,linear,16,0.8,4,826,0.32284434399380263,0.3765133171912833,0.05366897319748073,0.23181818181818206,0.421
nba,linear,17,0.8500000000000001,6,825,0.7143514611004547,0.7284848484848485,0.014133387384394175,0.6187333333333345,0.8027499999999995
nba,locf,15,0.75,4,828,0.34145531400966206,0.36594202898550726,0.024486714975845446,0.264,0.422
nba,locf,16,0.8,4,826,0.3241234866828086,0.37409200968523004,0.04996852300242135,0.231,0.422
nba,locf,17,0.8500000000000001,6,828,0.7119746376811591,0.7294685990338164,0.017493961352657,0.618,0.799
nba,locf,6,0.30000000000000004,5,824,0.5422633495145626,0.5521844660194175,0.009921116504854364,0.5,0.585
nba,locf,19,0.95,6,833,0.945686674669869,0.943577430972389,-0.0021092436974789884,0.893,0.981
nba,linear,3,0.15000000000000002,8,826,0.755900842058413,0.7215496368038741,-0.03435120525453976,0.7227500000000001,0.7891875
nba,linear,9,0.45,6,826,0.6375854378528577,0.6658595641646489,0.028274126311790992,0.5893333333333333,0.6834
nba,linear,10,0.5,7,827,0.7362744860943171,0.7351874244256348,-0.0010870616686819712,0.687,0.784
nba,locf,3,0.15000000000000002,8,815,0.7549472392638035,0.7116564417177914,-0.04329079754601229,0.723,0.787
nba,locf,9,0.45,6,824,0.6373155339805822,0.654126213592233,0.016810679611650496,0.589,0.683
nba,locf,10,0.5,7,827,0.7362744860943171,0.7351874244256348,-0.0010870616686819712,0.687,0.784
nba,linear,4,0.2,6,826,0.6211606881186496,0.5811138014527845,-0.04004688666586478,0.5866666666666666,0.6556923076923077
nba,linear,12,0.6000000000000001,8,826,0.8607390821445954,0.8232445520581114,-0.03749453008648516,0.816428571428571,0.9046666666666672
nba,locf,12,0.6000000000000001,8,813,0.8592410824108244,0.8142681426814268,-0.0449729397293973,0.816,0.902
nba,linear,6,0.30000000000000004,7,826,0.7075681404561729,0.6949152542372882,-0.012652886218884218,0.6679999999999994,0.7469000000000001
nba,linear,13,0.65,7,827,0.7760784765232598,0.7533252720677146,-0.02275320445554587,0.7171538461538465,0.828631578947368
nba,linear,14,0.7000000000000001,7,827,0.7998295470630115,0.777509068923821,-0.022320478139191503,0.7389999999999969,0.8573076923076915
nba,linear,15,0.75,6,829,0.6762619465913722,0.6851628468033776,0.008900900212005753,0.603,0.751
nba,linear,16,0.8,6,826,0.6941048882991547,0.6937046004842615,-4.0028781489333666e-4,0.6072,0.7752352941176474
nba,linear,18,0.9,7,825,0.9079103935982755,0.88,-0.02791039359827534,0.8444000000000002,0.9538749999999996
nba,locf,13,0.65,7,827,0.7745078597339782,0.7533252720677146,-0.021182587666263613,0.718,0.828
nba,locf,15,0.75,6,829,0.6762605548854045,0.6851628468033776,0.008902291917973454,0.603,0.751
nba,locf,18,0.9,7,828,0.905993961352658,0.8719806763285024,-0.03401328502415465,0.844,0.954
nba,linear,10,0.5,6,821,0.6393897685749086,0.6248477466504263,-0.014542021924482357,0.592,0.686
nba,locf,10,0.5,6,822,0.6393710462287103,0.6240875912408759,-0.015283454987834568,0.592,0.686
nba,linear,11,0.55,5,827,0.5269085112944598,0.5441354292623942,0.017226917967934803,0.464875,0.5862499999999999
nba,locf,11,0.55,5,833,0.5266074429771905,0.5222088835534213,-0.004398559423769514,0.467,0.585
nba,locf,13,0.65,4,822,0.3750316301703168,0.4075425790754258,0.03251094890510949,0.30099999999999993,0.44900000000000007
nba,linear,12,0.6000000000000001,4,826,0.39320002620888017,0.437046004842615,0.04384597863373499,0.322749999999999,0.4585000000000023
nba,linear,18,0.9,4,826,0.2681697176840798,0.30871670702179177,0.04054698933771235,0.16111538461538477,0.38866666666666666
nba,locf,18,0.9,4,827,0.268570737605804,0.31076178960096734,0.042191051995163285,0.163,0.391
nba,linear,3,0.15000000000000002,5,825,0.5549804350844817,0.5296969696969697,-0.025283465387511413,0.5185789473684209,0.5888571428571426
nba,linear,17,0.8500000000000001,3,828,0.12252953871649176,0.17391304347826086,0.051383504761769096,0.05699999999999819,0.20277777777777642
nba,locf,3,0.15000000000000002,5,824,0.5553276699029127,0.5206310679611651,-0.03469660194174755,0.519,0.589
nba,linear,9,0.45,3,826,0.30855667865551095,0.31476997578692495,0.006213297131414409,0.25275000000000003,0.3678
nba,locf,16,0.8,7,829,0.8400229191797348,0.8311218335343787,-0.008901085645355836,0.772,0.898
