"game_id","season","starting_wp_favored","home_final","away_final","max_wp_loser","bin_idx","bin_center","bin_label"
401030690,2018,0.56,34,23,0.583,2,0.55,"p0=0.55"
401030691,2018,0.653,31,24,0.628,4,0.65,"p0=0.65"
401030692,2018,0.503,13,34,0.51,1,0.5,"p0=0.50"
401030693,2018,0.697,9,21,0.71,5,0.7,"p0=0.70"
401030694,2018,0.506,20,17,0.651,1,0.5,"p0=0.50"
401030695,2018,0.651,34,29,0.576,4,0.65,"p0=0.65"
401030696,2018,0.597,27,21,0.597,3,0.6,"p0=0.60"
401030697,2018,0.768,38,24,0.243,6,0.75,"p0=0.75"
401030698,2018,0.647,37,42,0.648,4,0.65,"p0=0.65"
401030699,2018,0.626,18,24,0.625,4,0.65,"p0=0.65"
401030700,2018,0.622,12,20,0.712,3,0.6,"p0=0.60"
401030701,2018,0.557,23,17,0.488,2,0.55,"p0=0.55"
401030702,2018,0.571,13,12,0.613,2,0.55,"p0=0.55"
401030703,2018,0.752,42,23,0.419,6,0.75,"p0=0.75"
401030704,2018,0.708,20,31,0.343,5,0.7,"p0=0.70"
401030706,2018,0.659,3,27,0.369,4,0.65,"p0=0.65"
401030707,2018,0.785,30,23,0.474,7,0.8,"p0=0.80"
401030708,2018,0.745,21,18,0.914,6,0.75,"p0=0.75"
401030709,2018,0.586,41,17,0.438,3,0.6,"p0=0.60"
401030710,2018,0.588,18,12,0.756,3,0.6,"p0=0.60"
401030711,2018,0.838,47,3,0.187,8,0.85,"p0=0.85"
401030712,2018,0.511,15,20,0.608,1,0.5,"p0=0.50"
401030713,2018,0.82,40,48,0.885,7,0.8,"p0=0.80"
401030714,2018,0.728,27,20,0.322,6,0.75,"p0=0.75"
401030715,2018,0.698,24,16,0.357,5,0.7,"p0=0.70"
401030716,2018,0.506,27,20,0.709,1,0.5,"p0=0.50"
401030717,2018,0.616,23,34,0.936,3,0.6,"p0=0.60"
401030719,2018,0.791,26,24,0.46,7,0.8,"p0=0.80"
401030720,2018,0.625,28,38,0.644,4,0.65,"p0=0.65"
401030721,2018,0.548,27,24,0.726,2,0.55,"p0=0.55"
401030722,2018,0.675,42,17,0.488,5,0.7,"p0=0.70"
401030723,2018,0.601,16,8,0.444,3,0.6,"p0=0.60"
401030724,2018,0.635,30,9,0.441,4,0.65,"p0=0.65"
401030725,2018,0.575,6,24,0.643,2,0.55,"p0=0.55"
401030726,2018,0.732,24,23,0.982,6,0.75,"p0=0.75"
401030727,2018,0.574,0,24,0.53,2,0.55,"p0=0.55"
401030728,2018,0.718,17,48,0.862,5,0.7,"p0=0.70"
401030729,2018,0.662,52,21,0.498,4,0.65,"p0=0.65"
401030730,2018,0.745,30,27,0.423,6,0.75,"p0=0.75"
401030731,2018,0.88,33,18,0.408,9,0.9,"p0=0.90"
401030732,2018,0.856,34,0,0.257,8,0.85,"p0=0.85"
401030733,2018,0.505,31,20,0.532,1,0.5,"p0=0.50"
401030734,2018,0.59,34,16,0.703,3,0.6,"p0=0.60"
401030735,2018,0.584,13,20,0.629,3,0.6,"p0=0.60"
401030736,2018,0.637,20,19,0.953,4,0.65,"p0=0.65"
401030737,2018,0.511,42,34,0.735,1,0.5,"p0=0.50"
401030738,2018,0.714,20,13,0.286,5,0.7,"p0=0.70"
401030739,2018,0.573,24,17,0.47,2,0.55,"p0=0.55"
401030740,2018,0.579,14,28,0.652,3,0.6,"p0=0.60"
401030741,2018,0.591,30,14,0.429,3,0.6,"p0=0.60"
401030742,2018,0.846,27,17,0.283,8,0.85,"p0=0.85"
401030743,2018,0.53,21,28,0.746,2,0.55,"p0=0.55"
401030744,2018,0.65,37,34,0.498,4,0.65,"p0=0.65"
401030745,2018,0.503,31,23,0.545,1,0.5,"p0=0.50"
401030746,2018,0.599,14,38,0.425,3,0.6,"p0=0.60"
401030747,2018,0.763,24,10,0.308,6,0.75,"p0=0.75"
401030748,2018,0.78,20,13,0.819,7,0.8,"p0=0.80"
401030749,2018,0.503,28,42,0.833,1,0.5,"p0=0.50"
401030750,2018,0.677,23,27,0.895,5,0.7,"p0=0.70"
401030751,2018,0.571,13,33,0.666,2,0.55,"p0=0.55"
401030752,2018,0.529,14,51,0.487,2,0.55,"p0=0.55"
401030753,2018,0.537,16,40,0.608,2,0.55,"p0=0.55"
401030754,2018,0.676,28,16,0.734,5,0.7,"p0=0.70"
401030755,2018,0.573,17,33,0.473,2,0.55,"p0=0.55"
401030756,2018,0.82,31,12,0.272,7,0.8,"p0=0.80"
401030757,2018,0.807,0,31,0.84,7,0.8,"p0=0.80"
401030758,2018,0.742,14,28,0.862,6,0.75,"p0=0.75"
401030759,2018,0.746,20,3,0.41,6,0.75,"p0=0.75"
401030760,2018,0.918,35,3,0.095,9,0.9,"p0=0.90"
401030761,2018,0.757,34,33,0.999,6,0.75,"p0=0.75"
401030762,2018,0.742,34,17,0.508,6,0.75,"p0=0.75"
401030763,2018,0.578,10,24,0.584,3,0.6,"p0=0.60"
401030764,2018,0.772,27,24,0.939,6,0.75,"p0=0.75"
401030765,2018,0.889,38,3,0.142,9,0.9,"p0=0.90"
401030766,2018,0.68,29,26,0.441,5,0.7,"p0=0.70"
401030767,2018,0.621,34,3,0.499,3,0.6,"p0=0.60"
401030768,2018,0.873,14,33,0.889,8,0.85,"p0=0.85"
401030769,2018,0.797,9,41,0.295,7,0.8,"p0=0.80"
401030770,2018,0.721,12,9,0.852,5,0.7,"p0=0.70"
401030771,2018,0.64,31,28,0.948,4,0.65,"p0=0.65"
401030772,2018,0.554,18,15,0.976,2,0.55,"p0=0.55"
401030773,2018,0.77,20,23,0.388,6,0.75,"p0=0.75"
401030774,2018,0.568,0,21,0.476,2,0.55,"p0=0.55"
401030775,2018,0.607,21,17,0.916,3,0.6,"p0=0.60"
401030776,2018,0.562,40,7,0.444,2,0.55,"p0=0.55"
401030777,2018,0.641,37,43,0.905,4,0.65,"p0=0.65"
401030778,2018,0.735,33,31,0.849,6,0.75,"p0=0.75"
401030779,2018,0.668,43,40,0.636,4,0.65,"p0=0.65"
401030780,2018,0.798,29,27,0.672,7,0.8,"p0=0.80"
401030781,2018,0.519,31,17,0.481,1,0.5,"p0=0.50"
401030782,2018,0.73,20,16,0.742,6,0.75,"p0=0.75"
401030783,2018,0.78,33,30,0.898,7,0.8,"p0=0.80"
401030784,2018,0.907,6,27,0.91,9,0.9,"p0=0.90"
401030785,2018,0.76,27,17,0.941,6,0.75,"p0=0.75"
401030786,2018,0.562,20,30,0.773,2,0.55,"p0=0.55"
401030787,2018,0.66,28,20,0.926,4,0.65,"p0=0.65"
401030788,2018,0.783,27,14,0.491,7,0.8,"p0=0.80"
401030789,2018,0.834,6,25,0.353,8,0.85,"p0=0.85"
401030790,2018,0.578,31,21,0.645,3,0.6,"p0=0.60"
401030791,2018,0.693,22,27,0.79,5,0.7,"p0=0.70"
401030792,2018,0.72,20,19,0.402,5,0.7,"p0=0.70"
401030793,2018,0.735,26,10,0.409,6,0.75,"p0=0.75"
401030794,2018,0.816,6,9,0.839,7,0.8,"p0=0.80"
401030795,2018,0.647,38,27,0.353,4,0.65,"p0=0.65"
401030796,2018,0.689,23,20,0.467,5,0.7,"p0=0.70"
401030797,2018,0.757,18,28,0.833,6,0.75,"p0=0.75"
401030798,2018,0.729,35,23,0.282,6,0.75,"p0=0.75"
401030799,2018,0.538,24,13,0.541,2,0.55,"p0=0.55"
401030800,2018,0.522,10,45,0.478,1,0.5,"p0=0.50"
401030801,2018,0.555,14,16,0.901,2,0.55,"p0=0.55"
401030802,2018,0.612,26,10,0.641,3,0.6,"p0=0.60"
401030803,2018,0.602,21,23,0.688,3,0.6,"p0=0.60"
401030804,2018,0.705,45,10,0.301,5,0.7,"p0=0.70"
401030805,2018,0.533,27,30,0.706,2,0.55,"p0=0.55"
401030806,2018,0.739,26,23,0.956,6,0.75,"p0=0.75"
401030807,2018,0.698,17,21,0.984,5,0.7,"p0=0.70"
401030808,2018,0.654,31,33,0.764,4,0.65,"p0=0.65"
401030809,2018,0.545,17,37,0.516,2,0.55,"p0=0.55"
401030810,2018,0.758,34,22,0.245,6,0.75,"p0=0.75"
401030811,2018,0.805,42,28,0.204,7,0.8,"p0=0.80"
401030812,2018,0.529,35,36,0.978,2,0.55,"p0=0.55"
401030813,2018,0.644,21,24,0.86,4,0.65,"p0=0.65"
401030814,2018,0.786,21,37,0.258,7,0.8,"p0=0.80"
401030815,2018,0.939,26,14,0.189,10,0.95,"p0=0.95"
401030816,2018,0.612,13,6,0.507,3,0.6,"p0=0.60"
401030817,2018,0.522,15,6,0.666,1,0.5,"p0=0.50"
401030818,2018,0.864,16,13,0.683,8,0.85,"p0=0.85"
401030819,2018,0.585,16,23,0.697,3,0.6,"p0=0.60"
401030820,2018,0.523,32,34,0.929,1,0.5,"p0=0.50"
401030821,2018,0.626,34,10,0.626,4,0.65,"p0=0.65"
401030822,2018,0.734,24,9,0.383,6,0.75,"p0=0.75"
401030823,2018,0.6,26,20,0.751,3,0.6,"p0=0.60"
401030824,2018,0.61,9,23,0.529,3,0.6,"p0=0.60"
401030825,2018,0.643,34,20,0.528,4,0.65,"p0=0.65"
401030826,2018,0.501,14,38,0.507,1,0.5,"p0=0.50"
401030827,2018,0.597,20,14,0.641,3,0.6,"p0=0.60"
401030828,2018,0.549,3,16,0.621,2,0.55,"p0=0.55"
401030829,2018,0.507,17,19,0.65,1,0.5,"p0=0.50"
401030830,2018,0.511,21,32,0.517,1,0.5,"p0=0.50"
401030831,2018,0.584,19,16,0.735,3,0.6,"p0=0.60"
401030832,2018,0.503,31,38,0.805,1,0.5,"p0=0.50"
401030833,2018,0.794,37,5,0.298,7,0.8,"p0=0.80"
401030834,2018,0.612,43,19,0.394,3,0.6,"p0=0.60"
401030835,2018,0.61,7,20,0.616,3,0.6,"p0=0.60"
401030836,2018,0.611,23,24,0.936,3,0.6,"p0=0.60"
401030837,2018,0.527,20,17,0.542,2,0.55,"p0=0.55"
401030838,2018,0.742,10,39,0.345,6,0.75,"p0=0.75"
401030839,2018,0.798,38,31,0.477,7,0.8,"p0=0.80"
401030840,2018,0.728,31,12,0.277,6,0.75,"p0=0.75"
401030841,2018,0.723,38,7,0.309,5,0.7,"p0=0.70"
401030842,2018,0.56,26,23,1,2,0.55,"p0=0.55"
401030843,2018,0.606,34,37,1,3,0.6,"p0=0.60"
401030844,2018,0.755,22,0,0.266,6,0.75,"p0=0.75"
401030845,2018,0.688,26,24,0.721,5,0.7,"p0=0.70"
401030846,2018,0.617,48,10,0.383,3,0.6,"p0=0.60"
401030847,2018,0.664,36,37,0.919,4,0.65,"p0=0.65"
401030848,2018,0.673,17,20,0.788,4,0.65,"p0=0.65"
401030849,2018,0.521,36,21,0.739,1,0.5,"p0=0.50"
401030850,2018,0.896,48,32,0.123,9,0.9,"p0=0.90"
401030851,2018,0.904,26,21,0.257,9,0.9,"p0=0.90"
401030852,2018,0.519,17,25,0.73,1,0.5,"p0=0.50"
401030853,2018,0.661,10,41,0.661,4,0.65,"p0=0.65"
401030854,2018,0.673,29,23,0.615,4,0.65,"p0=0.65"
401030855,2018,0.5,45,35,0.578,1,0.5,"p0=0.50"
401030856,2018,0.943,27,24,0.442,10,0.95,"p0=0.95"
401030858,2018,0.682,31,17,0.595,5,0.7,"p0=0.70"
401030859,2018,0.754,6,20,0.474,6,0.75,"p0=0.75"
401030860,2018,0.561,3,17,0.535,2,0.55,"p0=0.55"
401030861,2018,0.736,28,27,0.848,6,0.75,"p0=0.75"
401030862,2018,0.747,14,28,0.905,6,0.75,"p0=0.75"
401030863,2018,0.735,24,21,0.88,6,0.75,"p0=0.75"
401030864,2018,0.554,32,30,0.808,2,0.55,"p0=0.55"
401030865,2018,0.771,36,31,0.609,6,0.75,"p0=0.75"
401030866,2018,0.509,7,17,0.683,1,0.5,"p0=0.50"
401030867,2018,0.653,21,7,0.481,4,0.65,"p0=0.65"
401030868,2018,0.758,25,16,0.733,6,0.75,"p0=0.75"
401030869,2018,0.737,20,27,0.765,6,0.75,"p0=0.75"
401030870,2018,0.68,38,44,0.977,5,0.7,"p0=0.70"
401030871,2018,0.68,28,13,0.533,5,0.7,"p0=0.70"
401030872,2018,0.603,26,18,0.481,3,0.6,"p0=0.60"
401030873,2018,0.565,23,27,0.855,2,0.55,"p0=0.55"
401030874,2018,0.634,28,29,0.999,4,0.65,"p0=0.65"
401030875,2018,0.691,27,20,0.415,5,0.7,"p0=0.70"
401030876,2018,0.772,16,17,0.777,6,0.75,"p0=0.75"
401030877,2018,0.593,9,27,0.737,3,0.6,"p0=0.60"
401030878,2018,0.607,27,24,0.794,3,0.6,"p0=0.60"
401030891,2018,0.694,22,29,0.702,5,0.7,"p0=0.70"
401030892,2018,0.861,24,12,0.156,8,0.85,"p0=0.85"
401030893,2018,0.629,24,17,0.588,4,0.65,"p0=0.65"
401030894,2018,0.783,24,21,0.786,7,0.8,"p0=0.80"
401030895,2018,0.501,10,24,0.685,1,0.5,"p0=0.50"
401030896,2018,0.552,14,13,0.816,2,0.55,"p0=0.55"
401030897,2018,0.796,10,22,0.796,7,0.8,"p0=0.80"
401030898,2018,0.7,20,12,0.512,5,0.7,"p0=0.70"
401030899,2018,0.619,13,10,0.627,3,0.6,"p0=0.60"
401030900,2018,0.891,40,14,0.337,9,0.9,"p0=0.90"
401030901,2018,0.651,9,14,0.67,4,0.65,"p0=0.65"
401030902,2018,0.656,27,9,0.42,4,0.65,"p0=0.65"
401030903,2018,0.576,25,20,0.48,3,0.6,"p0=0.60"
401030904,2018,0.833,13,27,0.399,8,0.85,"p0=0.85"
401030905,2018,0.636,16,23,0.707,4,0.65,"p0=0.65"
401030906,2018,0.824,27,24,0.864,7,0.8,"p0=0.80"
401030907,2018,0.888,9,31,0.236,9,0.9,"p0=0.90"
401030908,2018,0.566,24,17,0.677,2,0.55,"p0=0.55"
401030909,2018,0.681,30,16,0.383,5,0.7,"p0=0.70"
401030910,2018,0.592,20,19,0.72,3,0.6,"p0=0.60"
401030911,2018,0.6,24,17,0.843,3,0.6,"p0=0.60"
401030912,2018,0.93,45,10,0.285,10,0.95,"p0=0.95"
401030913,2018,0.71,31,28,0.833,5,0.7,"p0=0.70"
401030914,2018,0.68,25,22,0.874,5,0.7,"p0=0.70"
401030915,2018,0.586,0,17,0.647,3,0.6,"p0=0.60"
401030916,2018,0.863,34,17,0.31,8,0.85,"p0=0.85"
401030917,2018,0.519,38,31,0.697,1,0.5,"p0=0.50"
401030918,2018,0.826,41,17,0.221,8,0.85,"p0=0.85"
401030919,2018,0.519,24,21,0.778,1,0.5,"p0=0.50"
401030920,2018,0.595,27,30,0.886,3,0.6,"p0=0.60"
401030921,2018,0.669,20,35,0.669,4,0.65,"p0=0.65"
401030922,2018,0.625,38,10,0.446,4,0.65,"p0=0.65"
401030923,2018,0.803,31,17,0.203,7,0.8,"p0=0.80"
401030924,2018,0.682,13,16,0.914,5,0.7,"p0=0.70"
401030925,2018,0.743,31,23,0.503,6,0.75,"p0=0.75"
401030926,2018,0.607,27,14,0.626,3,0.6,"p0=0.60"
401030927,2018,0.602,23,0,0.502,3,0.6,"p0=0.60"
401030928,2018,0.606,16,26,0.698,3,0.6,"p0=0.60"
401030929,2018,0.596,19,22,0.648,3,0.6,"p0=0.60"
401030930,2018,0.655,45,42,0.982,4,0.65,"p0=0.65"
401030931,2018,0.505,18,33,0.74,1,0.5,"p0=0.50"
401030932,2018,0.758,29,27,0.8,6,0.75,"p0=0.75"
401030933,2018,0.557,14,26,0.61,2,0.55,"p0=0.55"
401030934,2018,0.57,23,27,0.939,2,0.55,"p0=0.55"
401030935,2018,0.838,33,40,0.241,8,0.85,"p0=0.85"
401030950,2018,0.659,26,23,0.794,4,0.65,"p0=0.65"
401030951,2018,0.59,30,33,0.965,3,0.6,"p0=0.60"
401030952,2018,0.706,38,35,0.294,5,0.7,"p0=0.70"
401030953,2018,0.501,30,27,0.759,1,0.5,"p0=0.50"
401030954,2018,0.577,21,17,0.623,3,0.6,"p0=0.60"
401030955,2018,0.528,10,24,0.61,2,0.55,"p0=0.55"
401030956,2018,0.599,17,10,0.558,3,0.6,"p0=0.60"
401030957,2018,0.753,16,30,0.436,6,0.75,"p0=0.75"
401030958,2018,0.815,43,16,0.241,7,0.8,"p0=0.80"
401030959,2018,0.677,24,10,0.488,5,0.7,"p0=0.70"
401030960,2018,0.791,26,22,0.972,7,0.8,"p0=0.80"
401030961,2018,0.821,23,30,0.843,7,0.8,"p0=0.80"
401030962,2018,0.589,6,0,0.71,3,0.6,"p0=0.60"
401030963,2018,0.742,48,7,0.276,6,0.75,"p0=0.75"
401030964,2018,0.799,29,13,0.285,7,0.8,"p0=0.80"
401030965,2018,0.921,17,20,0.924,9,0.9,"p0=0.90"
401030966,2018,0.551,21,23,0.57,2,0.55,"p0=0.55"
401030967,2018,0.661,9,12,0.584,4,0.65,"p0=0.65"
401030968,2018,0.5,24,17,0.554,1,0.5,"p0=0.50"
401030969,2018,0.764,22,23,0.964,6,0.75,"p0=0.75"
401030970,2018,0.55,21,23,0.894,2,0.55,"p0=0.55"
401030971,2018,0.644,16,20,0.977,4,0.65,"p0=0.65"
401030972,2018,0.639,54,51,0.915,4,0.65,"p0=0.65"
401127859,2019,0.617,20,7,0.665,3,0.6,"p0=0.60"
401127860,2019,0.652,33,3,0.405,4,0.65,"p0=0.65"
401127861,2019,0.903,30,14,0.114,9,0.9,"p0=0.90"
401127862,2019,0.858,0,43,0.145,8,0.85,"p0=0.85"
401127863,2019,0.645,27,34,0.875,4,0.65,"p0=0.65"
401127864,2019,0.867,7,33,0.263,8,0.85,"p0=0.85"
401127865,2019,0.655,20,17,0.725,4,0.65,"p0=0.65"
401127866,2019,0.754,10,16,0.408,6,0.75,"p0=0.75"
401127867,2019,0.774,27,19,0.52,6,0.75,"p0=0.75"
401127868,2019,0.719,17,24,0.363,5,0.7,"p0=0.70"
401127869,2019,0.68,40,20,0.449,5,0.7,"p0=0.70"
401127870,2019,0.659,22,35,0.762,4,0.65,"p0=0.65"
401127871,2019,0.576,31,24,0.775,3,0.6,"p0=0.60"
401127872,2019,0.603,20,3,0.477,3,0.6,"p0=0.60"
401127893,2019,0.65,27,17,0.713,4,0.65,"p0=0.65"
401127894,2019,0.854,0,33,0.161,8,0.85,"p0=0.85"
401127895,2019,0.851,27,13,0.19,8,0.85,"p0=0.85"
401127896,2019,0.729,17,24,0.745,6,0.75,"p0=0.75"
401127897,2019,0.628,10,17,0.692,4,0.65,"p0=0.65"
401127898,2019,0.815,24,17,0.671,7,0.8,"p0=0.80"
401127899,2019,0.624,37,20,0.639,3,0.6,"p0=0.60"
401127900,2019,0.701,34,31,0.839,5,0.7,"p0=0.70"
401127901,2019,0.542,20,23,0.72,2,0.55,"p0=0.55"
401127902,2019,0.639,6,30,0.51,4,0.65,"p0=0.65"
401127903,2019,0.772,24,12,0.24,6,0.75,"p0=0.75"
401127904,2019,0.786,15,31,0.577,7,0.8,"p0=0.80"
401127905,2019,0.916,19,9,0.275,9,0.9,"p0=0.90"
401127906,2019,0.703,38,6,0.302,5,0.7,"p0=0.70"
401127907,2019,0.505,26,24,0.792,1,0.5,"p0=0.50"
401127908,2019,0.791,25,28,0.434,7,0.8,"p0=0.80"
401127909,2019,0.959,24,27,0.973,10,0.95,"p0=0.95"
401127910,2019,0.506,38,35,0.6,1,0.5,"p0=0.50"
401127911,2019,0.676,20,13,0.62,5,0.7,"p0=0.70"
401127912,2019,0.792,24,10,0.401,7,0.8,"p0=0.80"
401127913,2019,0.578,3,10,0.74,3,0.6,"p0=0.60"
401127914,2019,0.783,19,14,0.704,7,0.8,"p0=0.80"
401127915,2019,0.68,21,17,0.726,5,0.7,"p0=0.70"
401127916,2019,0.904,20,15,0.158,9,0.9,"p0=0.90"
401127917,2019,0.929,35,14,0.208,10,0.95,"p0=0.95"
401127918,2019,0.663,10,16,0.63,4,0.65,"p0=0.65"
401127919,2019,0.865,41,24,0.135,8,0.85,"p0=0.85"
401127920,2019,0.803,24,38,0.833,7,0.8,"p0=0.80"
401127921,2019,0.961,31,6,0.16,10,0.95,"p0=0.95"
401127922,2019,0.828,34,31,0.849,8,0.85,"p0=0.85"
401127923,2019,0.513,27,30,0.572,1,0.5,"p0=0.50"
401127924,2019,0.532,34,3,0.608,2,0.55,"p0=0.55"
401127925,2019,0.679,27,16,0.492,5,0.7,"p0=0.70"
401127926,2019,0.833,20,7,0.18,8,0.85,"p0=0.85"
401127927,2019,0.502,30,29,0.819,1,0.5,"p0=0.50"
401127928,2019,0.568,13,43,0.699,2,0.55,"p0=0.55"
401127929,2019,0.558,27,24,0.458,2,0.55,"p0=0.55"
401127930,2019,0.598,16,23,0.804,3,0.6,"p0=0.60"
401127931,2019,0.584,26,40,0.424,3,0.6,"p0=0.60"
401127932,2019,0.58,34,27,0.504,3,0.6,"p0=0.60"
401127933,2019,0.525,16,10,0.588,2,0.55,"p0=0.55"
401127934,2019,0.765,13,49,0.235,6,0.75,"p0=0.75"
401127935,2019,0.546,28,38,0.834,2,0.55,"p0=0.55"
401127936,2019,0.68,3,26,0.4,5,0.7,"p0=0.70"
401127937,2019,0.51,35,41,0.649,1,0.5,"p0=0.50"
401127938,2019,0.552,17,9,0.613,2,0.55,"p0=0.55"
401127939,2019,0.595,19,16,0.915,3,0.6,"p0=0.60"
401127940,2019,0.506,10,37,0.627,1,0.5,"p0=0.50"
401127941,2019,0.8,13,27,0.882,7,0.8,"p0=0.80"
401127942,2019,0.911,31,21,0.72,9,0.9,"p0=0.90"
401127943,2019,0.718,3,26,0.329,5,0.7,"p0=0.70"
401127944,2019,0.759,24,16,0.453,6,0.75,"p0=0.75"
401127945,2019,0.6,17,27,0.63,3,0.6,"p0=0.60"
401127946,2019,0.682,10,23,0.812,5,0.7,"p0=0.70"
401127947,2019,0.631,30,42,0.591,4,0.65,"p0=0.65"
401127948,2019,0.771,9,26,0.807,6,0.75,"p0=0.75"
401127949,2019,0.721,42,24,0.439,5,0.7,"p0=0.70"
401127950,2019,0.852,28,10,0.352,8,0.85,"p0=0.85"
401127951,2019,0.537,30,23,0.568,2,0.55,"p0=0.55"
401127952,2019,0.563,34,27,0.75,2,0.55,"p0=0.55"
401127953,2019,0.722,33,28,0.493,5,0.7,"p0=0.70"
401127954,2019,0.633,10,59,0.379,4,0.65,"p0=0.65"
401127955,2019,0.856,13,34,0.381,8,0.85,"p0=0.85"
401127956,2019,0.78,34,14,0.249,7,0.8,"p0=0.80"
401127957,2019,0.705,13,9,0.377,5,0.7,"p0=0.70"
401127958,2019,0.563,23,26,0.723,2,0.55,"p0=0.55"
401127959,2019,0.652,24,27,0.748,4,0.65,"p0=0.65"
401127960,2019,0.642,53,32,0.64,4,0.65,"p0=0.65"
401127961,2019,0.594,28,12,0.413,3,0.6,"p0=0.60"
401127962,2019,0.597,20,38,0.763,3,0.6,"p0=0.60"
401127963,2019,0.594,16,17,0.974,3,0.6,"p0=0.60"
401127964,2019,0.538,46,48,0.891,2,0.55,"p0=0.55"
401127965,2019,0.595,31,24,0.545,3,0.6,"p0=0.60"
401127966,2019,0.742,31,32,0.973,6,0.75,"p0=0.75"
401127967,2019,0.541,28,22,0.694,2,0.55,"p0=0.55"
401127968,2019,0.78,32,27,0.845,7,0.8,"p0=0.80"
401127969,2019,0.718,22,21,0.851,5,0.7,"p0=0.70"
401127970,2019,0.563,20,27,0.872,2,0.55,"p0=0.55"
401127971,2019,0.717,10,28,0.309,5,0.7,"p0=0.70"
401127972,2019,0.68,30,24,0.661,5,0.7,"p0=0.70"
401127973,2019,0.765,6,13,0.822,6,0.75,"p0=0.75"
401127974,2019,0.548,21,27,0.565,2,0.55,"p0=0.55"
401127975,2019,0.775,10,42,0.266,7,0.8,"p0=0.80"
401127976,2019,0.719,30,27,0.926,5,0.7,"p0=0.70"
401127977,2019,0.782,0,9,0.423,7,0.8,"p0=0.80"
401127978,2019,0.63,33,23,0.767,4,0.65,"p0=0.65"
401127979,2019,0.603,23,20,0.989,3,0.6,"p0=0.60"
401127980,2019,0.909,47,16,0.153,9,0.9,"p0=0.90"
401127981,2019,0.692,35,32,0.999,5,0.7,"p0=0.70"
401127982,2019,0.597,25,36,0.619,3,0.6,"p0=0.60"
401127983,2019,0.699,20,23,0.928,5,0.7,"p0=0.70"
401127984,2019,0.508,14,35,0.774,1,0.5,"p0=0.50"
401127985,2019,0.642,16,30,0.78,4,0.65,"p0=0.65"
401127986,2019,0.884,12,16,0.92,9,0.9,"p0=0.90"
401127987,2019,0.629,37,10,0.392,4,0.65,"p0=0.65"
401127988,2019,0.641,38,20,0.804,4,0.65,"p0=0.65"
401127989,2019,0.62,17,12,0.823,3,0.6,"p0=0.60"
401127990,2019,0.852,31,21,0.464,8,0.85,"p0=0.85"
401127991,2019,0.687,19,21,0.782,5,0.7,"p0=0.70"
401127992,2019,0.753,24,27,0.9,6,0.75,"p0=0.75"
401127993,2019,0.556,27,33,0.599,2,0.55,"p0=0.55"
401127994,2019,0.592,38,35,0.923,3,0.6,"p0=0.60"
401127995,2019,0.771,21,20,0.666,6,0.75,"p0=0.75"
401127996,2019,0.662,19,16,0.781,4,0.65,"p0=0.65"
401127997,2019,0.539,10,45,0.586,2,0.55,"p0=0.55"
401127998,2019,0.799,24,20,0.708,7,0.8,"p0=0.80"
401128000,2019,0.665,42,20,0.419,4,0.65,"p0=0.65"
401128001,2019,0.586,24,21,0.841,3,0.6,"p0=0.60"
401128002,2019,0.534,17,23,0.555,2,0.55,"p0=0.55"
401128003,2019,0.576,15,31,0.472,3,0.6,"p0=0.60"
401128004,2019,0.609,37,8,0.397,3,0.6,"p0=0.60"
401128005,2019,0.536,21,42,0.706,2,0.55,"p0=0.55"
401128006,2019,0.767,31,6,0.238,6,0.75,"p0=0.75"
401128007,2019,0.754,35,17,0.534,6,0.75,"p0=0.75"
401128008,2019,0.566,9,17,0.678,2,0.55,"p0=0.55"
401128009,2019,0.574,28,12,0.524,2,0.55,"p0=0.55"
401128010,2019,0.522,17,31,0.674,1,0.5,"p0=0.50"
401128011,2019,0.554,23,26,0.757,2,0.55,"p0=0.55"
401128012,2019,0.527,6,45,0.48,2,0.55,"p0=0.55"
401128013,2019,0.821,23,17,0.918,7,0.8,"p0=0.80"
401128014,2019,0.733,7,14,0.762,6,0.75,"p0=0.75"
401128015,2019,0.542,20,24,0.844,2,0.55,"p0=0.55"
401128016,2019,0.545,10,24,0.608,2,0.55,"p0=0.55"
401128017,2019,0.786,15,26,0.902,7,0.8,"p0=0.80"
401128018,2019,0.729,25,40,0.775,6,0.75,"p0=0.75"
401128019,2019,0.653,13,20,0.653,4,0.65,"p0=0.65"
401128020,2019,0.934,42,21,0.083,10,0.95,"p0=0.95"
401128021,2019,0.654,30,28,0.9,4,0.65,"p0=0.65"
401128022,2019,0.559,18,26,0.448,2,0.55,"p0=0.55"
401128023,2019,0.701,30,34,0.999,5,0.7,"p0=0.70"
401128024,2019,0.601,24,30,0.414,3,0.6,"p0=0.60"
401128025,2019,0.519,24,16,0.545,1,0.5,"p0=0.50"
401128026,2019,0.755,10,16,0.806,6,0.75,"p0=0.75"
401128027,2019,0.68,20,17,0.597,5,0.7,"p0=0.70"
401128028,2019,0.589,17,38,0.491,3,0.6,"p0=0.60"
401128029,2019,0.606,24,34,0.695,3,0.6,"p0=0.60"
401128030,2019,0.752,24,31,0.752,6,0.75,"p0=0.75"
401128031,2019,0.649,21,13,0.372,4,0.65,"p0=0.65"
401128032,2019,0.806,21,29,0.94,7,0.8,"p0=0.80"
401128033,2019,0.705,17,34,0.553,5,0.7,"p0=0.70"
401128034,2019,0.599,22,28,0.887,3,0.6,"p0=0.60"
401128035,2019,0.59,20,27,0.451,3,0.6,"p0=0.60"
401128036,2019,0.619,16,15,0.817,3,0.6,"p0=0.60"
401128037,2019,0.53,13,31,0.724,2,0.55,"p0=0.55"
401128038,2019,0.762,31,24,0.448,6,0.75,"p0=0.75"
401128039,2019,0.643,16,17,0.869,4,0.65,"p0=0.65"
401128040,2019,0.565,21,26,0.774,2,0.55,"p0=0.55"
401128041,2019,0.545,24,28,0.655,2,0.55,"p0=0.55"
401128042,2019,0.787,31,26,0.296,7,0.8,"p0=0.80"
401128043,2019,0.814,27,24,0.707,7,0.8,"p0=0.80"
401128044,2019,0.549,21,7,0.519,2,0.55,"p0=0.55"
401128045,2019,0.757,29,15,0.429,6,0.75,"p0=0.75"
401128046,2019,0.836,31,9,0.288,8,0.85,"p0=0.85"
401128047,2019,0.547,41,7,0.536,2,0.55,"p0=0.55"
401128048,2019,0.507,27,23,0.794,1,0.5,"p0=0.50"
401128049,2019,0.507,3,29,0.507,1,0.5,"p0=0.50"
401128050,2019,0.706,51,13,0.354,5,0.7,"p0=0.70"
401128051,2019,0.636,15,13,0.851,4,0.65,"p0=0.65"
401128052,2019,0.684,27,35,0.594,5,0.7,"p0=0.70"
401128053,2019,0.81,13,19,0.86,7,0.8,"p0=0.80"
401128054,2019,0.693,14,20,0.754,5,0.7,"p0=0.70"
401128055,2019,0.862,10,30,0.352,8,0.85,"p0=0.85"
401128056,2019,0.872,23,3,0.139,8,0.85,"p0=0.85"
401128057,2019,0.527,22,6,0.683,2,0.55,"p0=0.55"
401128058,2019,0.606,17,31,0.859,3,0.6,"p0=0.60"
401128059,2019,0.553,24,3,0.456,2,0.55,"p0=0.55"
401128060,2019,0.643,36,20,0.633,4,0.65,"p0=0.65"
401128061,2019,0.857,23,17,0.414,8,0.85,"p0=0.85"
401128062,2019,0.731,31,3,0.299,6,0.75,"p0=0.75"
401128063,2019,0.519,11,28,0.625,1,0.5,"p0=0.50"
401128064,2019,0.606,10,27,0.473,3,0.6,"p0=0.60"
401128065,2019,0.518,10,17,0.76,1,0.5,"p0=0.50"
401128066,2019,0.551,17,41,0.524,2,0.55,"p0=0.55"
401128067,2019,0.901,40,9,0.119,9,0.9,"p0=0.90"
401128068,2019,0.525,21,24,0.7,2,0.55,"p0=0.55"
401128069,2019,0.808,40,55,0.827,7,0.8,"p0=0.80"
401128070,2019,0.799,37,31,0.949,7,0.8,"p0=0.80"
401128071,2019,0.741,27,37,0.732,6,0.75,"p0=0.75"
401128072,2019,0.501,13,10,0.852,1,0.5,"p0=0.50"
401128073,2019,0.508,24,31,0.688,1,0.5,"p0=0.50"
401128074,2019,0.905,27,14,0.667,9,0.9,"p0=0.90"
401128075,2019,0.568,33,13,0.607,2,0.55,"p0=0.55"
401128076,2019,0.713,24,9,0.292,5,0.7,"p0=0.70"
401128077,2019,0.65,20,37,0.353,4,0.65,"p0=0.65"
401128078,2019,0.512,30,20,0.586,1,0.5,"p0=0.50"
401128079,2019,0.594,26,23,0.831,3,0.6,"p0=0.60"
401128080,2019,0.58,26,18,0.805,3,0.6,"p0=0.60"
401128081,2019,0.793,27,23,0.963,7,0.8,"p0=0.80"
401128082,2019,0.624,22,14,0.46,3,0.6,"p0=0.60"
401128083,2019,0.504,26,24,0.852,1,0.5,"p0=0.50"
401128084,2019,0.572,17,34,0.47,2,0.55,"p0=0.55"
401128085,2019,0.565,31,24,0.706,2,0.55,"p0=0.55"
401128086,2019,0.574,17,34,0.574,2,0.55,"p0=0.55"
401128087,2019,0.652,40,34,0.871,4,0.65,"p0=0.65"
401128088,2019,0.599,24,19,0.526,3,0.6,"p0=0.60"
401128089,2019,0.854,36,26,0.802,8,0.85,"p0=0.85"
401128090,2019,0.571,26,11,0.615,2,0.55,"p0=0.55"
401128091,2019,0.807,18,37,0.659,7,0.8,"p0=0.80"
401128092,2019,0.845,17,10,0.468,8,0.85,"p0=0.85"
401128093,2019,0.526,16,6,0.559,2,0.55,"p0=0.55"
401128094,2019,0.536,38,24,0.551,2,0.55,"p0=0.55"
401128095,2019,0.751,13,31,0.311,6,0.75,"p0=0.75"
401128096,2019,0.552,26,37,0.559,2,0.55,"p0=0.55"
401128097,2019,0.588,24,26,0.942,3,0.6,"p0=0.60"
401128098,2019,0.551,21,16,0.503,2,0.55,"p0=0.55"
401128099,2019,0.664,16,20,0.973,4,0.65,"p0=0.65"
401128100,2019,0.54,7,34,0.475,2,0.55,"p0=0.55"
401128101,2019,0.738,13,12,0.437,6,0.75,"p0=0.75"
401128102,2019,0.552,12,10,0.586,2,0.55,"p0=0.55"
401128103,2019,0.63,44,21,0.459,4,0.65,"p0=0.65"
401128104,2019,0.556,23,20,0.662,2,0.55,"p0=0.55"
401128105,2019,0.81,23,17,0.344,7,0.8,"p0=0.80"
401128106,2019,0.506,14,28,0.702,1,0.5,"p0=0.50"
401128107,2019,0.512,20,13,0.835,1,0.5,"p0=0.50"
401128108,2019,0.821,22,29,0.942,7,0.8,"p0=0.80"
401128109,2019,0.652,27,3,0.505,4,0.65,"p0=0.65"
401128110,2019,0.537,26,28,0.74,2,0.55,"p0=0.55"
401128111,2019,0.541,28,32,0.868,2,0.55,"p0=0.55"
401128112,2019,0.526,37,30,0.809,2,0.55,"p0=0.55"
401128113,2019,0.533,10,39,0.553,2,0.55,"p0=0.55"
401128114,2019,0.658,17,19,0.857,4,0.65,"p0=0.65"
401128115,2019,0.608,21,31,0.658,3,0.6,"p0=0.60"
401128116,2019,0.578,6,13,0.562,3,0.6,"p0=0.60"
401128117,2019,0.723,34,7,0.316,5,0.7,"p0=0.70"
401128118,2019,0.702,10,28,0.724,5,0.7,"p0=0.70"
401128119,2019,0.669,24,31,0.899,4,0.65,"p0=0.65"
401128120,2019,0.51,14,16,0.939,1,0.5,"p0=0.50"
401128121,2019,0.653,16,17,0.5,4,0.65,"p0=0.65"
401128122,2019,0.586,27,9,0.484,3,0.6,"p0=0.60"
401128123,2019,0.654,38,20,0.367,4,0.65,"p0=0.65"
401128124,2019,0.503,24,20,0.739,1,0.5,"p0=0.50"
401128125,2019,0.614,13,20,0.687,3,0.6,"p0=0.60"
401128126,2019,0.557,34,33,0.713,2,0.55,"p0=0.55"
401128127,2019,0.588,3,23,0.59,3,0.6,"p0=0.60"
401128128,2019,0.564,7,20,0.751,2,0.55,"p0=0.55"
401128129,2019,0.51,16,0,0.524,1,0.5,"p0=0.50"
401128130,2019,0.731,24,22,0.773,6,0.75,"p0=0.75"
401128131,2019,0.644,17,24,0.663,4,0.65,"p0=0.65"
401128132,2019,0.662,23,22,0.86,4,0.65,"p0=0.65"
401128133,2019,0.683,17,7,0.611,5,0.7,"p0=0.70"
401128134,2019,0.736,17,24,0.488,6,0.75,"p0=0.75"
401220115,2020,0.59,24,21,0.586,3,0.6,"p0=0.60"
401220116,2020,0.636,27,17,0.371,4,0.65,"p0=0.65"
401220117,2020,0.672,17,26,0.446,4,0.65,"p0=0.65"
401220118,2020,0.735,27,17,0.357,6,0.75,"p0=0.75"
401220119,2020,0.536,35,32,0.885,2,0.55,"p0=0.55"
401220120,2020,0.548,44,34,0.548,2,0.55,"p0=0.55"
401220121,2020,0.571,26,15,0.771,2,0.55,"p0=0.55"
401220122,2020,0.655,28,31,0.637,4,0.65,"p0=0.65"
401220123,2020,0.519,22,12,0.717,1,0.5,"p0=0.50"
401220124,2020,0.733,24,0,0.327,6,0.75,"p0=0.75"
401220125,2020,0.764,27,33,0.617,6,0.75,"p0=0.75"
401220126,2020,0.646,29,21,0.36,4,0.65,"p0=0.65"
401220127,2020,0.564,28,17,0.774,2,0.55,"p0=0.55"
401220128,2020,0.627,23,31,0.562,4,0.65,"p0=0.65"
401220129,2020,0.668,19,7,0.68,4,0.65,"p0=0.65"
401220130,2020,0.587,9,38,0.48,3,0.6,"p0=0.60"
401220131,2020,0.7,21,11,0.415,5,0.7,"p0=0.70"
401220133,2020,0.673,12,18,0.678,4,0.65,"p0=0.65"
401220134,2020,0.64,36,20,0.548,4,0.65,"p0=0.65"
401220135,2020,0.516,20,17,0.795,1,0.5,"p0=0.50"
401220136,2020,0.505,6,33,0.516,1,0.5,"p0=0.50"
401220137,2020,0.666,23,17,0.795,4,0.65,"p0=0.65"
401220138,2020,0.75,10,18,0.755,6,0.75,"p0=0.75"
401220139,2020,0.697,3,20,0.505,5,0.7,"p0=0.70"
401220140,2020,0.715,27,30,0.88,5,0.7,"p0=0.70"
401220141,2020,0.503,28,37,0.757,1,0.5,"p0=0.50"
401220142,2020,0.704,28,31,0.968,5,0.7,"p0=0.70"
401220143,2020,0.569,10,30,0.558,2,0.55,"p0=0.55"
401220144,2020,0.612,13,31,0.388,3,0.6,"p0=0.60"
401220145,2020,0.717,23,16,0.771,5,0.7,"p0=0.70"
401220146,2020,0.817,27,3,0.21,7,0.8,"p0=0.80"
401220147,2020,0.699,38,6,0.422,5,0.7,"p0=0.70"
401220148,2020,0.671,24,28,0.877,4,0.65,"p0=0.65"
401220149,2020,0.876,40,14,0.167,9,0.9,"p0=0.90"
401220150,2020,0.68,24,30,0.917,5,0.7,"p0=0.70"
401220151,2020,0.853,34,17,0.367,8,0.85,"p0=0.85"
401220152,2020,0.802,27,13,0.202,7,0.8,"p0=0.80"
401220153,2020,0.605,20,34,0.716,3,0.6,"p0=0.60"
401220155,2020,0.554,34,37,0.896,2,0.55,"p0=0.55"
401220156,2020,0.801,27,17,0.838,7,0.8,"p0=0.80"
401220157,2020,0.614,33,25,0.686,3,0.6,"p0=0.60"
401220158,2020,0.639,31,20,0.723,4,0.65,"p0=0.65"
401220159,2020,0.636,7,30,0.65,4,0.65,"p0=0.65"
401220160,2020,0.528,17,19,0.583,2,0.55,"p0=0.55"
401220161,2020,0.567,13,16,0.808,2,0.55,"p0=0.55"
401220162,2020,0.661,42,47,0.793,4,0.65,"p0=0.65"
401220163,2020,0.625,35,30,0.509,4,0.65,"p0=0.65"
401220165,2020,0.621,10,7,0.496,3,0.6,"p0=0.60"
401220166,2020,0.505,32,23,0.613,1,0.5,"p0=0.50"
401220167,2020,0.52,22,17,0.665,1,0.5,"p0=0.50"
401220168,2020,0.631,34,20,0.719,4,0.65,"p0=0.65"
401220169,2020,0.556,6,16,0.714,2,0.55,"p0=0.55"
401220170,2020,0.644,19,14,0.425,4,0.65,"p0=0.65"
401220171,2020,0.719,36,10,0.338,5,0.7,"p0=0.70"
401220172,2020,0.572,38,7,0.446,2,0.55,"p0=0.55"
401220173,2020,0.656,28,21,0.767,4,0.65,"p0=0.65"
401220174,2020,0.62,28,24,0.979,3,0.6,"p0=0.60"
401220175,2020,0.676,38,29,0.526,5,0.7,"p0=0.70"
401220176,2020,0.74,17,23,0.936,6,0.75,"p0=0.75"
401220177,2020,0.669,26,21,0.508,4,0.65,"p0=0.65"
401220178,2020,0.554,20,26,0.647,2,0.55,"p0=0.55"
401220179,2020,0.662,30,14,0.54,4,0.65,"p0=0.65"
401220181,2020,0.688,16,33,0.419,5,0.7,"p0=0.70"
401220182,2020,0.632,31,37,0.789,4,0.65,"p0=0.65"
401220183,2020,0.581,20,35,0.43,3,0.6,"p0=0.60"
401220184,2020,0.53,23,31,0.541,2,0.55,"p0=0.55"
401220185,2020,0.515,27,20,0.782,1,0.5,"p0=0.50"
401220186,2020,0.638,27,20,0.491,4,0.65,"p0=0.65"
401220188,2020,0.521,26,45,0.564,1,0.5,"p0=0.50"
401220189,2020,0.598,10,24,0.69,3,0.6,"p0=0.60"
401220190,2020,0.677,31,27,0.928,5,0.7,"p0=0.70"
401220191,2020,0.543,34,31,0.906,2,0.55,"p0=0.55"
401220192,2020,0.516,28,11,0.599,1,0.5,"p0=0.50"
401220193,2020,0.646,36,7,0.373,4,0.65,"p0=0.65"
401220194,2020,0.691,25,27,0.473,5,0.7,"p0=0.70"
401220195,2020,0.61,27,20,0.9,3,0.6,"p0=0.60"
401220196,2020,0.763,10,31,0.296,6,0.75,"p0=0.75"
401220197,2020,0.69,25,27,0.642,5,0.7,"p0=0.70"
401220198,2020,0.857,3,27,0.347,8,0.85,"p0=0.85"
401220199,2020,0.717,17,41,0.466,5,0.7,"p0=0.70"
401220200,2020,0.603,16,34,0.397,3,0.6,"p0=0.60"
401220201,2020,0.532,13,31,0.538,2,0.55,"p0=0.55"
401220202,2020,0.62,42,36,0.958,3,0.6,"p0=0.60"
401220203,2020,0.564,17,34,0.789,2,0.55,"p0=0.55"
401220204,2020,0.725,33,30,0.527,6,0.75,"p0=0.75"
401220205,2020,0.672,35,41,0.672,4,0.65,"p0=0.65"
401220207,2020,0.622,24,17,0.476,3,0.6,"p0=0.60"
401220208,2020,0.744,46,25,0.3,6,0.75,"p0=0.75"
401220209,2020,0.543,42,16,0.545,2,0.55,"p0=0.55"
401220210,2020,0.76,16,43,0.244,6,0.75,"p0=0.75"
401220212,2020,0.537,31,30,0.988,2,0.55,"p0=0.55"
401220213,2020,0.625,19,48,0.444,4,0.65,"p0=0.65"
401220214,2020,0.534,20,13,0.743,2,0.55,"p0=0.55"
401220215,2020,0.739,3,31,0.377,6,0.75,"p0=0.75"
401220216,2020,0.586,10,28,0.441,3,0.6,"p0=0.60"
401220217,2020,0.535,14,16,0.999,2,0.55,"p0=0.55"
401220218,2020,0.886,22,16,0.498,9,0.9,"p0=0.90"
401220219,2020,0.822,32,40,0.913,7,0.8,"p0=0.80"
401220221,2020,0.799,26,10,0.471,7,0.8,"p0=0.80"
401220222,2020,0.941,35,9,0.103,10,0.95,"p0=0.95"
401220223,2020,0.796,17,14,0.865,7,0.8,"p0=0.80"
401220224,2020,0.842,33,31,0.586,8,0.85,"p0=0.85"
401220225,2020,0.772,34,20,0.415,6,0.75,"p0=0.75"
401220226,2020,0.609,37,12,0.501,3,0.6,"p0=0.60"
401220227,2020,0.759,31,35,0.81,6,0.75,"p0=0.75"
401220228,2020,0.63,27,30,1,4,0.65,"p0=0.65"
401220229,2020,0.504,23,30,0.539,1,0.5,"p0=0.50"
401220230,2020,0.559,25,26,0.999,2,0.55,"p0=0.55"
401220231,2020,0.583,34,24,0.848,3,0.6,"p0=0.60"
401220232,2020,0.564,20,45,0.68,2,0.55,"p0=0.55"
401220233,2020,0.528,27,44,0.72,2,0.55,"p0=0.55"
401220234,2020,0.546,19,16,0.509,2,0.55,"p0=0.55"
401220235,2020,0.712,20,23,0.878,5,0.7,"p0=0.70"
401220236,2020,0.54,26,31,0.7,2,0.55,"p0=0.55"
401220237,2020,0.516,0,45,0.507,1,0.5,"p0=0.50"
401220238,2020,0.701,34,28,0.54,5,0.7,"p0=0.70"
401220239,2020,0.574,20,17,0.84,2,0.55,"p0=0.55"
401220240,2020,0.591,16,21,0.647,3,0.6,"p0=0.60"
401220241,2020,0.718,39,29,0.732,5,0.7,"p0=0.70"
401220242,2020,0.796,37,34,0.793,7,0.8,"p0=0.80"
401220243,2020,0.519,37,17,0.791,1,0.5,"p0=0.50"
401220244,2020,0.55,16,41,0.609,2,0.55,"p0=0.55"
401220245,2020,0.546,10,38,0.573,2,0.55,"p0=0.55"
401220246,2020,0.707,41,33,0.714,5,0.7,"p0=0.70"
401220247,2020,0.67,38,49,0.767,4,0.65,"p0=0.65"
401220248,2020,0.808,19,24,0.868,7,0.8,"p0=0.80"
401220249,2020,0.645,40,39,0.999,4,0.65,"p0=0.65"
401220251,2020,0.65,27,17,0.704,4,0.65,"p0=0.65"
401220252,2020,0.529,20,19,0.745,2,0.55,"p0=0.55"
401220253,2020,0.584,7,26,0.461,3,0.6,"p0=0.60"
401220254,2020,0.662,9,36,0.448,4,0.65,"p0=0.65"
401220255,2020,0.582,6,20,0.533,3,0.6,"p0=0.60"
401220256,2020,0.609,16,26,0.664,3,0.6,"p0=0.60"
401220257,2020,0.827,23,25,0.748,8,0.85,"p0=0.85"
401220258,2020,0.755,23,9,0.601,6,0.75,"p0=0.75"
401220259,2020,0.697,22,21,0.977,5,0.7,"p0=0.70"
401220261,2020,0.539,19,37,0.569,2,0.55,"p0=0.55"
401220262,2020,0.613,17,23,0.466,3,0.6,"p0=0.60"
401220263,2020,0.736,28,30,0.289,6,0.75,"p0=0.75"
401220265,2020,0.786,24,21,0.797,7,0.8,"p0=0.80"
401220266,2020,0.583,25,3,0.479,3,0.6,"p0=0.60"
401220267,2020,0.657,20,23,0.707,4,0.65,"p0=0.65"
401220268,2020,0.702,27,17,0.973,5,0.7,"p0=0.70"
401220269,2020,0.669,10,30,0.408,4,0.65,"p0=0.65"
401220270,2020,0.635,15,20,0.433,4,0.65,"p0=0.65"
401220271,2020,0.806,17,31,0.262,7,0.8,"p0=0.80"
401220272,2020,0.556,20,9,0.629,2,0.55,"p0=0.55"
401220273,2020,0.505,13,20,0.583,1,0.5,"p0=0.50"
401220274,2020,0.613,30,34,0.991,3,0.6,"p0=0.60"
401220276,2020,0.586,13,19,0.722,3,0.6,"p0=0.60"
401220277,2020,0.614,23,26,0.826,3,0.6,"p0=0.60"
401220278,2020,0.657,20,19,0.933,4,0.65,"p0=0.65"
401220279,2020,0.525,36,7,0.569,2,0.55,"p0=0.55"
401220280,2020,0.564,11,19,0.448,2,0.55,"p0=0.55"
401220281,2020,0.656,17,13,0.374,4,0.65,"p0=0.65"
401220282,2020,0.516,23,27,0.983,1,0.5,"p0=0.50"
401220283,2020,0.78,24,31,0.479,7,0.8,"p0=0.80"
401220285,2020,0.661,29,35,0.698,4,0.65,"p0=0.65"
401220286,2020,0.784,7,47,0.25,7,0.8,"p0=0.80"
401220287,2020,0.562,25,41,0.702,2,0.55,"p0=0.55"
401220288,2020,0.573,21,41,0.693,2,0.55,"p0=0.55"
401220289,2020,0.534,30,27,0.583,2,0.55,"p0=0.55"
401220290,2020,0.69,41,25,0.325,5,0.7,"p0=0.70"
401220291,2020,0.682,42,21,0.67,5,0.7,"p0=0.70"
401220292,2020,0.609,22,28,0.772,3,0.6,"p0=0.60"
401220293,2020,0.687,30,16,0.319,5,0.7,"p0=0.70"
401220294,2020,0.749,24,16,0.263,6,0.75,"p0=0.75"
401220295,2020,0.907,24,20,0.571,9,0.9,"p0=0.90"
401220296,2020,0.625,40,14,0.375,4,0.65,"p0=0.65"
401220297,2020,0.729,30,16,0.498,6,0.75,"p0=0.75"
401220298,2020,0.596,27,33,0.635,3,0.6,"p0=0.60"
401220299,2020,0.669,34,20,0.337,4,0.65,"p0=0.65"
401220300,2020,0.531,34,43,0.667,2,0.55,"p0=0.55"
401220301,2020,0.63,23,40,0.634,4,0.65,"p0=0.65"
401220302,2020,0.631,28,27,0.987,4,0.65,"p0=0.65"
401220303,2020,0.832,27,24,0.917,8,0.85,"p0=0.85"
401220304,2020,0.522,30,31,0.938,1,0.5,"p0=0.50"
401220305,2020,0.769,28,31,0.839,6,0.75,"p0=0.75"
401220306,2020,0.555,16,23,0.746,2,0.55,"p0=0.55"
401220307,2020,0.628,16,21,0.567,4,0.65,"p0=0.65"
401220308,2020,0.641,27,31,0.957,4,0.65,"p0=0.65"
401220309,2020,0.551,26,30,0.996,2,0.55,"p0=0.55"
401220310,2020,0.593,22,23,0.966,3,0.6,"p0=0.60"
401220311,2020,0.631,34,27,0.398,4,0.65,"p0=0.65"
401220312,2020,0.53,43,6,0.606,2,0.55,"p0=0.55"
401220313,2020,0.516,25,38,0.677,1,0.5,"p0=0.50"
401220314,2020,0.558,17,25,0.798,2,0.55,"p0=0.55"
401220317,2020,0.544,16,23,0.544,2,0.55,"p0=0.55"
401220318,2020,0.519,20,0,0.573,1,0.5,"p0=0.50"
401220319,2020,0.658,27,32,0.686,4,0.65,"p0=0.65"
401220320,2020,0.501,31,21,0.551,1,0.5,"p0=0.50"
401220321,2020,0.624,24,9,0.639,3,0.6,"p0=0.60"
401220322,2020,0.7,27,24,0.521,5,0.7,"p0=0.70"
401220323,2020,0.534,30,37,0.718,2,0.55,"p0=0.55"
401220324,2020,0.727,52,33,0.325,6,0.75,"p0=0.75"
401220325,2020,0.539,29,32,0.566,2,0.55,"p0=0.55"
401220326,2020,0.778,30,27,0.927,7,0.8,"p0=0.80"
401220327,2020,0.609,27,13,0.736,3,0.6,"p0=0.60"
401220329,2020,0.726,31,17,0.356,6,0.75,"p0=0.75"
401220330,2020,0.65,3,38,0.656,4,0.65,"p0=0.65"
401220331,2020,0.532,38,10,0.764,2,0.55,"p0=0.55"
401220332,2020,0.771,26,14,0.572,6,0.75,"p0=0.75"
401220333,2020,0.569,24,27,0.431,2,0.55,"p0=0.55"
401220334,2020,0.786,38,31,0.915,7,0.8,"p0=0.80"
401220335,2020,0.656,24,27,0.782,4,0.65,"p0=0.65"
401220336,2020,0.539,28,38,0.78,2,0.55,"p0=0.55"
401220337,2020,0.593,12,20,0.733,3,0.6,"p0=0.60"
401220338,2020,0.582,37,34,0.999,3,0.6,"p0=0.60"
401220339,2020,0.781,33,26,0.501,7,0.8,"p0=0.80"
401220340,2020,0.684,30,15,0.316,5,0.7,"p0=0.70"
401220341,2020,0.587,32,30,0.978,3,0.6,"p0=0.60"
401220342,2020,0.698,31,34,0.88,5,0.7,"p0=0.70"
401220343,2020,0.679,23,26,0.78,5,0.7,"p0=0.70"
401220345,2020,0.541,20,23,0.776,2,0.55,"p0=0.55"
401220346,2020,0.559,23,16,0.583,2,0.55,"p0=0.55"
401220347,2020,0.511,20,17,0.715,1,0.5,"p0=0.50"
401220348,2020,0.848,17,9,0.517,8,0.85,"p0=0.85"
401220349,2020,0.69,24,3,0.31,5,0.7,"p0=0.70"
401220350,2020,0.93,20,23,0.941,10,0.95,"p0=0.95"
401220351,2020,0.7,24,10,0.345,5,0.7,"p0=0.70"
401220352,2020,0.694,20,24,0.904,5,0.7,"p0=0.70"
401220353,2020,0.532,24,16,0.596,2,0.55,"p0=0.55"
401220355,2020,0.779,20,25,0.833,7,0.8,"p0=0.80"
401220356,2020,0.669,15,23,0.818,4,0.65,"p0=0.65"
401220357,2020,0.565,24,34,0.744,2,0.55,"p0=0.55"
401220358,2020,0.8,17,43,0.805,7,0.8,"p0=0.80"
401220359,2020,0.6,17,34,0.704,3,0.6,"p0=0.60"
401220360,2020,0.599,28,21,0.498,3,0.6,"p0=0.60"
401220361,2020,0.507,37,27,0.63,1,0.5,"p0=0.50"
401220362,2020,0.501,20,9,0.687,1,0.5,"p0=0.50"
401220363,2020,0.608,38,31,0.62,3,0.6,"p0=0.60"
401220364,2020,0.863,12,17,0.917,8,0.85,"p0=0.85"
401220365,2020,0.619,35,30,0.691,3,0.6,"p0=0.60"
401220366,2020,0.863,40,3,0.191,8,0.85,"p0=0.85"
401220367,2020,0.659,27,26,0.987,4,0.65,"p0=0.65"
401220368,2020,0.646,23,46,0.649,4,0.65,"p0=0.65"
401220369,2020,0.593,34,23,0.671,3,0.6,"p0=0.60"
401220370,2020,0.53,30,34,0.725,2,0.55,"p0=0.55"
401249063,2020,0.522,24,27,0.502,1,0.5,"p0=0.50"
401220114,2021,0.698,56,26,0.533,5,0.7,"p0=0.70"
401220132,2021,0.732,28,14,0.712,6,0.75,"p0=0.75"
401220154,2021,0.742,3,38,0.288,6,0.75,"p0=0.75"
401220164,2021,0.556,24,22,0.606,2,0.55,"p0=0.55"
401220180,2021,0.583,38,41,0.86,3,0.6,"p0=0.60"
401220187,2021,0.854,28,14,0.246,8,0.85,"p0=0.85"
401220211,2021,0.536,31,32,0.955,2,0.55,"p0=0.55"
401220220,2021,0.657,21,38,0.823,4,0.65,"p0=0.65"
401220250,2021,0.597,23,19,0.626,3,0.6,"p0=0.60"
401220260,2021,0.605,14,20,0.684,3,0.6,"p0=0.60"
401220275,2021,0.66,16,35,0.603,4,0.65,"p0=0.65"
401220284,2021,0.684,35,37,0.62,5,0.7,"p0=0.70"
401220315,2021,0.729,7,33,0.426,6,0.75,"p0=0.75"
401220328,2021,0.744,44,27,0.397,6,0.75,"p0=0.75"
401220344,2021,0.557,18,7,0.729,2,0.55,"p0=0.55"
401220354,2021,0.603,23,26,0.888,3,0.6,"p0=0.60"
401326127,2021,0.5617,30,29,0.9028,2,0.55,"p0=0.55"
401326128,2021,0.6033,26,7,0.6812,3,0.6,"p0=0.60"
401326129,2021,0.5444,20,17,0.4815,2,0.55,"p0=0.55"
401326130,2021,0.798,31,21,0.5808,7,0.8,"p0=0.80"
401326131,2021,0.5579,24,27,0.767,2,0.55,"p0=0.55"
401326132,2021,0.6306,13,23,0.6309,4,0.65,"p0=0.65"
401326308,2021,0.68,16,23,0.8937,5,0.7,"p0=0.70"
401326309,2021,0.6588,19,14,0.4147,4,0.65,"p0=0.65"
401326310,2021,0.521,37,21,0.5634,1,0.5,"p0=0.50"
401326311,2021,0.6372,13,38,0.6372,4,0.65,"p0=0.65"
401326312,2021,0.5946,16,20,0.7754,3,0.6,"p0=0.60"
401326313,2021,0.6009,16,17,0.7073,3,0.6,"p0=0.60"
401326314,2021,0.6777,33,29,0.8685,5,0.7,"p0=0.70"
401326315,2021,0.6336,6,32,0.7227,4,0.65,"p0=0.65"
401326316,2021,0.5296,27,24,0.7962,2,0.55,"p0=0.55"
401326317,2021,0.6167,33,41,0.4609,3,0.6,"p0=0.60"
401326318,2021,0.5287,16,28,0.6212,2,0.55,"p0=0.55"
401326319,2021,0.553,38,3,0.5718,2,0.55,"p0=0.55"
401326320,2021,0.5318,13,27,0.6831,2,0.55,"p0=0.55"
401326321,2021,0.5733,33,27,0.9425,2,0.55,"p0=0.55"
401326322,2021,0.7008,31,29,0.8342,5,0.7,"p0=0.70"
401326323,2021,0.7129,34,14,0.3902,5,0.7,"p0=0.70"
401326324,2021,0.5701,27,20,0.4699,2,0.55,"p0=0.55"
401326325,2021,0.6113,23,20,0.8566,3,0.6,"p0=0.60"
401326353,2021,0.5043,0,35,0.4957,1,0.5,"p0=0.50"
401326354,2021,0.6516,6,25,0.4141,4,0.65,"p0=0.65"
401326355,2021,0.53,11,17,0.7468,2,0.55,"p0=0.55"
401326356,2021,0.6482,17,26,0.6633,4,0.65,"p0=0.65"
401326357,2021,0.6145,34,33,0.8477,3,0.6,"p0=0.60"
401326358,2021,0.7859,48,25,0.3284,7,0.8,"p0=0.80"
401326359,2021,0.5034,17,20,0.6716,1,0.5,"p0=0.50"
401326360,2021,0.7087,30,33,0.9585,5,0.7,"p0=0.70"
401326361,2021,0.5601,36,35,0.9156,2,0.55,"p0=0.55"
401326362,2021,0.6746,35,17,0.6074,4,0.65,"p0=0.65"
401326363,2021,0.6255,9,24,0.4969,4,0.65,"p0=0.65"
401326364,2021,0.7171,43,21,0.3246,5,0.7,"p0=0.70"
401326365,2021,0.7177,26,6,0.4452,5,0.7,"p0=0.70"
401326366,2021,0.7152,17,19,0.999,5,0.7,"p0=0.70"
401326367,2021,0.6597,19,31,0.7863,4,0.65,"p0=0.65"
401326368,2021,0.7293,24,30,0.7885,6,0.75,"p0=0.75"
401326369,2021,0.5862,13,28,0.6858,3,0.6,"p0=0.60"
401326370,2021,0.6353,14,17,0.8296,4,0.65,"p0=0.65"
401326371,2021,0.6325,10,24,0.6327,4,0.65,"p0=0.65"
401326372,2021,0.5587,25,16,0.5384,2,0.55,"p0=0.55"
401326373,2021,0.7703,26,0,0.261,6,0.75,"p0=0.75"
401326374,2021,0.6282,31,28,0.811,4,0.65,"p0=0.65"
401326375,2021,0.5558,34,24,0.5229,2,0.55,"p0=0.55"
401326376,2021,0.5028,30,17,0.753,1,0.5,"p0=0.50"
401326377,2021,0.6167,28,30,0.911,3,0.6,"p0=0.60"
401326378,2021,0.6746,41,21,0.3943,4,0.65,"p0=0.65"
401326379,2021,0.6929,24,21,0.888,5,0.7,"p0=0.70"
401326380,2021,0.5188,30,34,0.882,1,0.5,"p0=0.50"
401326381,2021,0.8627,40,0,0.2269,8,0.85,"p0=0.85"
401326382,2021,0.5623,24,14,0.5153,2,0.55,"p0=0.55"
401326383,2021,0.5794,36,28,0.5914,3,0.6,"p0=0.60"
401326384,2021,0.5388,17,27,0.6949,2,0.55,"p0=0.55"
401326385,2021,0.5153,7,14,0.7277,1,0.5,"p0=0.50"
401326386,2021,0.7403,21,27,0.999,6,0.75,"p0=0.75"
401326387,2021,0.6546,27,24,0.8485,4,0.65,"p0=0.65"
401326388,2021,0.6725,30,42,0.4972,4,0.65,"p0=0.65"
401326389,2021,0.6106,20,37,0.7587,3,0.6,"p0=0.60"
401326390,2021,0.5649,21,28,0.8226,2,0.55,"p0=0.55"
401326391,2021,0.5488,7,23,0.6941,2,0.55,"p0=0.55"
401326392,2021,0.6143,27,17,0.5643,3,0.6,"p0=0.60"
401326393,2021,0.5672,17,19,0.6588,2,0.55,"p0=0.55"
401326394,2021,0.6014,28,14,0.4168,3,0.6,"p0=0.60"
401326395,2021,0.5005,17,26,0.7628,1,0.5,"p0=0.50"
401326396,2021,0.6484,18,21,0.9156,4,0.65,"p0=0.65"
401326397,2021,0.5374,22,25,0.8028,2,0.55,"p0=0.55"
401326398,2021,0.6925,22,25,0.8914,5,0.7,"p0=0.70"
401326399,2021,0.6137,19,37,0.4287,3,0.6,"p0=0.60"
401326400,2021,0.7376,19,17,0.842,6,0.75,"p0=0.75"
401326401,2021,0.5101,27,19,0.5422,1,0.5,"p0=0.50"
401326402,2021,0.7508,45,17,0.3717,6,0.75,"p0=0.75"
401326403,2021,0.5709,22,33,0.6583,2,0.55,"p0=0.55"
401326404,2021,0.5498,47,42,0.954,2,0.55,"p0=0.55"
401326405,2021,0.6373,9,20,0.7642,4,0.65,"p0=0.65"
401326406,2021,0.6423,17,10,0.4072,4,0.65,"p0=0.65"
401326407,2021,0.7304,44,20,0.3766,6,0.75,"p0=0.75"
401326408,2021,0.5082,20,38,0.59,1,0.5,"p0=0.50"
401326409,2021,0.6691,31,25,0.9838,4,0.65,"p0=0.65"
401326410,2021,0.7122,22,28,0.4119,5,0.7,"p0=0.70"
401326411,2021,0.5888,34,6,0.5035,3,0.6,"p0=0.60"
401326412,2021,0.5453,28,34,0.7111,2,0.55,"p0=0.55"
401326413,2021,0.5914,14,24,0.6791,3,0.6,"p0=0.60"
401326414,2021,0.5635,11,34,0.4432,2,0.55,"p0=0.55"
401326415,2021,0.7145,31,3,0.3419,5,0.7,"p0=0.70"
401326416,2021,0.6589,11,38,0.467,4,0.65,"p0=0.65"
401326417,2021,0.6583,13,31,0.6237,4,0.65,"p0=0.65"
401326418,2021,0.5208,14,37,0.5899,1,0.5,"p0=0.50"
401326419,2021,0.6289,24,34,0.6289,4,0.65,"p0=0.65"
401326420,2021,0.5603,29,35,0.8504,2,0.55,"p0=0.55"
401326421,2021,0.595,23,20,0.71,3,0.6,"p0=0.60"
401326422,2021,0.7175,34,31,0.8408,5,0.7,"p0=0.70"
401326423,2021,0.5545,17,14,0.4455,2,0.55,"p0=0.55"
401326424,2021,0.6844,17,41,0.7744,5,0.7,"p0=0.70"
401326425,2021,0.7225,24,10,0.4104,5,0.7,"p0=0.70"
401326426,2021,0.5068,28,30,0.764,1,0.5,"p0=0.50"
401326427,2021,0.7107,54,13,0.3065,5,0.7,"p0=0.70"
401326428,2021,0.5679,25,3,0.6482,2,0.55,"p0=0.55"
401326429,2021,0.5925,27,3,0.5925,3,0.6,"p0=0.60"
401326430,2021,0.8649,28,19,0.4705,8,0.85,"p0=0.85"
401326431,2021,0.6027,33,22,0.6362,3,0.6,"p0=0.60"
401326432,2021,0.8859,31,5,0.2856,9,0.9,"p0=0.90"
401326433,2021,0.8129,38,3,0.1871,7,0.8,"p0=0.80"
401326434,2021,0.6542,18,30,0.8639,4,0.65,"p0=0.65"
401326435,2021,0.5912,10,13,0.705,3,0.6,"p0=0.60"
401326436,2021,0.6754,21,24,0.829,5,0.7,"p0=0.70"
401326437,2021,0.5133,13,19,0.7238,1,0.5,"p0=0.50"
401326438,2021,0.8791,26,11,0.4029,9,0.9,"p0=0.90"
401326439,2021,0.593,22,33,0.8362,3,0.6,"p0=0.60"
401326440,2021,0.563,10,15,0.7949,2,0.55,"p0=0.55"
401326441,2021,0.5692,6,44,0.5458,2,0.55,"p0=0.55"
401326442,2021,0.8414,22,38,0.1863,8,0.85,"p0=0.85"
401326443,2021,0.538,31,34,0.8877,2,0.55,"p0=0.55"
401326444,2021,0.7659,34,31,0.9877,6,0.75,"p0=0.75"
401326445,2021,0.62,24,27,0.7467,3,0.6,"p0=0.60"
401326446,2021,0.7065,31,7,0.3486,5,0.7,"p0=0.70"
401326447,2021,0.6912,17,10,0.6733,5,0.7,"p0=0.70"
401326448,2021,0.6421,36,27,0.759,4,0.65,"p0=0.65"
401326449,2021,0.548,16,20,0.8627,2,0.55,"p0=0.55"
401326450,2021,0.7471,20,17,0.5918,6,0.75,"p0=0.75"
401326451,2021,0.7883,45,30,0.2413,7,0.8,"p0=0.80"
401326452,2021,0.6362,34,31,0.8742,4,0.65,"p0=0.65"
401326453,2021,0.5598,6,24,0.6085,2,0.55,"p0=0.55"
401326454,2021,0.5324,16,41,0.6558,2,0.55,"p0=0.55"
401326455,2021,0.6986,16,30,0.7565,5,0.7,"p0=0.70"
401326456,2021,0.8663,9,6,0.8891,8,0.85,"p0=0.85"
401326457,2021,0.7368,17,9,0.3783,6,0.75,"p0=0.75"
401326458,2021,0.6934,25,27,0.7457,5,0.7,"p0=0.70"
401326459,2021,0.5444,23,16,0.7054,2,0.55,"p0=0.55"
401326460,2021,0.5061,24,27,0.676,1,0.5,"p0=0.50"
401326461,2021,0.5841,13,7,0.4159,3,0.6,"p0=0.60"
401326462,2021,0.5268,17,31,0.5966,2,0.55,"p0=0.55"
401326463,2021,0.7125,16,28,0.7901,5,0.7,"p0=0.70"
401326464,2021,0.6816,29,27,0.6603,5,0.7,"p0=0.70"
401326465,2021,0.6362,22,10,0.7592,4,0.65,"p0=0.65"
401326466,2021,0.7489,43,3,0.298,6,0.75,"p0=0.75"
401326467,2021,0.7816,23,17,0.4175,7,0.8,"p0=0.80"
401326468,2021,0.5671,45,7,0.6946,2,0.55,"p0=0.55"
401326469,2021,0.8292,17,45,0.1953,8,0.85,"p0=0.85"
401326471,2021,0.6034,23,21,0.5636,3,0.6,"p0=0.60"
401326472,2021,0.7797,29,19,0.7797,7,0.8,"p0=0.80"
401326473,2021,0.7643,10,34,0.7643,6,0.75,"p0=0.75"
401326474,2021,0.5917,20,27,0.7725,3,0.6,"p0=0.60"
401326475,2021,0.635,13,30,0.7529,4,0.65,"p0=0.65"
401326476,2021,0.5508,17,0,0.6148,2,0.55,"p0=0.55"
401326477,2021,0.5261,14,41,0.5826,2,0.55,"p0=0.55"
401326478,2021,0.6009,31,10,0.6012,3,0.6,"p0=0.60"
401326479,2021,0.693,0,25,0.3799,5,0.7,"p0=0.70"
401326480,2021,0.7643,15,41,0.7712,6,0.75,"p0=0.75"
401326481,2021,0.6284,21,27,0.8145,4,0.65,"p0=0.65"
401326482,2021,0.5162,13,16,0.9321,1,0.5,"p0=0.50"
401326483,2021,0.8176,13,10,0.5987,7,0.8,"p0=0.80"
401326484,2021,0.6439,10,30,0.3999,4,0.65,"p0=0.65"
401326485,2021,0.5446,34,31,0.6489,2,0.55,"p0=0.55"
401326486,2021,0.6044,17,24,0.6223,3,0.6,"p0=0.60"
401326487,2021,0.5161,40,29,0.5793,1,0.5,"p0=0.50"
401326488,2021,0.8302,13,22,0.8406,8,0.85,"p0=0.85"
401326489,2021,0.5009,13,32,0.6583,1,0.5,"p0=0.50"
401326490,2021,0.5065,19,9,0.5065,1,0.5,"p0=0.50"
401326491,2021,0.5633,13,23,0.5823,2,0.55,"p0=0.55"
401326492,2021,0.6453,41,37,0.7085,4,0.65,"p0=0.65"
401326493,2021,0.7855,30,10,0.3216,7,0.8,"p0=0.80"
401326494,2021,0.5632,14,16,0.7165,2,0.55,"p0=0.55"
401326495,2021,0.7518,33,36,0.7709,6,0.75,"p0=0.75"
401326496,2021,0.6164,6,31,0.3836,3,0.6,"p0=0.60"
401326497,2021,0.5456,41,10,0.5073,2,0.55,"p0=0.55"
401326498,2021,0.5608,14,21,0.8562,2,0.55,"p0=0.55"
401326499,2021,0.603,31,38,0.8302,3,0.6,"p0=0.60"
401326500,2021,0.5221,14,21,0.5865,1,0.5,"p0=0.50"
401326501,2021,0.5078,33,10,0.5868,1,0.5,"p0=0.50"
401326502,2021,0.6743,36,13,0.47,4,0.65,"p0=0.65"
401326503,2021,0.5617,13,7,0.6556,2,0.55,"p0=0.55"
401326504,2021,0.5456,28,13,0.5168,2,0.55,"p0=0.55"
401326505,2021,0.5156,36,28,0.5009,1,0.5,"p0=0.50"
401326506,2021,0.5962,34,26,0.6944,3,0.6,"p0=0.60"
401326507,2021,0.6174,16,10,0.5385,3,0.6,"p0=0.60"
401326508,2021,0.5064,17,15,0.7024,1,0.5,"p0=0.50"
401326509,2021,0.5476,17,27,0.5619,2,0.55,"p0=0.55"
401326510,2021,0.7935,17,30,0.4417,7,0.8,"p0=0.80"
401326511,2021,0.748,22,33,0.252,6,0.75,"p0=0.75"
401326512,2021,0.5447,22,41,0.6225,2,0.55,"p0=0.55"
401326513,2021,0.6795,29,27,0.8772,5,0.7,"p0=0.70"
401326514,2021,0.7583,0,31,0.2417,6,0.75,"p0=0.75"
401326515,2021,0.6839,22,9,0.3161,5,0.7,"p0=0.70"
401326516,2021,0.6809,20,9,0.5069,5,0.7,"p0=0.70"
401326517,2021,0.6745,18,33,0.534,4,0.65,"p0=0.65"
401326518,2021,0.6192,15,17,0.866,3,0.6,"p0=0.60"
401326519,2021,0.8563,37,7,0.2444,8,0.85,"p0=0.85"
401326520,2021,0.5704,20,19,0.8461,2,0.55,"p0=0.55"
401326521,2021,0.5203,30,23,0.836,1,0.5,"p0=0.50"
401326522,2021,0.6442,10,14,0.7426,4,0.65,"p0=0.65"
401326523,2021,0.6245,36,28,0.6782,3,0.6,"p0=0.60"
401326524,2021,0.6767,21,29,0.8131,5,0.7,"p0=0.70"
401326525,2021,0.5176,23,26,0.5416,1,0.5,"p0=0.50"
401326526,2021,0.5365,24,22,0.6074,2,0.55,"p0=0.55"
401326527,2021,0.7231,13,33,0.5983,5,0.7,"p0=0.70"
401326528,2021,0.7202,48,9,0.2798,5,0.7,"p0=0.70"
401326529,2021,0.7085,9,30,0.429,5,0.7,"p0=0.70"
401326530,2021,0.8119,20,0,0.6376,7,0.8,"p0=0.80"
401326531,2021,0.63,20,27,0.4351,4,0.65,"p0=0.65"
401326532,2021,0.7617,38,10,0.3453,6,0.75,"p0=0.75"
401326533,2021,0.7805,37,21,0.2687,7,0.8,"p0=0.80"
401326534,2021,0.5769,33,27,0.6803,3,0.6,"p0=0.60"
401326535,2021,0.811,45,30,0.6375,7,0.8,"p0=0.80"
401326536,2021,0.5942,23,30,0.7236,3,0.6,"p0=0.60"
401326537,2021,0.5153,28,34,0.9308,1,0.5,"p0=0.50"
401326538,2021,0.8046,31,14,0.2857,7,0.8,"p0=0.80"
401326539,2021,0.6236,14,16,0.8328,3,0.6,"p0=0.60"
401326540,2021,0.5365,27,17,0.6502,2,0.55,"p0=0.55"
401326541,2021,0.8135,31,24,0.6729,7,0.8,"p0=0.80"
401326542,2021,0.708,27,17,0.6696,5,0.7,"p0=0.70"
401326543,2021,0.6223,30,31,0.6864,3,0.6,"p0=0.60"
401326544,2021,0.8089,30,12,0.8321,7,0.8,"p0=0.80"
401326545,2021,0.6242,16,30,0.6708,3,0.6,"p0=0.60"
401326546,2021,0.7002,6,21,0.4344,5,0.7,"p0=0.70"
401326547,2021,0.52,19,13,0.8932,1,0.5,"p0=0.50"
401326548,2021,0.6082,10,15,0.6913,3,0.6,"p0=0.60"
401326549,2021,0.7673,31,13,0.4479,6,0.75,"p0=0.75"
401326550,2021,0.6801,20,10,0.6916,5,0.7,"p0=0.70"
401326551,2021,0.7575,0,9,0.7981,6,0.75,"p0=0.75"
401326552,2021,0.6371,9,17,0.4715,4,0.65,"p0=0.65"
401326553,2021,0.5119,20,17,0.8203,1,0.5,"p0=0.50"
401326554,2021,0.6875,24,22,0.5592,5,0.7,"p0=0.70"
401326555,2021,0.6295,16,22,0.6854,4,0.65,"p0=0.65"
401326556,2021,0.6781,20,16,0.6568,5,0.7,"p0=0.70"
401326557,2021,0.739,6,32,0.4424,6,0.75,"p0=0.75"
401326558,2021,0.6056,41,21,0.5559,3,0.6,"p0=0.60"
401326559,2021,0.7973,41,29,0.8471,7,0.8,"p0=0.80"
401326560,2021,0.5746,23,30,0.4686,2,0.55,"p0=0.55"
401326561,2021,0.5178,21,33,0.5287,1,0.5,"p0=0.50"
401326562,2021,0.5263,26,21,0.6066,2,0.55,"p0=0.55"
401326563,2021,0.6887,34,10,0.7436,5,0.7,"p0=0.70"
401326564,2021,0.7271,24,25,0.9602,6,0.75,"p0=0.75"
401326565,2021,0.7566,36,10,0.2434,6,0.75,"p0=0.75"
401326566,2021,0.5423,17,13,0.6967,2,0.55,"p0=0.55"
401326567,2021,0.7519,56,14,0.3445,6,0.75,"p0=0.75"
401326568,2021,0.6277,3,20,0.6909,4,0.65,"p0=0.65"
401326569,2022,0.876,29,15,0.4078,9,0.9,"p0=0.90"
401326570,2022,0.6186,29,3,0.3814,3,0.6,"p0=0.60"
401326571,2022,0.6125,34,31,0.892,3,0.6,"p0=0.60"
401326572,2022,0.5727,22,25,0.5727,2,0.55,"p0=0.55"
401326573,2022,0.7368,20,23,0.8089,6,0.75,"p0=0.75"
401326574,2022,0.8794,50,10,0.1497,9,0.9,"p0=0.90"
401326575,2022,0.6698,18,10,0.6358,4,0.65,"p0=0.65"
401326576,2022,0.8846,24,28,0.999,9,0.9,"p0=0.90"
401326577,2022,0.6253,34,3,0.4452,4,0.65,"p0=0.65"
401326578,2022,0.5834,16,20,0.7641,3,0.6,"p0=0.60"
401326579,2022,0.5987,34,13,0.4489,3,0.6,"p0=0.60"
401326580,2022,0.8376,23,7,0.6096,8,0.85,"p0=0.85"
401326581,2022,0.6167,19,20,0.8714,3,0.6,"p0=0.60"
401326582,2022,0.8319,51,29,0.2536,8,0.85,"p0=0.85"
401326583,2022,0.7776,37,10,0.2784,7,0.8,"p0=0.80"
401326584,2022,0.5417,26,14,0.645,2,0.55,"p0=0.55"
401326585,2022,0.624,20,30,0.4043,3,0.6,"p0=0.60"
401326586,2022,0.5699,13,16,0.8866,2,0.55,"p0=0.55"
401326587,2022,0.9239,27,10,0.3187,9,0.9,"p0=0.90"
401326588,2022,0.5473,21,16,0.5482,2,0.55,"p0=0.55"
401326589,2022,0.7981,37,30,0.8956,7,0.8,"p0=0.80"
401326590,2022,0.7453,25,28,0.4536,6,0.75,"p0=0.75"
401326591,2022,0.7911,26,11,0.7955,7,0.8,"p0=0.80"
401326592,2022,0.6682,33,24,0.6752,4,0.65,"p0=0.65"
401326593,2022,0.6595,31,17,0.8681,4,0.65,"p0=0.65"
401326594,2022,0.5846,7,22,0.4783,3,0.6,"p0=0.60"
401326595,2022,0.5672,26,51,0.6341,2,0.55,"p0=0.55"
401326596,2022,0.8505,41,17,0.544,8,0.85,"p0=0.85"
401326597,2022,0.6506,30,38,0.8601,4,0.65,"p0=0.65"
401326598,2022,0.6497,24,28,0.692,4,0.65,"p0=0.65"
401326599,2022,0.6179,24,27,0.999,3,0.6,"p0=0.60"
401326600,2022,0.5835,35,32,0.8917,3,0.6,"p0=0.60"
401434030,2022,0.5588,27,24,0.8724,2,0.55,"p0=0.55"
401435638,2022,0.6692,21,16,0.4313,4,0.65,"p0=0.65"
401435639,2022,0.5677,25,28,0.6631,2,0.55,"p0=0.55"
401435640,2022,0.8794,22,27,0.9519,9,0.9,"p0=0.90"
401435641,2022,0.5049,17,21,0.8349,1,0.5,"p0=0.50"
401435642,2022,0.8276,10,38,0.2836,8,0.85,"p0=0.85"
401436831,2022,0.7907,41,7,0.3574,7,0.8,"p0=0.80"
401436832,2022,0.6628,24,7,0.3523,4,0.65,"p0=0.65"
401436983,2022,0.5183,51,14,0.5098,1,0.5,"p0=0.50"
401437131,2022,0.6557,31,28,0.9604,4,0.65,"p0=0.65"
401437470,2022,0.6481,31,41,0.6481,4,0.65,"p0=0.65"
401437605,2022,0.7504,27,7,0.2574,6,0.75,"p0=0.75"
401437606,2022,0.8737,27,10,0.2483,8,0.85,"p0=0.85"
401437607,2022,0.5851,12,14,0.6477,3,0.6,"p0=0.60"
401437630,2022,0.5193,20,7,0.5635,1,0.5,"p0=0.50"
401437631,2022,0.5611,26,37,0.6905,2,0.55,"p0=0.55"
401437632,2022,0.7424,9,24,0.5328,6,0.75,"p0=0.75"
401437633,2022,0.7121,38,42,0.999,5,0.7,"p0=0.70"
401437634,2022,0.7774,20,23,0.9668,7,0.8,"p0=0.80"
401437635,2022,0.7611,30,31,0.999,6,0.75,"p0=0.75"
401437636,2022,0.5211,14,17,0.5238,1,0.5,"p0=0.50"
401437638,2022,0.5683,20,17,0.8943,2,0.55,"p0=0.55"
401437639,2022,0.5694,24,0,0.6041,2,0.55,"p0=0.55"
401437640,2022,0.7624,20,21,0.9353,6,0.75,"p0=0.75"
401437641,2022,0.7446,16,9,0.592,6,0.75,"p0=0.75"
401437642,2022,0.6343,23,29,1,4,0.65,"p0=0.65"
401437643,2022,0.6171,24,19,0.5063,3,0.6,"p0=0.60"
401437644,2022,0.6111,3,19,0.4587,3,0.6,"p0=0.60"
401437645,2022,0.5941,19,16,0.7681,3,0.6,"p0=0.60"
401437646,2022,0.6084,28,22,0.8547,3,0.6,"p0=0.60"
401437647,2022,0.6797,19,10,0.8968,5,0.7,"p0=0.70"
401437648,2022,0.6553,35,38,0.5486,4,0.65,"p0=0.65"
401437649,2022,0.6376,23,7,0.7067,4,0.65,"p0=0.65"
401437650,2022,0.7188,26,27,0.999,5,0.7,"p0=0.70"
401437651,2022,0.6318,24,26,0.7273,4,0.65,"p0=0.65"
401437652,2022,0.7137,10,20,0.582,5,0.7,"p0=0.70"
401437653,2022,0.5903,21,44,0.4097,3,0.6,"p0=0.60"
401437654,2022,0.563,10,31,0.5948,2,0.55,"p0=0.55"
401437655,2022,0.6569,17,16,0.6754,4,0.65,"p0=0.65"
401437732,2022,0.5852,36,27,0.6165,3,0.6,"p0=0.60"
401437733,2022,0.8309,31,27,0.3442,8,0.85,"p0=0.85"
401437734,2022,0.8221,20,17,0.8349,7,0.8,"p0=0.80"
401437735,2022,0.5843,29,17,0.566,3,0.6,"p0=0.60"
401437736,2022,0.5165,22,14,0.5611,1,0.5,"p0=0.50"
401437737,2022,0.5154,23,20,0.6697,1,0.5,"p0=0.50"
401437738,2022,0.5447,21,19,0.7484,2,0.55,"p0=0.55"
401437739,2022,0.6446,28,24,0.9322,4,0.65,"p0=0.65"
401437740,2022,0.773,12,27,0.2836,6,0.75,"p0=0.75"
401437741,2022,0.5947,24,22,0.6224,3,0.6,"p0=0.60"
401437742,2022,0.6378,8,24,0.4003,4,0.65,"p0=0.65"
401437743,2022,0.7731,10,38,0.8039,6,0.75,"p0=0.75"
401437744,2022,0.5029,12,20,0.4971,1,0.5,"p0=0.50"
401437745,2022,0.5189,23,27,0.6897,1,0.5,"p0=0.50"
401437746,2022,0.5162,11,10,0.7797,1,0.5,"p0=0.50"
401437747,2022,0.5644,16,23,0.7586,2,0.55,"p0=0.55"
401437748,2022,0.721,27,15,0.5422,5,0.7,"p0=0.70"
401437749,2022,0.5091,23,20,0.6403,1,0.5,"p0=0.50"
401437750,2022,0.5441,20,23,0.9363,2,0.55,"p0=0.55"
401437751,2022,0.5436,25,10,0.5889,2,0.55,"p0=0.55"
401437752,2022,0.6411,45,48,0.6664,4,0.65,"p0=0.65"
401437753,2022,0.6782,24,34,0.391,5,0.7,"p0=0.70"
401437754,2022,0.6279,17,24,0.6536,4,0.65,"p0=0.65"
401437755,2022,0.6804,20,12,0.4718,5,0.7,"p0=0.70"
401437756,2022,0.6645,29,21,0.7945,4,0.65,"p0=0.65"
401437757,2022,0.6507,20,24,0.9217,4,0.65,"p0=0.65"
401437758,2022,0.5469,16,26,0.8083,2,0.55,"p0=0.55"
401437759,2022,0.8955,27,24,0.7747,9,0.9,"p0=0.90"
401437760,2022,0.596,32,23,0.5458,3,0.6,"p0=0.60"
401437761,2022,0.6241,24,9,0.6922,3,0.6,"p0=0.60"
401437762,2022,0.6015,9,12,0.9907,3,0.6,"p0=0.60"
401437763,2022,0.8419,38,3,0.2105,8,0.85,"p0=0.85"
401437764,2022,0.5221,28,30,0.8203,1,0.5,"p0=0.50"
401437765,2022,0.729,6,13,0.8102,6,0.75,"p0=0.75"
401437766,2022,0.7516,29,22,0.5093,6,0.75,"p0=0.75"
401437767,2022,0.5431,29,0,0.4815,2,0.55,"p0=0.55"
401437768,2022,0.7292,39,32,0.5635,6,0.75,"p0=0.75"
401437769,2022,0.5687,40,17,0.603,2,0.55,"p0=0.55"
401437770,2022,0.873,21,15,0.2258,8,0.85,"p0=0.85"
401437771,2022,0.6488,17,21,0.8355,4,0.65,"p0=0.65"
401437772,2022,0.5008,15,37,0.5308,1,0.5,"p0=0.50"
401437773,2022,0.5228,17,20,0.4772,1,0.5,"p0=0.50"
401437774,2022,0.7779,10,22,0.7779,7,0.8,"p0=0.80"
401437775,2022,0.5094,19,17,0.6088,1,0.5,"p0=0.50"
401437776,2022,0.7193,30,29,0.8202,5,0.7,"p0=0.70"
401437777,2022,0.5171,7,12,0.6897,1,0.5,"p0=0.50"
401437778,2022,0.517,28,14,0.5386,1,0.5,"p0=0.50"
401437779,2022,0.7628,15,38,0.7784,6,0.75,"p0=0.75"
401437780,2022,0.8261,10,27,0.8261,8,0.85,"p0=0.85"
401437781,2022,0.5974,34,27,0.8462,3,0.6,"p0=0.60"
401437782,2022,0.6394,16,24,0.5688,4,0.65,"p0=0.65"
401437783,2022,0.6051,26,30,0.7858,3,0.6,"p0=0.60"
401437784,2022,0.6314,24,20,0.9029,4,0.65,"p0=0.65"
401437785,2022,0.8275,20,18,0.8275,8,0.85,"p0=0.85"
401437786,2022,0.7587,24,10,0.5132,6,0.75,"p0=0.75"
401437787,2022,0.6467,19,9,0.7502,4,0.65,"p0=0.65"
401437788,2022,0.5857,20,24,0.793,3,0.6,"p0=0.60"
401437789,2022,0.7561,26,17,0.2887,6,0.75,"p0=0.75"
401437790,2022,0.76,19,16,0.679,6,0.75,"p0=0.75"
401437791,2022,0.639,42,34,0.6211,4,0.65,"p0=0.65"
401437792,2022,0.6275,23,20,0.6131,4,0.65,"p0=0.65"
401437793,2022,0.8837,21,3,0.8849,9,0.9,"p0=0.90"
401437794,2022,0.7559,35,17,0.2581,6,0.75,"p0=0.75"
401437795,2022,0.8253,24,6,0.5009,8,0.85,"p0=0.85"
401437796,2022,0.7294,17,23,0.8491,6,0.75,"p0=0.75"
401437797,2022,0.5027,19,10,0.5513,1,0.5,"p0=0.50"
401437798,2022,0.6834,23,21,0.8584,5,0.7,"p0=0.70"
401437799,2022,0.7139,9,16,0.479,5,0.7,"p0=0.70"
401437800,2022,0.8168,38,20,0.5183,7,0.8,"p0=0.80"
401437801,2022,0.7431,23,37,0.8082,6,0.75,"p0=0.75"
401437802,2022,0.6484,23,44,0.6028,4,0.65,"p0=0.65"
401437803,2022,0.7262,16,10,0.3577,6,0.75,"p0=0.75"
401437804,2022,0.8217,14,33,0.8217,7,0.8,"p0=0.80"
401437805,2022,0.5492,22,27,0.794,2,0.55,"p0=0.55"
401437806,2022,0.6846,37,34,0.9503,5,0.7,"p0=0.70"
401437807,2022,0.8528,49,29,0.1953,8,0.85,"p0=0.85"
401437808,2022,0.6709,27,31,0.7337,4,0.65,"p0=0.65"
401437809,2022,0.5912,34,26,0.5633,3,0.6,"p0=0.60"
401437810,2022,0.6041,24,0,0.6202,3,0.6,"p0=0.60"
401437811,2022,0.5209,17,22,0.7314,1,0.5,"p0=0.50"
401437812,2022,0.8627,35,13,0.1794,8,0.85,"p0=0.85"
401437813,2022,0.5888,10,17,0.6895,3,0.6,"p0=0.60"
401437814,2022,0.512,16,17,0.9147,1,0.5,"p0=0.50"
401437815,2022,0.5297,14,31,0.7045,2,0.55,"p0=0.55"
401437816,2022,0.593,27,13,0.505,3,0.6,"p0=0.60"
401437817,2022,0.8311,27,17,0.3067,8,0.85,"p0=0.85"
401437818,2022,0.6978,32,13,0.7434,5,0.7,"p0=0.70"
401437819,2022,0.8418,17,29,0.356,8,0.85,"p0=0.85"
401437820,2022,0.5711,17,20,0.8192,2,0.55,"p0=0.55"
401437821,2022,0.6681,32,35,0.4218,4,0.65,"p0=0.65"
401437822,2022,0.7984,42,21,0.2279,7,0.8,"p0=0.80"
401437823,2022,0.7271,15,9,0.8209,6,0.75,"p0=0.75"
401437824,2022,0.504,27,20,0.8782,1,0.5,"p0=0.50"
401437825,2022,0.7792,26,3,0.324,7,0.8,"p0=0.80"
401437826,2022,0.8215,20,17,0.8966,7,0.8,"p0=0.80"
401437827,2022,0.5753,17,20,0.8881,3,0.6,"p0=0.60"
401437828,2022,0.6286,21,31,0.7474,4,0.65,"p0=0.65"
401437829,2022,0.6551,16,13,0.8978,4,0.65,"p0=0.65"
401437830,2022,0.9204,20,17,0.8434,9,0.9,"p0=0.90"
401437831,2022,0.5403,13,27,0.4809,2,0.55,"p0=0.55"
401437832,2022,0.654,25,15,0.654,4,0.65,"p0=0.65"
401437833,2022,0.5692,30,33,0.9757,2,0.55,"p0=0.55"
401437834,2022,0.5967,30,31,0.9544,3,0.6,"p0=0.60"
401437835,2022,0.8421,27,17,0.2303,8,0.85,"p0=0.85"
401437836,2022,0.578,39,17,0.6082,3,0.6,"p0=0.60"
401437837,2022,0.6806,24,16,0.3288,5,0.7,"p0=0.70"
401437838,2022,0.6408,20,10,0.6712,4,0.65,"p0=0.65"
401437839,2022,0.6067,17,10,0.7887,3,0.6,"p0=0.60"
401437840,2022,0.8635,20,25,0.8635,8,0.85,"p0=0.85"
401437841,2022,0.5815,17,27,0.6427,3,0.6,"p0=0.60"
401437842,2022,0.7546,22,16,0.6823,6,0.75,"p0=0.75"
401437843,2022,0.8309,21,32,0.9115,8,0.85,"p0=0.85"
401437844,2022,0.6417,17,27,0.6744,4,0.65,"p0=0.65"
401437845,2022,0.6743,27,24,0.7102,4,0.65,"p0=0.65"
401437846,2022,0.8486,13,3,0.4437,8,0.85,"p0=0.85"
401437847,2022,0.7849,31,23,0.5222,7,0.8,"p0=0.80"
401437848,2022,0.5401,10,23,0.515,2,0.55,"p0=0.55"
401437849,2022,0.6977,16,17,0.8937,5,0.7,"p0=0.70"
401437850,2022,0.5426,10,3,0.6476,2,0.55,"p0=0.55"
401437851,2022,0.5021,27,20,0.6178,1,0.5,"p0=0.50"
401437852,2022,0.6583,18,31,0.7218,4,0.65,"p0=0.65"
401437853,2022,0.6317,16,22,0.9001,4,0.65,"p0=0.65"
401437854,2022,0.7913,27,30,0.8419,7,0.8,"p0=0.80"
401437855,2022,0.5462,3,40,0.4791,2,0.55,"p0=0.55"
401437856,2022,0.799,30,37,0.4968,7,0.8,"p0=0.80"
401437857,2022,0.8275,25,28,0.6765,8,0.85,"p0=0.85"
401437858,2022,0.8771,28,20,0.4692,9,0.9,"p0=0.90"
401437859,2022,0.6292,33,26,0.6726,4,0.65,"p0=0.65"
401437860,2022,0.551,23,10,0.5003,2,0.55,"p0=0.55"
401437861,2022,0.5091,23,17,0.9418,1,0.5,"p0=0.50"
401437862,2022,0.5574,28,27,0.999,2,0.55,"p0=0.55"
401437863,2022,0.8757,30,15,0.1243,9,0.9,"p0=0.90"
401437864,2022,0.7105,31,10,0.494,5,0.7,"p0=0.70"
401437865,2022,0.5898,16,20,0.6963,3,0.6,"p0=0.60"
401437866,2022,0.6003,19,13,0.5976,3,0.6,"p0=0.60"
401437867,2022,0.6446,24,25,0.999,4,0.65,"p0=0.65"
401437868,2022,0.5251,34,40,0.8717,2,0.55,"p0=0.55"
401437869,2022,0.9593,26,10,0.0817,10,0.95,"p0=0.95"
401437870,2022,0.7651,13,0,0.2829,6,0.75,"p0=0.75"
401437871,2022,0.7241,40,33,0.4152,5,0.7,"p0=0.70"
401437872,2022,0.6518,17,24,0.6609,4,0.65,"p0=0.65"
401437873,2022,0.7351,10,24,0.3825,6,0.75,"p0=0.75"
401437874,2022,0.6697,16,19,0.6981,4,0.65,"p0=0.65"
401437875,2022,0.8321,10,9,0.8632,8,0.85,"p0=0.85"
401437876,2022,0.6353,19,28,0.8432,4,0.65,"p0=0.65"
401437877,2022,0.5651,40,14,0.5651,2,0.55,"p0=0.55"
401437878,2022,0.7997,14,27,0.4746,7,0.8,"p0=0.80"
401437879,2022,0.6991,27,22,0.6072,5,0.7,"p0=0.70"
401437881,2022,0.6981,35,10,0.3781,5,0.7,"p0=0.70"
401437882,2022,0.7305,23,27,0.7773,6,0.75,"p0=0.75"
401437883,2022,0.6407,33,17,0.5234,4,0.65,"p0=0.65"
401437884,2022,0.5599,27,24,0.7793,2,0.55,"p0=0.55"
401437885,2022,0.6176,27,20,0.7339,3,0.6,"p0=0.60"
401437886,2022,0.8999,54,19,0.2706,9,0.9,"p0=0.90"
401437887,2022,0.6042,17,16,0.987,3,0.6,"p0=0.60"
401437888,2022,0.7815,17,16,0.994,7,0.8,"p0=0.80"
401437889,2022,0.8258,20,12,0.3923,8,0.85,"p0=0.85"
401437890,2022,0.7081,23,10,0.3942,5,0.7,"p0=0.70"
401437891,2022,0.951,27,23,0.8705,10,0.95,"p0=0.95"
401437892,2022,0.6058,34,23,0.6731,3,0.6,"p0=0.60"
401437893,2022,0.7465,22,48,0.268,6,0.75,"p0=0.75"
401437894,2022,0.5116,14,16,0.6592,1,0.5,"p0=0.50"
401437895,2022,0.5228,22,36,0.747,1,0.5,"p0=0.50"
401437896,2022,0.5325,23,17,0.4675,2,0.55,"p0=0.55"
401437897,2022,0.5027,35,7,0.5027,1,0.5,"p0=0.50"
401437898,2022,0.6876,24,30,0.7132,5,0.7,"p0=0.70"
401437899,2022,0.8715,28,34,0.2584,8,0.85,"p0=0.85"
401437900,2022,0.6475,13,27,0.804,4,0.65,"p0=0.65"
401437901,2022,0.5281,13,21,0.4922,2,0.55,"p0=0.55"
401437902,2022,0.7762,32,29,0.7857,7,0.8,"p0=0.80"
401437903,2022,0.5397,13,3,0.6184,2,0.55,"p0=0.55"
401437904,2022,0.7309,39,36,0.9963,6,0.75,"p0=0.75"
401437905,2022,0.6656,21,18,0.3941,4,0.65,"p0=0.65"
401437906,2022,0.6587,12,20,0.7016,4,0.65,"p0=0.65"
401437907,2022,0.5462,16,24,0.5462,2,0.55,"p0=0.55"
401437908,2022,0.8422,20,25,0.465,8,0.85,"p0=0.85"
401437909,2022,0.848,24,30,0.5866,8,0.85,"p0=0.85"
401437910,2022,0.7753,40,34,0.9674,7,0.8,"p0=0.80"
401437911,2022,0.6551,17,20,0.8927,4,0.65,"p0=0.65"
401437912,2022,0.5559,24,15,0.7163,2,0.55,"p0=0.55"
401437913,2022,0.6025,17,14,0.6908,3,0.6,"p0=0.60"
401437914,2022,0.6717,23,34,0.8968,4,0.65,"p0=0.65"
401437915,2022,0.6331,30,24,0.9795,4,0.65,"p0=0.65"
401437916,2022,0.7815,24,12,0.299,7,0.8,"p0=0.80"
401437917,2022,0.6229,3,19,0.7418,3,0.6,"p0=0.60"
401437918,2022,0.6741,17,9,0.372,4,0.65,"p0=0.65"
401437919,2022,0.5843,37,23,0.6055,3,0.6,"p0=0.60"
401437920,2022,0.8447,13,35,0.4154,8,0.85,"p0=0.85"
401437921,2022,0.6079,10,17,0.8307,3,0.6,"p0=0.60"
401437922,2022,0.8715,24,10,0.1516,8,0.85,"p0=0.85"
401437923,2022,0.6983,27,24,0.6494,5,0.7,"p0=0.70"
401437924,2022,0.6947,18,22,0.6597,5,0.7,"p0=0.70"
401437925,2022,0.5566,14,19,0.7706,2,0.55,"p0=0.55"
401437926,2022,0.692,37,20,0.4961,5,0.7,"p0=0.70"
401437927,2022,0.7521,40,34,0.8193,6,0.75,"p0=0.75"
401437928,2022,0.5486,13,10,0.8383,2,0.55,"p0=0.55"
401437929,2022,0.5879,20,26,0.8465,3,0.6,"p0=0.60"
401437930,2022,0.755,16,19,0.898,6,0.75,"p0=0.75"
401437931,2022,0.7233,3,20,0.3457,5,0.7,"p0=0.70"
401437932,2022,0.9297,13,27,0.216,10,0.95,"p0=0.95"
401437933,2023,0.8186,20,19,0.616,7,0.8,"p0=0.80"
401437934,2023,0.5037,13,16,0.8242,1,0.5,"p0=0.50"
401437935,2023,0.6934,41,10,0.4771,5,0.7,"p0=0.70"
401437936,2023,0.6841,3,31,0.3278,5,0.7,"p0=0.70"
401437937,2023,0.9073,27,24,0.501,9,0.9,"p0=0.90"
401437938,2023,0.6757,23,21,0.6859,5,0.7,"p0=0.70"
401437939,2023,0.8025,38,10,0.3145,7,0.8,"p0=0.80"
401437940,2023,0.6573,10,20,0.6623,4,0.65,"p0=0.65"
401437941,2023,0.5225,30,24,0.8878,1,0.5,"p0=0.50"
401437942,2023,0.5174,10,24,0.6973,1,0.5,"p0=0.50"
401437943,2023,0.8471,34,37,0.6938,8,0.85,"p0=0.85"
401437944,2023,0.6305,23,6,0.3724,4,0.65,"p0=0.65"
401437945,2023,0.6029,41,17,0.5378,3,0.6,"p0=0.60"
401437946,2023,0.766,31,10,0.3777,6,0.75,"p0=0.75"
401437948,2023,0.5265,30,17,0.7297,2,0.55,"p0=0.55"
401437949,2023,0.8107,35,23,0.5239,7,0.8,"p0=0.80"
401437950,2023,0.8446,13,29,0.1554,8,0.85,"p0=0.85"
401437951,2023,0.7514,27,16,0.2591,6,0.75,"p0=0.75"
401437952,2023,0.6708,16,20,0.8024,4,0.65,"p0=0.65"
401437953,2023,0.7378,31,32,0.9729,6,0.75,"p0=0.75"
401437954,2023,0.8488,20,16,0.735,8,0.85,"p0=0.85"
401437955,2023,0.6047,11,6,0.682,3,0.6,"p0=0.60"
401437956,2023,0.6113,7,10,0.8059,3,0.6,"p0=0.60"
401437957,2023,0.9269,22,16,0.0731,10,0.95,"p0=0.95"
401437958,2023,0.5794,28,14,0.6427,3,0.6,"p0=0.60"
401437959,2023,0.8942,26,6,0.8942,9,0.9,"p0=0.90"
401437960,2023,0.7619,31,28,0.8483,6,0.75,"p0=0.75"
401437961,2023,0.8985,13,31,0.1188,9,0.9,"p0=0.90"
401437962,2023,0.9104,38,13,0.1662,9,0.9,"p0=0.90"
401437963,2023,0.6647,19,16,0.7102,4,0.65,"p0=0.65"
401547227,2023,0.524,23,7,0.5173,1,0.5,"p0=0.50"
401547228,2023,0.7919,20,25,0.811,7,0.8,"p0=0.80"
401547229,2023,0.6884,16,24,0.3921,5,0.7,"p0=0.70"
401547230,2023,0.5099,21,14,0.4956,1,0.5,"p0=0.50"
401547231,2023,0.5241,6,10,0.5659,1,0.5,"p0=0.50"
401547235,2023,0.7294,25,17,0.727,6,0.75,"p0=0.75"
401547241,2023,0.8766,33,25,0.3336,9,0.9,"p0=0.90"
401547242,2023,0.8099,13,34,0.2131,7,0.8,"p0=0.80"
401547276,2023,0.5564,19,42,0.6348,2,0.55,"p0=0.55"
401547345,2023,0.6078,17,21,0.8612,3,0.6,"p0=0.60"
401547351,2023,0.8256,14,20,0.8325,8,0.85,"p0=0.85"
401547352,2023,0.5778,22,16,0.8705,3,0.6,"p0=0.60"
401547353,2023,0.6633,20,21,0.8329,4,0.65,"p0=0.65"
401547354,2023,0.5522,42,10,0.4533,2,0.55,"p0=0.55"
401547396,2023,0.736,25,9,0.3864,6,0.75,"p0=0.75"
401547397,2023,0.5935,24,3,0.6267,3,0.6,"p0=0.60"
401547398,2023,0.6724,17,20,0.8185,4,0.65,"p0=0.65"
401547399,2023,0.5356,16,15,0.647,2,0.55,"p0=0.55"
401547400,2023,0.5922,16,17,0.8437,3,0.6,"p0=0.60"
401547401,2023,0.5556,34,36,0.8575,2,0.55,"p0=0.55"
401547402,2023,0.6202,20,25,0.4364,3,0.6,"p0=0.60"
401547403,2023,0.5609,24,10,0.6219,2,0.55,"p0=0.55"
401547404,2023,0.6466,21,31,0.7247,4,0.65,"p0=0.65"
401547405,2023,0.5605,7,30,0.4395,2,0.55,"p0=0.55"
401547406,2023,0.7324,20,16,0.7385,6,0.75,"p0=0.75"
401547407,2023,0.5171,20,38,0.5352,1,0.5,"p0=0.50"
401547408,2023,0.6283,13,30,0.8128,4,0.65,"p0=0.65"
401547409,2023,0.5548,0,40,0.5414,2,0.55,"p0=0.55"
401547410,2023,0.6489,34,28,0.5702,4,0.65,"p0=0.65"
401547411,2023,0.7149,38,10,0.4747,5,0.7,"p0=0.70"
401547412,2023,0.5164,24,27,0.5835,1,0.5,"p0=0.50"
401547413,2023,0.6141,9,17,0.5626,3,0.6,"p0=0.60"
401547414,2023,0.6295,27,24,0.8321,4,0.65,"p0=0.65"
401547415,2023,0.6813,30,10,0.3546,5,0.7,"p0=0.70"
401547416,2023,0.6653,33,35,0.9654,4,0.65,"p0=0.65"
401547417,2023,0.5168,25,24,0.9208,1,0.5,"p0=0.50"
401547418,2023,0.648,31,37,0.8232,4,0.65,"p0=0.65"
401547419,2023,0.532,20,31,0.5466,2,0.55,"p0=0.55"
401547420,2023,0.5228,27,17,0.6706,1,0.5,"p0=0.50"
401547421,2023,0.648,28,31,0.9734,4,0.65,"p0=0.65"
401547422,2023,0.6568,23,30,0.6894,4,0.65,"p0=0.65"
401547423,2023,0.6177,17,24,0.4243,3,0.6,"p0=0.60"
401547424,2023,0.5907,26,22,0.745,3,0.6,"p0=0.60"
401547425,2023,0.6186,17,20,0.5314,3,0.6,"p0=0.60"
401547426,2023,0.8054,30,12,0.2865,7,0.8,"p0=0.80"
401547427,2023,0.7735,19,22,0.8914,6,0.75,"p0=0.75"
401547428,2023,0.5727,27,3,0.5041,2,0.55,"p0=0.55"
401547429,2023,0.7017,70,20,0.3134,5,0.7,"p0=0.70"
401547430,2023,0.5488,10,15,0.5488,2,0.55,"p0=0.55"
401547431,2023,0.7353,3,37,0.328,6,0.75,"p0=0.75"
401547432,2023,0.726,37,27,0.5196,6,0.75,"p0=0.75"
401547433,2023,0.5528,20,6,0.478,2,0.55,"p0=0.55"
401547434,2023,0.5351,18,17,0.9757,2,0.55,"p0=0.55"
401547435,2023,0.713,17,37,0.7878,5,0.7,"p0=0.70"
401547436,2023,0.5335,24,28,0.6996,2,0.55,"p0=0.55"
401547437,2023,0.8814,28,16,0.8837,9,0.9,"p0=0.90"
401547438,2023,0.8197,41,10,0.2142,7,0.8,"p0=0.80"
401547439,2023,0.5084,18,23,0.734,1,0.5,"p0=0.50"
401547440,2023,0.7038,11,25,0.3746,5,0.7,"p0=0.70"
401547441,2023,0.654,19,16,0.5762,4,0.65,"p0=0.65"
401547442,2023,0.5392,20,34,0.6012,2,0.55,"p0=0.55"
401547443,2023,0.5122,48,20,0.5722,1,0.5,"p0=0.50"
401547444,2023,0.5309,28,31,0.9864,2,0.55,"p0=0.55"
401547445,2023,0.5856,3,28,0.488,3,0.6,"p0=0.60"
401547446,2023,0.5883,30,6,0.6053,3,0.6,"p0=0.60"
401547447,2023,0.8213,24,17,0.3343,7,0.8,"p0=0.80"
401547448,2023,0.6402,13,21,0.7949,4,0.65,"p0=0.65"
401547449,2023,0.5604,23,29,0.7006,2,0.55,"p0=0.55"
401547450,2023,0.5484,9,26,0.646,2,0.55,"p0=0.55"
401547451,2023,0.766,34,31,0.7034,6,0.75,"p0=0.75"
401547452,2023,0.6098,27,3,0.7021,3,0.6,"p0=0.60"
401547453,2023,0.6871,38,3,0.4109,5,0.7,"p0=0.70"
401547454,2023,0.8739,35,16,0.2369,8,0.85,"p0=0.85"
401547455,2023,0.7432,20,23,0.4961,6,0.75,"p0=0.75"
401547456,2023,0.5646,3,24,0.4904,2,0.55,"p0=0.55"
401547457,2023,0.6092,20,40,0.6415,3,0.6,"p0=0.60"
401547458,2023,0.5574,23,16,0.6895,2,0.55,"p0=0.55"
401547459,2023,0.5389,0,34,0.5727,2,0.55,"p0=0.55"
401547460,2023,0.7192,17,10,0.9024,5,0.7,"p0=0.70"
401547461,2023,0.5473,21,31,0.7035,2,0.55,"p0=0.55"
401547462,2023,0.6812,20,27,0.5124,5,0.7,"p0=0.70"
401547463,2023,0.5277,21,19,0.713,2,0.55,"p0=0.55"
401547464,2023,0.7728,42,24,0.2567,6,0.75,"p0=0.75"
401547465,2023,0.8704,31,16,0.1824,8,0.85,"p0=0.85"
401547466,2023,0.6488,20,34,0.5305,4,0.65,"p0=0.65"
401547467,2023,0.5557,14,23,0.6405,2,0.55,"p0=0.55"
401547468,2023,0.5626,17,13,0.7147,2,0.55,"p0=0.55"
401547469,2023,0.8497,19,8,0.1808,8,0.85,"p0=0.85"
401547470,2023,0.5803,16,24,0.7153,3,0.6,"p0=0.60"
401547471,2023,0.5368,17,13,0.7136,2,0.55,"p0=0.55"
401547472,2023,0.6552,37,20,0.4551,4,0.65,"p0=0.65"
401547473,2023,0.8774,42,21,0.5044,9,0.9,"p0=0.90"
401547474,2023,0.5585,21,17,0.4616,2,0.55,"p0=0.55"
401547475,2023,0.5972,13,19,0.5364,3,0.6,"p0=0.60"
401547476,2023,0.7375,19,17,0.877,6,0.75,"p0=0.75"
401547477,2023,0.5448,20,13,0.6336,2,0.55,"p0=0.55"
401547478,2023,0.5521,6,20,0.4956,2,0.55,"p0=0.55"
401547479,2023,0.7276,26,9,0.5964,6,0.75,"p0=0.75"
401547480,2023,0.6541,20,14,0.8816,4,0.65,"p0=0.65"
401547481,2023,0.9489,14,9,0.6977,10,0.95,"p0=0.95"
401547482,2023,0.5578,17,20,0.7294,2,0.55,"p0=0.55"
401547483,2023,0.5716,24,31,0.5008,2,0.55,"p0=0.55"
401547484,2023,0.6003,38,39,0.8631,3,0.6,"p0=0.60"
401547485,2023,0.8242,29,25,0.9246,7,0.8,"p0=0.80"
401547486,2023,0.6156,14,7,0.6797,3,0.6,"p0=0.60"
401547487,2023,0.5693,19,17,0.7208,2,0.55,"p0=0.55"
401547488,2023,0.6868,31,17,0.411,5,0.7,"p0=0.70"
401547489,2023,0.541,38,6,0.4813,2,0.55,"p0=0.55"
401547490,2023,0.6657,30,12,0.474,4,0.65,"p0=0.65"
401547491,2023,0.5271,13,16,0.6537,2,0.55,"p0=0.55"
401547492,2023,0.5846,17,24,0.8651,3,0.6,"p0=0.60"
401547493,2023,0.7972,20,10,0.3831,7,0.8,"p0=0.80"
401547494,2023,0.5867,31,17,0.6576,3,0.6,"p0=0.60"
401547495,2023,0.7018,22,17,0.7995,5,0.7,"p0=0.70"
401547496,2023,0.8273,24,18,0.2869,8,0.85,"p0=0.85"
401547497,2023,0.8062,31,17,0.416,7,0.8,"p0=0.80"
401547498,2023,0.7728,10,13,0.999,6,0.75,"p0=0.75"
401547499,2023,0.6075,10,20,0.3925,3,0.6,"p0=0.60"
401547500,2023,0.5192,28,23,0.6306,1,0.5,"p0=0.50"
401547501,2023,0.8537,24,31,0.3152,8,0.85,"p0=0.85"
401547502,2023,0.8271,24,9,0.8271,8,0.85,"p0=0.85"
401547503,2023,0.6986,17,31,0.6986,5,0.7,"p0=0.70"
401547504,2023,0.6295,15,13,0.7738,4,0.65,"p0=0.65"
401547505,2023,0.6882,43,20,0.3463,5,0.7,"p0=0.70"
401547506,2023,0.582,10,24,0.4337,3,0.6,"p0=0.60"
401547507,2023,0.5477,27,38,0.749,2,0.55,"p0=0.55"
401547508,2023,0.764,31,38,0.8214,6,0.75,"p0=0.75"
401547509,2023,0.6589,24,20,0.8702,4,0.65,"p0=0.65"
401547510,2023,0.7575,30,13,0.2796,6,0.75,"p0=0.75"
401547511,2023,0.7078,26,14,0.3753,5,0.7,"p0=0.70"
401547512,2023,0.5842,20,16,0.7081,3,0.6,"p0=0.60"
401547513,2023,0.696,37,3,0.3573,5,0.7,"p0=0.70"
401547514,2023,0.6939,27,0,0.3473,5,0.7,"p0=0.70"
401547515,2023,0.5074,39,37,0.9659,1,0.5,"p0=0.50"
401547516,2023,0.6744,24,17,0.5778,4,0.65,"p0=0.65"
401547517,2023,0.596,13,27,0.4723,3,0.6,"p0=0.60"
401547518,2023,0.5099,28,31,0.8591,1,0.5,"p0=0.50"
401547519,2023,0.5524,20,3,0.4957,2,0.55,"p0=0.55"
401547520,2023,0.5634,17,20,0.7895,2,0.55,"p0=0.55"
401547521,2023,0.5877,30,6,0.5877,3,0.6,"p0=0.60"
401547522,2023,0.5007,28,23,0.7077,1,0.5,"p0=0.50"
401547523,2023,0.6704,24,18,0.697,4,0.65,"p0=0.65"
401547524,2023,0.6133,6,27,0.4385,3,0.6,"p0=0.60"
401547525,2023,0.612,16,13,0.6749,3,0.6,"p0=0.60"
401547526,2023,0.6548,27,30,0.7954,4,0.65,"p0=0.65"
401547527,2023,0.5966,23,19,0.5897,3,0.6,"p0=0.60"
401547528,2023,0.5481,20,6,0.594,2,0.55,"p0=0.55"
401547529,2023,0.5608,25,23,0.8013,2,0.55,"p0=0.55"
401547530,2023,0.5923,38,41,0.5923,3,0.6,"p0=0.60"
401547531,2023,0.7006,31,33,0.98,5,0.7,"p0=0.70"
401547532,2023,0.5637,3,34,0.4363,2,0.55,"p0=0.55"
401547533,2023,0.5009,27,19,0.5571,1,0.5,"p0=0.50"
401547534,2023,0.8988,49,17,0.148,9,0.9,"p0=0.90"
401547535,2023,0.6362,29,26,0.5859,4,0.65,"p0=0.65"
401547536,2023,0.5576,16,12,0.7662,2,0.55,"p0=0.55"
401547537,2023,0.7877,22,24,0.7877,7,0.8,"p0=0.80"
401547538,2023,0.6496,34,20,0.5579,4,0.65,"p0=0.65"
401547539,2023,0.5302,13,10,0.6298,2,0.55,"p0=0.55"
401547540,2023,0.6765,21,16,0.516,5,0.7,"p0=0.70"
401547541,2023,0.7011,34,14,0.3579,5,0.7,"p0=0.70"
401547542,2023,0.9053,20,13,0.2997,9,0.9,"p0=0.90"
401547543,2023,0.7966,32,6,0.2034,7,0.8,"p0=0.80"
401547544,2023,0.5533,17,16,0.9229,2,0.55,"p0=0.55"
401547545,2023,0.8439,10,33,0.2316,8,0.85,"p0=0.85"
401547546,2023,0.6895,31,26,0.9947,5,0.7,"p0=0.70"
401547547,2023,0.6717,23,20,0.826,4,0.65,"p0=0.65"
401547548,2023,0.7114,19,31,0.7495,5,0.7,"p0=0.70"
401547549,2023,0.8125,27,14,0.2818,7,0.8,"p0=0.80"
401547550,2023,0.5763,21,20,0.8787,3,0.6,"p0=0.60"
401547551,2023,0.852,45,10,0.1949,8,0.85,"p0=0.85"
401547552,2023,0.6412,22,29,0.6523,4,0.65,"p0=0.65"
401547553,2023,0.7338,13,31,0.2753,6,0.75,"p0=0.75"
401547554,2023,0.5168,10,16,0.7436,1,0.5,"p0=0.50"
401547555,2023,0.5728,21,24,0.5388,2,0.55,"p0=0.55"
401547556,2023,0.5485,27,20,0.5933,2,0.55,"p0=0.55"
401547557,2023,0.848,17,31,0.6277,8,0.85,"p0=0.85"
401547558,2023,0.5424,37,34,0.9645,2,0.55,"p0=0.55"
401547559,2023,0.5721,24,15,0.716,2,0.55,"p0=0.55"
401547560,2023,0.7308,10,7,0.7745,6,0.75,"p0=0.75"
401547561,2023,0.6145,17,10,0.4762,3,0.6,"p0=0.60"
401547562,2023,0.6627,14,37,0.4462,4,0.65,"p0=0.65"
401547563,2023,0.5288,29,12,0.5288,2,0.55,"p0=0.55"
401547564,2023,0.5579,10,20,0.55,2,0.55,"p0=0.55"
401547565,2023,0.6207,10,12,0.8036,3,0.6,"p0=0.60"
401547566,2023,0.7955,41,35,0.785,7,0.8,"p0=0.80"
401547567,2023,0.6752,0,6,0.4051,5,0.7,"p0=0.70"
401547568,2023,0.7183,10,24,0.7836,5,0.7,"p0=0.70"
401547569,2023,0.7134,21,18,0.5245,5,0.7,"p0=0.70"
401547570,2023,0.5751,28,31,0.7906,3,0.6,"p0=0.60"
401547571,2023,0.5464,22,17,0.6542,2,0.55,"p0=0.55"
401547572,2023,0.5641,28,33,0.4751,2,0.55,"p0=0.55"
401547573,2023,0.5701,8,13,0.5998,2,0.55,"p0=0.55"
401547574,2023,0.8043,15,45,0.2254,7,0.8,"p0=0.80"
401547575,2023,0.5953,36,19,0.6022,3,0.6,"p0=0.60"
401547576,2023,0.7175,27,19,0.7289,5,0.7,"p0=0.70"
401547577,2023,0.665,31,34,0.8429,4,0.65,"p0=0.65"
401547578,2023,0.6489,18,21,0.6646,4,0.65,"p0=0.65"
401547579,2023,0.5131,25,29,0.7734,1,0.5,"p0=0.50"
401547580,2023,0.5354,34,14,0.4892,2,0.55,"p0=0.55"
401547581,2023,0.5647,31,27,0.58,2,0.55,"p0=0.55"
401547582,2023,0.5809,30,6,0.5958,3,0.6,"p0=0.60"
401547583,2023,0.5479,17,20,0.8998,2,0.55,"p0=0.55"
401547584,2023,0.6874,7,24,0.7335,5,0.7,"p0=0.70"
401547585,2023,0.743,37,31,0.8106,6,0.75,"p0=0.75"
401547586,2023,0.6196,28,13,0.7153,3,0.6,"p0=0.60"
401547587,2023,0.7425,28,6,0.3086,6,0.75,"p0=0.75"
401547588,2023,0.633,0,3,0.6034,4,0.65,"p0=0.65"
401547589,2023,0.8132,28,16,0.403,7,0.8,"p0=0.80"
401547590,2023,0.6537,33,13,0.3674,4,0.65,"p0=0.65"
401547591,2023,0.7253,24,22,0.8299,6,0.75,"p0=0.75"
401547592,2023,0.8571,27,28,0.9965,8,0.85,"p0=0.85"
401547593,2023,0.5725,63,21,0.5725,2,0.55,"p0=0.55"
401547594,2023,0.8039,30,0,0.2524,7,0.8,"p0=0.80"
401547595,2023,0.5207,16,19,0.8662,1,0.5,"p0=0.50"
401547596,2023,0.8515,29,45,0.2967,8,0.85,"p0=0.85"
401547597,2023,0.7557,28,20,0.2909,6,0.75,"p0=0.75"
401547598,2023,0.5633,20,34,0.7064,2,0.55,"p0=0.55"
401547599,2023,0.7956,24,6,0.3122,7,0.8,"p0=0.80"
401547600,2023,0.5016,31,10,0.5287,1,0.5,"p0=0.50"
401547601,2023,0.6712,20,17,0.9321,4,0.65,"p0=0.65"
401547602,2023,0.637,7,23,0.5181,4,0.65,"p0=0.65"
401547603,2023,0.6655,9,7,0.7733,4,0.65,"p0=0.65"
401547604,2023,0.5674,27,24,0.9321,2,0.55,"p0=0.55"
401547605,2023,0.5717,20,17,0.9131,2,0.55,"p0=0.55"
401547606,2023,0.5945,42,17,0.5402,3,0.6,"p0=0.60"
401547607,2023,0.5626,30,13,0.8549,2,0.55,"p0=0.55"
401547608,2023,0.7827,17,27,0.4423,7,0.8,"p0=0.80"
401547609,2023,0.6031,30,22,0.4548,3,0.6,"p0=0.60"
401547610,2023,0.6128,34,11,0.6244,3,0.6,"p0=0.60"
401547611,2023,0.8173,22,24,0.5831,7,0.8,"p0=0.80"
401547612,2023,0.5467,22,36,0.4533,2,0.55,"p0=0.55"
401547613,2023,0.5163,30,28,0.7787,1,0.5,"p0=0.50"
401547614,2023,0.5199,17,20,0.8765,1,0.5,"p0=0.50"
401547615,2023,0.5769,30,12,0.608,3,0.6,"p0=0.60"
401547616,2023,0.5097,29,10,0.6772,1,0.5,"p0=0.50"
401547617,2023,0.696,30,33,0.4804,5,0.7,"p0=0.70"
401547618,2023,0.6086,24,30,0.6273,3,0.6,"p0=0.60"
401547619,2023,0.62,27,16,0.4245,3,0.6,"p0=0.60"
401547620,2023,0.5009,22,20,0.7639,1,0.5,"p0=0.50"
401547621,2023,0.6561,23,26,0.8228,4,0.65,"p0=0.65"
401547622,2023,0.6462,19,33,0.7832,4,0.65,"p0=0.65"
401547623,2023,0.7039,37,20,0.3684,5,0.7,"p0=0.70"
401547624,2023,0.7016,20,19,0.6559,5,0.7,"p0=0.70"
401547625,2023,0.5589,56,19,0.6329,2,0.55,"p0=0.55"
401547626,2023,0.8703,27,21,0.247,8,0.85,"p0=0.85"
401547627,2023,0.5124,37,17,0.5706,1,0.5,"p0=0.50"
401547628,2023,0.6054,23,20,0.4142,3,0.6,"p0=0.60"
401547629,2023,0.657,26,0,0.4089,4,0.65,"p0=0.65"
401547630,2023,0.5328,16,9,0.4914,2,0.55,"p0=0.55"
401547631,2023,0.5808,26,3,0.4192,3,0.6,"p0=0.60"
401547632,2023,0.8227,25,26,0.6031,7,0.8,"p0=0.80"
401547633,2023,0.8089,31,35,0.9481,7,0.8,"p0=0.80"
401547634,2023,0.5206,13,23,0.4845,1,0.5,"p0=0.50"
401547635,2023,0.7774,10,27,0.381,7,0.8,"p0=0.80"
401547636,2023,0.6724,23,30,0.7664,4,0.65,"p0=0.65"
401547637,2023,0.5119,10,33,0.5454,1,0.5,"p0=0.50"
401547638,2024,0.6326,20,21,0.9794,4,0.65,"p0=0.65"
401547639,2024,0.79,10,17,0.8046,7,0.8,"p0=0.80"
401547640,2024,0.7208,0,9,0.4176,5,0.7,"p0=0.70"
401547641,2024,0.543,31,14,0.457,2,0.55,"p0=0.55"
401547642,2024,0.7078,30,20,0.3451,5,0.7,"p0=0.70"
401547643,2024,0.5756,17,9,0.5617,3,0.6,"p0=0.60"
401547644,2024,0.5177,19,23,0.601,1,0.5,"p0=0.50"
401547645,2024,0.5109,12,13,0.7396,1,0.5,"p0=0.50"
401547646,2024,0.5428,27,14,0.4858,2,0.55,"p0=0.55"
401547647,2024,0.5455,14,21,0.8304,2,0.55,"p0=0.55"
401547648,2024,0.5442,3,17,0.5547,2,0.55,"p0=0.55"
401547649,2024,0.6221,48,17,0.6439,3,0.6,"p0=0.60"
401547650,2024,0.84,27,10,0.8552,8,0.85,"p0=0.85"
401547651,2024,0.6874,20,21,0.8997,5,0.7,"p0=0.70"
401547652,2024,0.5729,28,20,0.6482,2,0.55,"p0=0.55"
401547653,2024,0.8462,10,38,0.3585,8,0.85,"p0=0.85"
401671489,2024,0.6553,30,12,0.3714,4,0.65,"p0=0.65"
401671490,2024,0.632,33,38,0.7811,4,0.65,"p0=0.65"
401671491,2024,0.61,42,29,0.4582,3,0.6,"p0=0.60"
401671492,2024,0.7633,23,20,0.442,6,0.75,"p0=0.75"
401671493,2024,0.7347,30,27,0.6442,6,0.75,"p0=0.75"
401671494,2024,0.8247,24,21,0.6606,7,0.8,"p0=0.80"
401671495,2024,0.706,40,14,0.3007,5,0.7,"p0=0.70"
401671599,2024,0.502,18,15,0.9938,1,0.5,"p0=0.50"
401671600,2024,0.7553,28,14,0.5003,6,0.75,"p0=0.75"
401671601,2024,0.6407,11,14,0.5447,4,0.65,"p0=0.65"
401671616,2024,0.6293,34,10,0.7421,4,0.65,"p0=0.65"
401671617,2024,0.6627,34,28,0.8281,4,0.65,"p0=0.65"
401671618,2024,0.712,25,22,0.9105,5,0.7,"p0=0.70"
401671619,2024,0.704,21,41,0.296,5,0.7,"p0=0.70"
401671620,2024,0.618,24,25,0.9128,3,0.6,"p0=0.60"
401671621,2024,0.5073,9,19,0.732,1,0.5,"p0=0.50"
401671622,2024,0.708,9,10,0.804,5,0.7,"p0=0.70"
401671623,2024,0.7513,41,10,0.3142,6,0.75,"p0=0.75"
401671624,2024,0.7113,23,26,0.9321,5,0.7,"p0=0.70"
401671625,2024,0.6527,30,23,0.4919,4,0.65,"p0=0.65"
401671626,2024,0.5567,38,41,0.9455,2,0.55,"p0=0.55"
401671627,2024,0.508,38,44,0.7235,1,0.5,"p0=0.50"
401671628,2024,0.7253,10,16,0.7306,6,0.75,"p0=0.75"
401671629,2024,0.5353,10,27,0.5702,2,0.55,"p0=0.55"
401671630,2024,0.62,18,16,0.6416,3,0.6,"p0=0.60"
401671631,2024,0.5887,27,14,0.6013,3,0.6,"p0=0.60"
401671632,2024,0.538,20,10,0.7191,2,0.55,"p0=0.55"
401671633,2024,0.504,37,34,0.7067,1,0.5,"p0=0.50"
401671634,2024,0.5853,20,13,0.5853,3,0.6,"p0=0.60"
401671635,2024,0.5573,13,18,0.5592,2,0.55,"p0=0.55"
401671636,2024,0.5713,17,24,0.7665,2,0.55,"p0=0.55"
401671637,2024,0.762,16,14,0.9353,6,0.75,"p0=0.75"
401671638,2024,0.7007,7,30,0.2993,5,0.7,"p0=0.70"
401671639,2024,0.8173,14,35,0.2162,7,0.8,"p0=0.80"
401671640,2024,0.726,40,7,0.3423,6,0.75,"p0=0.75"
401671641,2024,0.5313,27,28,0.8392,2,0.55,"p0=0.55"
401671642,2024,0.8527,52,6,0.239,8,0.85,"p0=0.85"
401671643,2024,0.58,29,31,0.5953,3,0.6,"p0=0.60"
401671644,2024,0.5793,24,22,0.7179,3,0.6,"p0=0.60"
401671645,2024,0.62,23,17,0.6349,3,0.6,"p0=0.60"
401671646,2024,0.5427,34,7,0.5432,2,0.55,"p0=0.55"
401671647,2024,0.536,21,13,0.7601,2,0.55,"p0=0.55"
401671648,2024,0.614,42,21,0.6647,3,0.6,"p0=0.60"
401671649,2024,0.5173,13,17,0.7006,1,0.5,"p0=0.50"
401671650,2024,0.7507,23,22,0.8488,6,0.75,"p0=0.75"
401671651,2024,0.7653,27,30,0.3532,6,0.75,"p0=0.75"
401671652,2024,0.6727,3,26,0.3869,4,0.65,"p0=0.65"
401671653,2024,0.802,48,14,0.2478,7,0.8,"p0=0.80"
401671654,2024,0.6927,28,13,0.5191,5,0.7,"p0=0.70"
401671655,2024,0.5533,16,23,0.4472,2,0.55,"p0=0.55"
401671656,2024,0.56,19,29,0.7148,2,0.55,"p0=0.55"
401671657,2024,0.5467,13,32,0.6256,2,0.55,"p0=0.55"
401671658,2024,0.6347,22,36,0.6571,4,0.65,"p0=0.65"
401671659,2024,0.602,22,10,0.6567,3,0.6,"p0=0.60"
401671660,2024,0.5713,18,30,0.7554,2,0.55,"p0=0.55"
401671661,2024,0.5027,29,9,0.5959,1,0.5,"p0=0.50"
401671662,2024,0.6667,24,3,0.3538,4,0.65,"p0=0.65"
401671663,2024,0.632,20,15,0.5353,4,0.65,"p0=0.65"
401671664,2024,0.6347,26,20,0.6359,4,0.65,"p0=0.65"
401671665,2024,0.532,30,21,0.5465,2,0.55,"p0=0.55"
401671666,2024,0.5753,19,24,0.8063,3,0.6,"p0=0.60"
401671667,2024,0.5433,17,37,0.7258,2,0.55,"p0=0.55"
401671668,2024,0.578,6,13,0.4251,3,0.6,"p0=0.60"
401671669,2024,0.5693,31,13,0.7487,2,0.55,"p0=0.55"
401671670,2024,0.6633,26,25,0.7218,4,0.65,"p0=0.65"
401671671,2024,0.746,20,27,0.4658,6,0.75,"p0=0.75"
401671672,2024,0.53,20,16,0.744,2,0.55,"p0=0.55"
401671673,2024,0.5853,19,14,0.6582,3,0.6,"p0=0.60"
401671674,2024,0.6053,10,17,0.7517,3,0.6,"p0=0.60"
401671675,2024,0.522,34,27,0.7336,1,0.5,"p0=0.50"
401671676,2024,0.7027,6,34,0.4001,5,0.7,"p0=0.70"
401671677,2024,0.708,30,17,0.3663,5,0.7,"p0=0.70"
401671678,2024,0.5013,31,6,0.5013,1,0.5,"p0=0.50"
401671679,2024,0.5633,19,24,0.6744,2,0.55,"p0=0.55"
401671680,2024,0.634,20,29,0.7782,4,0.65,"p0=0.65"
401671681,2024,0.574,42,48,0.5977,2,0.55,"p0=0.55"
401671682,2024,0.658,47,10,0.3731,4,0.65,"p0=0.65"
401671683,2024,0.5207,12,31,0.6216,1,0.5,"p0=0.50"
401671684,2024,0.5553,20,23,0.6644,2,0.55,"p0=0.55"
401671685,2024,0.6847,26,18,0.5072,5,0.7,"p0=0.70"
401671686,2024,0.5107,41,32,0.6532,1,0.5,"p0=0.50"
401671687,2024,0.5993,26,13,0.4497,3,0.6,"p0=0.60"
401671688,2024,0.652,30,24,0.7581,4,0.65,"p0=0.65"
401671689,2024,0.6067,23,30,0.7732,3,0.6,"p0=0.60"
401671690,2024,0.6587,20,27,0.6436,4,0.65,"p0=0.65"
401671691,2024,0.632,21,22,0.999,4,0.65,"p0=0.65"
401671692,2024,0.8273,34,0,0.1727,8,0.85,"p0=0.85"
401671693,2024,0.552,15,23,0.574,2,0.55,"p0=0.55"
401671694,2024,0.7013,10,34,0.3101,5,0.7,"p0=0.70"
401671695,2024,0.588,31,41,0.7263,3,0.6,"p0=0.60"
401671696,2024,0.632,32,19,0.5095,4,0.65,"p0=0.65"
401671697,2024,0.572,9,15,0.4845,2,0.55,"p0=0.55"
401671698,2024,0.61,34,40,0.7811,3,0.6,"p0=0.60"
401671699,2024,0.5147,17,15,0.6338,1,0.5,"p0=0.50"
401671700,2024,0.586,10,15,0.7997,3,0.6,"p0=0.60"
401671701,2024,0.6427,22,28,0.6695,4,0.65,"p0=0.65"
401671702,2024,0.55,20,23,0.8722,2,0.55,"p0=0.55"
401671703,2024,0.558,21,26,0.9275,2,0.55,"p0=0.55"
401671704,2024,0.6413,41,24,0.5612,4,0.65,"p0=0.65"
401671705,2024,0.5667,20,23,0.5124,2,0.55,"p0=0.55"
401671706,2024,0.62,25,32,0.8335,3,0.6,"p0=0.60"
401671707,2024,0.664,27,30,0.6598,4,0.65,"p0=0.65"
401671708,2024,0.6781,7,12,0.6022,5,0.7,"p0=0.70"
401671709,2024,0.61,19,44,0.6397,3,0.6,"p0=0.60"
401671710,2024,0.63,3,28,0.4194,4,0.65,"p0=0.65"
401671711,2024,0.6413,22,27,0.4345,4,0.65,"p0=0.65"
401671712,2024,0.5047,6,28,0.6042,1,0.5,"p0=0.50"
401671713,2024,0.852,22,16,0.462,8,0.85,"p0=0.85"
401671714,2024,0.696,20,16,0.5251,5,0.7,"p0=0.70"
401671715,2024,0.7727,26,34,0.8579,6,0.75,"p0=0.75"
401671716,2024,0.596,21,18,0.6786,3,0.6,"p0=0.60"
401671717,2024,0.5927,36,33,0.9726,3,0.6,"p0=0.60"
401671718,2024,0.638,34,13,0.3796,4,0.65,"p0=0.65"
401671719,2024,0.6433,24,17,0.896,4,0.65,"p0=0.65"
401671720,2024,0.7373,52,14,0.3507,6,0.75,"p0=0.75"
401671721,2024,0.6513,16,20,0.6681,4,0.65,"p0=0.65"
401671722,2024,0.6167,34,13,0.4218,3,0.6,"p0=0.60"
401671723,2024,0.5513,16,10,0.577,2,0.55,"p0=0.55"
401671724,2024,0.5627,29,31,0.7597,2,0.55,"p0=0.55"
401671725,2024,0.5553,27,25,0.6723,2,0.55,"p0=0.55"
401671726,2024,0.5873,23,22,0.9253,3,0.6,"p0=0.60"
401671727,2024,0.5153,26,24,0.8448,1,0.5,"p0=0.50"
401671728,2024,0.566,27,21,0.5731,2,0.55,"p0=0.55"
401671729,2024,0.6333,34,7,0.6283,4,0.65,"p0=0.65"
401671730,2024,0.5793,14,34,0.6047,3,0.6,"p0=0.60"
401671731,2024,0.5213,14,30,0.5966,1,0.5,"p0=0.50"
401671732,2024,0.7387,36,30,0.7664,6,0.75,"p0=0.75"
401671733,2024,0.524,20,17,0.5409,1,0.5,"p0=0.50"
401671734,2024,0.6333,47,10,0.3816,4,0.65,"p0=0.65"
401671735,2024,0.5953,27,51,0.6426,3,0.6,"p0=0.60"
401671736,2024,0.5253,12,15,0.8986,2,0.55,"p0=0.55"
401671737,2024,0.6893,19,20,0.4567,5,0.7,"p0=0.70"
401671738,2024,0.5793,10,25,0.5885,3,0.6,"p0=0.60"
401671739,2024,0.5773,26,31,0.7453,3,0.6,"p0=0.60"
401671740,2024,0.6213,33,16,0.6402,3,0.6,"p0=0.60"
401671741,2024,0.694,7,26,0.694,5,0.7,"p0=0.70"
401671742,2024,0.5287,20,23,0.7488,2,0.55,"p0=0.55"
401671743,2024,0.6653,42,19,0.3545,4,0.65,"p0=0.65"
401671744,2024,0.5807,10,18,0.6777,3,0.6,"p0=0.60"
401671745,2024,0.6433,24,34,0.4969,4,0.65,"p0=0.65"
401671746,2024,0.5053,35,14,0.5476,1,0.5,"p0=0.50"
401671747,2024,0.5073,34,18,0.8041,1,0.5,"p0=0.50"
401671748,2024,0.58,38,6,0.582,3,0.6,"p0=0.60"
401671749,2024,0.5787,34,27,0.8645,3,0.6,"p0=0.60"
401671750,2024,0.666,26,8,0.4896,4,0.65,"p0=0.65"
401671751,2024,0.6527,27,17,0.561,4,0.65,"p0=0.65"
401671752,2024,0.774,23,26,0.907,6,0.75,"p0=0.75"
401671753,2024,0.534,14,21,0.7333,2,0.55,"p0=0.55"
401671754,2024,0.534,41,10,0.5631,2,0.55,"p0=0.55"
401671755,2024,0.6053,14,42,0.7621,3,0.6,"p0=0.60"
401671756,2024,0.698,23,24,0.9325,5,0.7,"p0=0.70"
401671757,2024,0.6733,17,20,0.9026,4,0.65,"p0=0.65"
401671758,2024,0.7773,30,13,0.256,7,0.8,"p0=0.80"
401671759,2024,0.5793,24,27,0.8372,3,0.6,"p0=0.60"
401671760,2024,0.6307,10,31,0.4345,4,0.65,"p0=0.65"
401671761,2024,0.5173,17,33,0.6194,1,0.5,"p0=0.50"
401671762,2024,0.5147,17,40,0.7625,1,0.5,"p0=0.50"
401671763,2024,0.5313,25,28,0.4742,2,0.55,"p0=0.55"
401671764,2024,0.5687,9,47,0.5227,2,0.55,"p0=0.55"
401671765,2024,0.6173,41,7,0.4675,3,0.6,"p0=0.60"
401671766,2024,0.6167,27,13,0.4557,3,0.6,"p0=0.60"
401671767,2024,0.5467,14,24,0.5498,2,0.55,"p0=0.55"
401671768,2024,0.694,38,10,0.3372,5,0.7,"p0=0.70"
401671769,2024,0.6267,20,38,0.5888,4,0.65,"p0=0.65"
401671770,2024,0.6147,37,20,0.4182,3,0.6,"p0=0.60"
401671771,2024,0.514,13,20,0.5456,1,0.5,"p0=0.50"
401671772,2024,0.6307,27,24,0.9549,4,0.65,"p0=0.65"
401671773,2024,0.632,44,42,0.639,4,0.65,"p0=0.65"
401671774,2024,0.6047,38,13,0.3953,3,0.6,"p0=0.60"
401671775,2024,0.5493,16,6,0.6615,2,0.55,"p0=0.55"
401671776,2024,0.508,20,26,0.8052,1,0.5,"p0=0.50"
401671777,2024,0.51,18,28,0.601,1,0.5,"p0=0.50"
401671778,2024,0.6673,34,17,0.4839,4,0.65,"p0=0.65"
401671779,2024,0.5136,27,20,0.6316,1,0.5,"p0=0.50"
401671780,2024,0.612,27,19,0.546,3,0.6,"p0=0.60"
401671781,2024,0.6107,35,10,0.5129,3,0.6,"p0=0.60"
401671782,2024,0.596,27,28,0.8721,3,0.6,"p0=0.60"
401671783,2024,0.5573,35,10,0.574,2,0.55,"p0=0.55"
401671784,2024,0.5133,17,20,0.752,1,0.5,"p0=0.50"
401671785,2024,0.5067,37,15,0.7953,1,0.5,"p0=0.50"
401671786,2024,0.6567,19,13,0.4262,4,0.65,"p0=0.65"
401671787,2024,0.6313,23,26,0.921,4,0.65,"p0=0.65"
401671788,2024,0.6107,19,17,0.715,3,0.6,"p0=0.60"
401671789,2024,0.5833,27,20,0.619,3,0.6,"p0=0.60"
401671790,2024,0.7007,26,24,0.7007,5,0.7,"p0=0.70"
401671791,2024,0.6073,7,17,0.4964,3,0.6,"p0=0.60"
401671792,2024,0.606,26,20,0.8323,3,0.6,"p0=0.60"
401671793,2024,0.5773,17,22,0.6673,3,0.6,"p0=0.60"
401671794,2024,0.5927,20,37,0.6571,3,0.6,"p0=0.60"
401671795,2024,0.674,30,24,0.6426,4,0.65,"p0=0.65"
401671796,2024,0.6293,13,30,0.3707,4,0.65,"p0=0.65"
401671797,2024,0.684,28,23,0.3593,5,0.7,"p0=0.70"
401671798,2024,0.6647,30,17,0.3519,4,0.65,"p0=0.65"
401671799,2024,0.5553,10,29,0.4795,2,0.55,"p0=0.55"
401671800,2024,0.628,2,31,0.3722,4,0.65,"p0=0.65"
401671801,2024,0.7027,32,16,0.6481,5,0.7,"p0=0.70"
401671802,2024,0.6027,35,16,0.5755,3,0.6,"p0=0.60"
401671803,2024,0.6593,20,17,0.7324,4,0.65,"p0=0.65"
401671804,2024,0.5367,23,17,0.4633,2,0.55,"p0=0.55"
401671805,2024,0.5633,34,29,0.6674,2,0.55,"p0=0.55"
401671806,2024,0.7693,19,17,0.688,6,0.75,"p0=0.75"
401671807,2024,0.518,10,31,0.5056,1,0.5,"p0=0.50"
401671808,2024,0.6667,24,3,0.3802,4,0.65,"p0=0.65"
401671809,2024,0.5007,21,13,0.7677,1,0.5,"p0=0.50"
401671810,2024,0.7113,35,34,0.8844,5,0.7,"p0=0.70"
401671811,2024,0.6853,24,6,0.4615,5,0.7,"p0=0.70"
401671812,2024,0.5707,15,20,0.5699,2,0.55,"p0=0.55"
401671813,2024,0.586,26,18,0.7408,3,0.6,"p0=0.60"
401671814,2024,0.6053,34,31,0.6346,3,0.6,"p0=0.60"
401671815,2024,0.5413,36,30,0.9302,2,0.55,"p0=0.55"
401671816,2024,0.5147,10,33,0.5475,1,0.5,"p0=0.50"
401671817,2024,0.5387,30,20,0.723,2,0.55,"p0=0.55"
401671818,2024,0.6093,6,12,0.7092,3,0.6,"p0=0.60"
401671819,2024,0.6173,24,36,0.4463,3,0.6,"p0=0.60"
401671820,2024,0.5487,17,20,0.7803,2,0.55,"p0=0.55"
401671821,2024,0.5907,6,10,0.7905,3,0.6,"p0=0.60"
401671822,2024,0.6453,20,17,0.591,4,0.65,"p0=0.65"
401671823,2024,0.508,14,30,0.5637,1,0.5,"p0=0.50"
401671824,2024,0.6553,13,23,0.4897,4,0.65,"p0=0.65"
401671825,2024,0.6147,27,37,0.6991,3,0.6,"p0=0.60"
401671829,2024,0.5607,13,9,0.7207,2,0.55,"p0=0.55"
401671832,2024,0.6073,7,40,0.4328,3,0.6,"p0=0.60"
401671835,2024,0.5673,30,24,0.6586,2,0.55,"p0=0.55"
401671842,2024,0.59,30,24,0.8013,3,0.6,"p0=0.60"
401671846,2024,0.7073,45,33,0.7762,5,0.7,"p0=0.70"
401671847,2024,0.6787,34,15,0.4467,5,0.7,"p0=0.70"
401671848,2024,0.562,32,26,0.9013,2,0.55,"p0=0.55"
401671849,2024,0.588,20,17,0.9226,3,0.6,"p0=0.60"
401671850,2024,0.52,27,28,0.8952,1,0.5,"p0=0.50"
401671851,2024,0.6233,34,19,0.3767,3,0.6,"p0=0.60"
401671852,2024,0.652,29,24,0.7447,4,0.65,"p0=0.65"
401671853,2024,0.6073,14,21,0.4833,3,0.6,"p0=0.60"
401671854,2024,0.6027,7,21,0.4182,3,0.6,"p0=0.60"
401671855,2024,0.6567,15,21,0.8264,4,0.65,"p0=0.65"
401671856,2024,0.6027,23,20,0.6317,3,0.6,"p0=0.60"
401671857,2024,0.6087,24,20,0.8134,3,0.6,"p0=0.60"
401671858,2024,0.712,27,32,0.8733,5,0.7,"p0=0.70"
401671859,2024,0.566,23,20,0.6663,2,0.55,"p0=0.55"
401671860,2024,0.5427,20,12,0.5209,2,0.55,"p0=0.55"
401671861,2024,0.5513,27,29,0.5743,2,0.55,"p0=0.55"
401671862,2024,0.5033,38,30,0.7455,1,0.5,"p0=0.50"
401671863,2024,0.6427,20,30,0.5746,4,0.65,"p0=0.65"
401671864,2024,0.6913,16,10,0.7535,5,0.7,"p0=0.70"
401671865,2024,0.5213,21,16,0.547,1,0.5,"p0=0.50"
401671866,2024,0.7373,6,24,0.5157,6,0.75,"p0=0.75"
401671867,2024,0.5353,27,24,0.5353,2,0.55,"p0=0.55"
401671868,2024,0.7213,17,34,0.2947,5,0.7,"p0=0.70"
401671869,2024,0.6273,19,20,0.8393,4,0.65,"p0=0.65"
401671870,2024,0.578,27,30,0.7376,3,0.6,"p0=0.60"
401671871,2024,0.514,24,18,0.7212,1,0.5,"p0=0.50"
401671872,2024,0.6333,36,10,0.5716,4,0.65,"p0=0.65"
401671873,2024,0.73,3,19,0.785,6,0.75,"p0=0.75"
401671874,2024,0.54,29,17,0.6672,2,0.55,"p0=0.55"
401671875,2024,0.5567,24,19,0.6877,2,0.55,"p0=0.55"
401671876,2024,0.5113,3,6,0.5326,1,0.5,"p0=0.50"
401671877,2024,0.5747,3,20,0.5301,2,0.55,"p0=0.55"
