m,curve,t,upper_gap
1,"every update (K = 1,000)",0,-0.02926
1,"every update (K = 1,000)",0.01,-0.027639999999999998
1,"every update (K = 1,000)",0.02,-0.025900000000000003
1,"every update (K = 1,000)",0.03,-0.02522
1,"every update (K = 1,000)",0.04,-0.02454
1,"every update (K = 1,000)",0.05,-0.024959999999999996
1,"every update (K = 1,000)",0.06,-0.02464000000000001
1,"every update (K = 1,000)",0.07,-0.02524
1,"every update (K = 1,000)",0.08,-0.026219999999999993
1,"every update (K = 1,000)",0.09,-0.02704000000000001
1,"every update (K = 1,000)",0.1,-0.02665999999999999
1,"every update (K = 1,000)",0.11,-0.026679999999999995
1,"every update (K = 1,000)",0.12,-0.02632000000000001
1,"every update (K = 1,000)",0.13,-0.02643999999999999
1,"every update (K = 1,000)",0.14,-0.025019999999999987
1,"every update (K = 1,000)",0.15,-0.025760000000000005
1,"every update (K = 1,000)",0.16,-0.026079999999999992
1,"every update (K = 1,000)",0.17,-0.02606
1,"every update (K = 1,000)",0.18,-0.026020000000000015
1,"every update (K = 1,000)",0.19,-0.0257
1,"every update (K = 1,000)",0.2,-0.025239999999999985
1,"every update (K = 1,000)",0.21,-0.02508000000000002
1,"every update (K = 1,000)",0.22,-0.02557999999999999
1,"every update (K = 1,000)",0.23,-0.02596000000000001
1,"every update (K = 1,000)",0.24,-0.025859999999999994
1,"every update (K = 1,000)",0.25,-0.02479999999999999
1,"every update (K = 1,000)",0.26,-0.025119999999999976
1,"every update (K = 1,000)",0.27,-0.025040000000000007
1,"every update (K = 1,000)",0.28,-0.024479999999999946
1,"every update (K = 1,000)",0.29,-0.02432000000000001
1,"every update (K = 1,000)",0.3,-0.02400000000000002
1,"every update (K = 1,000)",0.31,-0.02400000000000002
1,"every update (K = 1,000)",0.32,-0.023760000000000003
1,"every update (K = 1,000)",0.33,-0.02315999999999996
1,"every update (K = 1,000)",0.34,-0.022679999999999978
1,"every update (K = 1,000)",0.35000000000000003,-0.02233999999999997
1,"every update (K = 1,000)",0.36,-0.022540000000000004
1,"every update (K = 1,000)",0.37,-0.022639999999999993
1,"every update (K = 1,000)",0.38,-0.022260000000000002
1,"every update (K = 1,000)",0.39,-0.02176
1,"every update (K = 1,000)",0.4,-0.02193999999999996
1,"every update (K = 1,000)",0.41000000000000003,-0.022219999999999962
1,"every update (K = 1,000)",0.42,-0.022780000000000022
1,"every update (K = 1,000)",0.43,-0.02250000000000002
1,"every update (K = 1,000)",0.44,-0.022940000000000016
1,"every update (K = 1,000)",0.45,-0.022940000000000016
1,"every update (K = 1,000)",0.46,-0.022399999999999975
1,"every update (K = 1,000)",0.47000000000000003,-0.021559999999999968
1,"every update (K = 1,000)",0.48,-0.021399999999999975
1,"every update (K = 1,000)",0.49,-0.021100000000000008
1,"every update (K = 1,000)",0.5,-0.02071999999999996
1,"every update (K = 1,000)",0.51,-0.02083999999999997
1,"every update (K = 1,000)",0.52,-0.021240000000000037
1,"every update (K = 1,000)",0.53,-0.021279999999999966
1,"every update (K = 1,000)",0.54,-0.02095999999999998
1,"every update (K = 1,000)",0.55,-0.02077999999999991
1,"every update (K = 1,000)",0.56,-0.020279999999999965
1,"every update (K = 1,000)",0.5700000000000001,-0.01983999999999997
1,"every update (K = 1,000)",0.58,-0.01974000000000009
1,"every update (K = 1,000)",0.59,-0.019040000000000057
1,"every update (K = 1,000)",0.6,-0.019120000000000026
1,"every update (K = 1,000)",0.61,-0.018920000000000048
1,"every update (K = 1,000)",0.62,-0.01849999999999996
1,"every update (K = 1,000)",0.63,-0.018020000000000036
1,"every update (K = 1,000)",0.64,-0.018100000000000005
1,"every update (K = 1,000)",0.65,-0.017919999999999936
1,"every update (K = 1,000)",0.66,-0.017780000000000018
1,"every update (K = 1,000)",0.67,-0.017279999999999962
1,"every update (K = 1,000)",0.68,-0.0174399999999999
1,"every update (K = 1,000)",0.6900000000000001,-0.016779999999999906
1,"every update (K = 1,000)",0.7000000000000001,-0.016039999999999943
1,"every update (K = 1,000)",0.71,-0.015660000000000007
1,"every update (K = 1,000)",0.72,-0.015160000000000062
1,"every update (K = 1,000)",0.73,-0.01417999999999997
1,"every update (K = 1,000)",0.74,-0.01319999999999999
1,"every update (K = 1,000)",0.75,-0.0131
1,"every update (K = 1,000)",0.76,-0.013259999999999939
1,"every update (K = 1,000)",0.77,-0.012319999999999998
1,"every update (K = 1,000)",0.78,-0.011340000000000017
1,"every update (K = 1,000)",0.79,-0.011059999999999959
1,"every update (K = 1,000)",0.8,-0.011119999999999908
1,"every update (K = 1,000)",0.81,-0.0107799999999999
1,"every update (K = 1,000)",0.8200000000000001,-0.010359999999999925
1,"every update (K = 1,000)",0.8300000000000001,-0.009939999999999949
1,"every update (K = 1,000)",0.84,-0.009220000000000006
1,"every update (K = 1,000)",0.85,-0.009060000000000068
1,"every update (K = 1,000)",0.86,-0.008600000000000052
1,"every update (K = 1,000)",0.87,-0.008380000000000054
1,"every update (K = 1,000)",0.88,-0.008199999999999985
1,"every update (K = 1,000)",0.89,-0.007000000000000006
1,"every update (K = 1,000)",0.9,-0.006179999999999963
1,"every update (K = 1,000)",0.91,-0.005979999999999985
1,"every update (K = 1,000)",0.92,-0.006120000000000014
1,"every update (K = 1,000)",0.93,-0.005599999999999938
1,"every update (K = 1,000)",0.9400000000000001,-0.005019999999999913
1,"every update (K = 1,000)",0.9500000000000001,-0.0042599999999999305
1,"every update (K = 1,000)",0.96,-0.0034200000000000896
1,"every update (K = 1,000)",0.97,-0.0026599999999999957
1,"every update (K = 1,000)",0.98,-0.0018200000000000438
1,"every update (K = 1,000)",0.99,-8.799999999999919e-4
1,"every update (K = 1,000)",1,0
2,"every 2 updates (K = 1,000)",0,-0.04094
2,"every 2 updates (K = 1,000)",0.01,-0.03856
2,"every 2 updates (K = 1,000)",0.02,-0.036860000000000004
2,"every 2 updates (K = 1,000)",0.03,-0.03604
2,"every 2 updates (K = 1,000)",0.04,-0.03528
2,"every 2 updates (K = 1,000)",0.05,-0.03562
2,"every 2 updates (K = 1,000)",0.06,-0.03568
2,"every 2 updates (K = 1,000)",0.07,-0.0363
2,"every 2 updates (K = 1,000)",0.08,-0.036320000000000005
2,"every 2 updates (K = 1,000)",0.09,-0.03645999999999999
2,"every 2 updates (K = 1,000)",0.1,-0.036019999999999996
2,"every 2 updates (K = 1,000)",0.11,-0.036320000000000005
2,"every 2 updates (K = 1,000)",0.12,-0.03586
2,"every 2 updates (K = 1,000)",0.13,-0.03536
2,"every 2 updates (K = 1,000)",0.14,-0.03481999999999999
2,"every 2 updates (K = 1,000)",0.15,-0.034900000000000014
2,"every 2 updates (K = 1,000)",0.16,-0.03570000000000001
2,"every 2 updates (K = 1,000)",0.17,-0.034759999999999985
2,"every 2 updates (K = 1,000)",0.18,-0.03542000000000001
2,"every 2 updates (K = 1,000)",0.19,-0.03495999999999999
2,"every 2 updates (K = 1,000)",0.2,-0.03453999999999999
2,"every 2 updates (K = 1,000)",0.21,-0.0348
2,"every 2 updates (K = 1,000)",0.22,-0.034680000000000016
2,"every 2 updates (K = 1,000)",0.23,-0.03479999999999997
2,"every 2 updates (K = 1,000)",0.24,-0.034440000000000026
2,"every 2 updates (K = 1,000)",0.25,-0.03370000000000001
2,"every 2 updates (K = 1,000)",0.26,-0.03443999999999997
2,"every 2 updates (K = 1,000)",0.27,-0.03367999999999999
2,"every 2 updates (K = 1,000)",0.28,-0.03308
2,"every 2 updates (K = 1,000)",0.29,-0.03308
2,"every 2 updates (K = 1,000)",0.3,-0.03250000000000003
2,"every 2 updates (K = 1,000)",0.31,-0.032440000000000024
2,"every 2 updates (K = 1,000)",0.32,-0.032179999999999986
2,"every 2 updates (K = 1,000)",0.33,-0.03158
2,"every 2 updates (K = 1,000)",0.34,-0.031079999999999997
2,"every 2 updates (K = 1,000)",0.35000000000000003,-0.03111999999999998
2,"every 2 updates (K = 1,000)",0.36,-0.03150000000000003
2,"every 2 updates (K = 1,000)",0.37,-0.03138000000000002
2,"every 2 updates (K = 1,000)",0.38,-0.03073999999999999
2,"every 2 updates (K = 1,000)",0.39,-0.03023999999999999
2,"every 2 updates (K = 1,000)",0.4,-0.030319999999999958
2,"every 2 updates (K = 1,000)",0.41000000000000003,-0.03133999999999998
2,"every 2 updates (K = 1,000)",0.42,-0.031840000000000035
2,"every 2 updates (K = 1,000)",0.43,-0.03138000000000002
2,"every 2 updates (K = 1,000)",0.44,-0.031179999999999986
2,"every 2 updates (K = 1,000)",0.45,-0.030959999999999988
2,"every 2 updates (K = 1,000)",0.46,-0.030759999999999954
2,"every 2 updates (K = 1,000)",0.47000000000000003,-0.029459999999999986
2,"every 2 updates (K = 1,000)",0.48,-0.02946000000000004
2,"every 2 updates (K = 1,000)",0.49,-0.028959999999999986
2,"every 2 updates (K = 1,000)",0.5,-0.028939999999999966
2,"every 2 updates (K = 1,000)",0.51,-0.02954000000000001
2,"every 2 updates (K = 1,000)",0.52,-0.029000000000000026
2,"every 2 updates (K = 1,000)",0.53,-0.029320000000000013
2,"every 2 updates (K = 1,000)",0.54,-0.02866000000000002
2,"every 2 updates (K = 1,000)",0.55,-0.028719999999999968
2,"every 2 updates (K = 1,000)",0.56,-0.0283199999999999
2,"every 2 updates (K = 1,000)",0.5700000000000001,-0.02733999999999992
2,"every 2 updates (K = 1,000)",0.58,-0.026940000000000075
2,"every 2 updates (K = 1,000)",0.59,-0.02650000000000008
2,"every 2 updates (K = 1,000)",0.6,-0.025800000000000045
2,"every 2 updates (K = 1,000)",0.61,-0.02615999999999996
2,"every 2 updates (K = 1,000)",0.62,-0.025540000000000007
2,"every 2 updates (K = 1,000)",0.63,-0.025560000000000027
2,"every 2 updates (K = 1,000)",0.64,-0.025479999999999947
2,"every 2 updates (K = 1,000)",0.65,-0.025379999999999958
2,"every 2 updates (K = 1,000)",0.66,-0.024980000000000002
2,"every 2 updates (K = 1,000)",0.67,-0.024699999999999944
2,"every 2 updates (K = 1,000)",0.68,-0.02399999999999991
2,"every 2 updates (K = 1,000)",0.6900000000000001,-0.02295999999999998
2,"every 2 updates (K = 1,000)",0.7000000000000001,-0.02279999999999993
2,"every 2 updates (K = 1,000)",0.71,-0.02190000000000003
2,"every 2 updates (K = 1,000)",0.72,-0.02084000000000008
2,"every 2 updates (K = 1,000)",0.73,-0.020020000000000038
2,"every 2 updates (K = 1,000)",0.74,-0.019519999999999982
2,"every 2 updates (K = 1,000)",0.75,-0.019419999999999993
2,"every 2 updates (K = 1,000)",0.76,-0.019079999999999986
2,"every 2 updates (K = 1,000)",0.77,-0.017739999999999978
2,"every 2 updates (K = 1,000)",0.78,-0.016699999999999937
2,"every 2 updates (K = 1,000)",0.79,-0.016159999999999952
2,"every 2 updates (K = 1,000)",0.8,-0.016019999999999923
2,"every 2 updates (K = 1,000)",0.81,-0.015499999999999958
2,"every 2 updates (K = 1,000)",0.8200000000000001,-0.01535999999999993
2,"every 2 updates (K = 1,000)",0.8300000000000001,-0.014339999999999908
2,"every 2 updates (K = 1,000)",0.84,-0.013600000000000056
2,"every 2 updates (K = 1,000)",0.85,-0.013759999999999994
2,"every 2 updates (K = 1,000)",0.86,-0.012759999999999994
2,"every 2 updates (K = 1,000)",0.87,-0.012240000000000029
2,"every 2 updates (K = 1,000)",0.88,-0.011660000000000004
2,"every 2 updates (K = 1,000)",0.89,-0.010560000000000014
2,"every 2 updates (K = 1,000)",0.9,-0.009440000000000004
2,"every 2 updates (K = 1,000)",0.91,-0.008660000000000001
2,"every 2 updates (K = 1,000)",0.92,-0.008239999999999914
2,"every 2 updates (K = 1,000)",0.93,-0.007979999999999987
2,"every 2 updates (K = 1,000)",0.9400000000000001,-0.007159999999999944
2,"every 2 updates (K = 1,000)",0.9500000000000001,-0.005799999999999916
2,"every 2 updates (K = 1,000)",0.96,-0.0048600000000000865
2,"every 2 updates (K = 1,000)",0.97,-0.0036200000000000676
2,"every 2 updates (K = 1,000)",0.98,-0.0029200000000000337
2,"every 2 updates (K = 1,000)",0.99,-0.0013199999999999878
2,"every 2 updates (K = 1,000)",1,0
5,"every 5 updates (K = 1,000)",0,-0.0644
5,"every 5 updates (K = 1,000)",0.01,-0.06274
5,"every 5 updates (K = 1,000)",0.02,-0.060079999999999995
5,"every 5 updates (K = 1,000)",0.03,-0.058620000000000005
5,"every 5 updates (K = 1,000)",0.04,-0.05754
5,"every 5 updates (K = 1,000)",0.05,-0.0572
5,"every 5 updates (K = 1,000)",0.06,-0.056760000000000005
5,"every 5 updates (K = 1,000)",0.07,-0.05645999999999998
5,"every 5 updates (K = 1,000)",0.08,-0.05624
5,"every 5 updates (K = 1,000)",0.09,-0.05632000000000001
5,"every 5 updates (K = 1,000)",0.1,-0.05581999999999998
5,"every 5 updates (K = 1,000)",0.11,-0.05434000000000001
5,"every 5 updates (K = 1,000)",0.12,-0.054440000000000016
5,"every 5 updates (K = 1,000)",0.13,-0.05456
5,"every 5 updates (K = 1,000)",0.14,-0.05393999999999999
5,"every 5 updates (K = 1,000)",0.15,-0.054139999999999994
5,"every 5 updates (K = 1,000)",0.16,-0.053659999999999985
5,"every 5 updates (K = 1,000)",0.17,-0.05287999999999998
5,"every 5 updates (K = 1,000)",0.18,-0.05266000000000001
5,"every 5 updates (K = 1,000)",0.19,-0.0529
5,"every 5 updates (K = 1,000)",0.2,-0.05227999999999999
5,"every 5 updates (K = 1,000)",0.21,-0.05213999999999999
5,"every 5 updates (K = 1,000)",0.22,-0.05261999999999997
5,"every 5 updates (K = 1,000)",0.23,-0.05283999999999997
5,"every 5 updates (K = 1,000)",0.24,-0.052100000000000035
5,"every 5 updates (K = 1,000)",0.25,-0.05202000000000001
5,"every 5 updates (K = 1,000)",0.26,-0.05152000000000001
5,"every 5 updates (K = 1,000)",0.27,-0.05127999999999999
5,"every 5 updates (K = 1,000)",0.28,-0.051539999999999975
5,"every 5 updates (K = 1,000)",0.29,-0.051059999999999994
5,"every 5 updates (K = 1,000)",0.3,-0.05021999999999999
5,"every 5 updates (K = 1,000)",0.31,-0.049860000000000015
5,"every 5 updates (K = 1,000)",0.32,-0.05030000000000001
5,"every 5 updates (K = 1,000)",0.33,-0.049839999999999995
5,"every 5 updates (K = 1,000)",0.34,-0.049319999999999975
5,"every 5 updates (K = 1,000)",0.35000000000000003,-0.04835999999999996
5,"every 5 updates (K = 1,000)",0.36,-0.04846
5,"every 5 updates (K = 1,000)",0.37,-0.04832000000000003
5,"every 5 updates (K = 1,000)",0.38,-0.04855999999999999
5,"every 5 updates (K = 1,000)",0.39,-0.04875999999999997
5,"every 5 updates (K = 1,000)",0.4,-0.04827999999999999
5,"every 5 updates (K = 1,000)",0.41000000000000003,-0.04827999999999999
5,"every 5 updates (K = 1,000)",0.42,-0.048339999999999994
5,"every 5 updates (K = 1,000)",0.43,-0.04887999999999998
5,"every 5 updates (K = 1,000)",0.44,-0.04830000000000001
5,"every 5 updates (K = 1,000)",0.45,-0.04741999999999996
5,"every 5 updates (K = 1,000)",0.46,-0.04633999999999999
5,"every 5 updates (K = 1,000)",0.47000000000000003,-0.04558000000000001
5,"every 5 updates (K = 1,000)",0.48,-0.045399999999999996
5,"every 5 updates (K = 1,000)",0.49,-0.04491999999999996
5,"every 5 updates (K = 1,000)",0.5,-0.044440000000000035
5,"every 5 updates (K = 1,000)",0.51,-0.044459999999999944
5,"every 5 updates (K = 1,000)",0.52,-0.044279999999999986
5,"every 5 updates (K = 1,000)",0.53,-0.04455999999999993
5,"every 5 updates (K = 1,000)",0.54,-0.04415999999999998
5,"every 5 updates (K = 1,000)",0.55,-0.04367999999999994
5,"every 5 updates (K = 1,000)",0.56,-0.043099999999999916
5,"every 5 updates (K = 1,000)",0.5700000000000001,-0.04239999999999999
5,"every 5 updates (K = 1,000)",0.58,-0.042380000000000084
5,"every 5 updates (K = 1,000)",0.59,-0.042100000000000026
5,"every 5 updates (K = 1,000)",0.6,-0.04158000000000006
5,"every 5 updates (K = 1,000)",0.61,-0.04066000000000003
5,"every 5 updates (K = 1,000)",0.62,-0.04046000000000005
5,"every 5 updates (K = 1,000)",0.63,-0.039939999999999976
5,"every 5 updates (K = 1,000)",0.64,-0.03986000000000001
5,"every 5 updates (K = 1,000)",0.65,-0.039779999999999927
5,"every 5 updates (K = 1,000)",0.66,-0.039039999999999964
5,"every 5 updates (K = 1,000)",0.67,-0.03871999999999998
5,"every 5 updates (K = 1,000)",0.68,-0.03743999999999992
5,"every 5 updates (K = 1,000)",0.6900000000000001,-0.03637999999999997
5,"every 5 updates (K = 1,000)",0.7000000000000001,-0.035599999999999965
5,"every 5 updates (K = 1,000)",0.71,-0.03434000000000004
5,"every 5 updates (K = 1,000)",0.72,-0.03298000000000001
5,"every 5 updates (K = 1,000)",0.73,-0.03168000000000004
5,"every 5 updates (K = 1,000)",0.74,-0.031079999999999997
5,"every 5 updates (K = 1,000)",0.75,-0.030340000000000034
5,"every 5 updates (K = 1,000)",0.76,-0.029220000000000024
5,"every 5 updates (K = 1,000)",0.77,-0.028039999999999954
5,"every 5 updates (K = 1,000)",0.78,-0.026699999999999946
5,"every 5 updates (K = 1,000)",0.79,-0.026039999999999952
5,"every 5 updates (K = 1,000)",0.8,-0.025519999999999987
5,"every 5 updates (K = 1,000)",0.81,-0.02417999999999998
5,"every 5 updates (K = 1,000)",0.8200000000000001,-0.02389999999999992
5,"every 5 updates (K = 1,000)",0.8300000000000001,-0.02295999999999998
5,"every 5 updates (K = 1,000)",0.84,-0.022419999999999995
5,"every 5 updates (K = 1,000)",0.85,-0.021720000000000073
5,"every 5 updates (K = 1,000)",0.86,-0.020140000000000047
5,"every 5 updates (K = 1,000)",0.87,-0.019100000000000006
5,"every 5 updates (K = 1,000)",0.88,-0.01756000000000002
5,"every 5 updates (K = 1,000)",0.89,-0.01644000000000001
5,"every 5 updates (K = 1,000)",0.9,-0.01539999999999997
5,"every 5 updates (K = 1,000)",0.91,-0.014739999999999975
5,"every 5 updates (K = 1,000)",0.92,-0.013279999999999959
5,"every 5 updates (K = 1,000)",0.93,-0.012459999999999916
5,"every 5 updates (K = 1,000)",0.9400000000000001,-0.010739999999999972
5,"every 5 updates (K = 1,000)",0.9500000000000001,-0.009399999999999964
5,"every 5 updates (K = 1,000)",0.96,-0.00782000000000005
5,"every 5 updates (K = 1,000)",0.97,-0.005680000000000018
5,"every 5 updates (K = 1,000)",0.98,-0.0044399999999999995
5,"every 5 updates (K = 1,000)",0.99,-0.0021400000000000308
5,"every 5 updates (K = 1,000)",1,0
10,"every 10 updates (K = 1,000)",0,-0.0905
10,"every 10 updates (K = 1,000)",0.01,-0.08812
10,"every 10 updates (K = 1,000)",0.02,-0.08594
10,"every 10 updates (K = 1,000)",0.03,-0.08414
10,"every 10 updates (K = 1,000)",0.04,-0.08218
10,"every 10 updates (K = 1,000)",0.05,-0.08159999999999999
10,"every 10 updates (K = 1,000)",0.06,-0.08088000000000001
10,"every 10 updates (K = 1,000)",0.07,-0.08026
10,"every 10 updates (K = 1,000)",0.08,-0.07853999999999998
10,"every 10 updates (K = 1,000)",0.09,-0.07798
10,"every 10 updates (K = 1,000)",0.1,-0.07755999999999999
10,"every 10 updates (K = 1,000)",0.11,-0.07615999999999999
10,"every 10 updates (K = 1,000)",0.12,-0.0759
10,"every 10 updates (K = 1,000)",0.13,-0.07554
10,"every 10 updates (K = 1,000)",0.14,-0.07515999999999998
10,"every 10 updates (K = 1,000)",0.15,-0.07461999999999999
10,"every 10 updates (K = 1,000)",0.16,-0.07463999999999998
10,"every 10 updates (K = 1,000)",0.17,-0.07318
10,"every 10 updates (K = 1,000)",0.18,-0.07288
10,"every 10 updates (K = 1,000)",0.19,-0.07334000000000002
10,"every 10 updates (K = 1,000)",0.2,-0.07323999999999997
10,"every 10 updates (K = 1,000)",0.21,-0.07322000000000004
10,"every 10 updates (K = 1,000)",0.22,-0.07349999999999998
10,"every 10 updates (K = 1,000)",0.23,-0.07277999999999998
10,"every 10 updates (K = 1,000)",0.24,-0.07222
10,"every 10 updates (K = 1,000)",0.25,-0.07213999999999998
10,"every 10 updates (K = 1,000)",0.26,-0.07151999999999997
10,"every 10 updates (K = 1,000)",0.27,-0.07125999999999999
10,"every 10 updates (K = 1,000)",0.28,-0.07099999999999995
10,"every 10 updates (K = 1,000)",0.29,-0.07066
10,"every 10 updates (K = 1,000)",0.3,-0.07032
10,"every 10 updates (K = 1,000)",0.31,-0.06984000000000001
10,"every 10 updates (K = 1,000)",0.32,-0.06944
10,"every 10 updates (K = 1,000)",0.33,-0.06872
10,"every 10 updates (K = 1,000)",0.34,-0.06811999999999996
10,"every 10 updates (K = 1,000)",0.35000000000000003,-0.06777999999999995
10,"every 10 updates (K = 1,000)",0.36,-0.06728
10,"every 10 updates (K = 1,000)",0.37,-0.06709999999999999
10,"every 10 updates (K = 1,000)",0.38,-0.06731999999999999
10,"every 10 updates (K = 1,000)",0.39,-0.06775999999999999
10,"every 10 updates (K = 1,000)",0.4,-0.06777999999999995
10,"every 10 updates (K = 1,000)",0.41000000000000003,-0.06817999999999996
10,"every 10 updates (K = 1,000)",0.42,-0.06758000000000003
10,"every 10 updates (K = 1,000)",0.43,-0.06741999999999998
10,"every 10 updates (K = 1,000)",0.44,-0.06624000000000002
10,"every 10 updates (K = 1,000)",0.45,-0.06549999999999995
10,"every 10 updates (K = 1,000)",0.46,-0.06502000000000002
10,"every 10 updates (K = 1,000)",0.47000000000000003,-0.06380000000000002
10,"every 10 updates (K = 1,000)",0.48,-0.06328
10,"every 10 updates (K = 1,000)",0.49,-0.06281999999999999
10,"every 10 updates (K = 1,000)",0.5,-0.06222000000000005
10,"every 10 updates (K = 1,000)",0.51,-0.06164000000000003
10,"every 10 updates (K = 1,000)",0.52,-0.060919999999999974
10,"every 10 updates (K = 1,000)",0.53,-0.06133999999999995
10,"every 10 updates (K = 1,000)",0.54,-0.0605
10,"every 10 updates (K = 1,000)",0.55,-0.06041999999999992
10,"every 10 updates (K = 1,000)",0.56,-0.05989999999999995
10,"every 10 updates (K = 1,000)",0.5700000000000001,-0.05885999999999991
10,"every 10 updates (K = 1,000)",0.58,-0.05824000000000007
10,"every 10 updates (K = 1,000)",0.59,-0.05818000000000001
10,"every 10 updates (K = 1,000)",0.6,-0.057760000000000034
10,"every 10 updates (K = 1,000)",0.61,-0.05740000000000001
10,"every 10 updates (K = 1,000)",0.62,-0.05674000000000001
10,"every 10 updates (K = 1,000)",0.63,-0.05586000000000002
10,"every 10 updates (K = 1,000)",0.64,-0.05599999999999994
10,"every 10 updates (K = 1,000)",0.65,-0.05557999999999996
10,"every 10 updates (K = 1,000)",0.66,-0.05465999999999993
10,"every 10 updates (K = 1,000)",0.67,-0.05359999999999998
10,"every 10 updates (K = 1,000)",0.68,-0.052019999999999955
10,"every 10 updates (K = 1,000)",0.6900000000000001,-0.05071999999999999
10,"every 10 updates (K = 1,000)",0.7000000000000001,-0.049879999999999924
10,"every 10 updates (K = 1,000)",0.71,-0.04820000000000002
10,"every 10 updates (K = 1,000)",0.72,-0.046619999999999995
10,"every 10 updates (K = 1,000)",0.73,-0.04532000000000003
10,"every 10 updates (K = 1,000)",0.74,-0.04422000000000004
10,"every 10 updates (K = 1,000)",0.75,-0.04298000000000002
10,"every 10 updates (K = 1,000)",0.76,-0.041080000000000005
10,"every 10 updates (K = 1,000)",0.77,-0.03935999999999995
10,"every 10 updates (K = 1,000)",0.78,-0.037939999999999974
10,"every 10 updates (K = 1,000)",0.79,-0.03642000000000001
10,"every 10 updates (K = 1,000)",0.8,-0.03608
10,"every 10 updates (K = 1,000)",0.81,-0.034439999999999915
10,"every 10 updates (K = 1,000)",0.8200000000000001,-0.03369999999999995
10,"every 10 updates (K = 1,000)",0.8300000000000001,-0.03265999999999991
10,"every 10 updates (K = 1,000)",0.84,-0.031000000000000028
10,"every 10 updates (K = 1,000)",0.85,-0.029980000000000007
10,"every 10 updates (K = 1,000)",0.86,-0.028120000000000034
10,"every 10 updates (K = 1,000)",0.87,-0.026580000000000048
10,"every 10 updates (K = 1,000)",0.88,-0.024639999999999995
10,"every 10 updates (K = 1,000)",0.89,-0.023299999999999987
10,"every 10 updates (K = 1,000)",0.9,-0.021519999999999984
10,"every 10 updates (K = 1,000)",0.91,-0.020019999999999927
10,"every 10 updates (K = 1,000)",0.92,-0.018019999999999925
10,"every 10 updates (K = 1,000)",0.93,-0.017100000000000004
10,"every 10 updates (K = 1,000)",0.9400000000000001,-0.014579999999999926
10,"every 10 updates (K = 1,000)",0.9500000000000001,-0.012459999999999916
10,"every 10 updates (K = 1,000)",0.96,-0.010620000000000074
10,"every 10 updates (K = 1,000)",0.97,-0.008099999999999996
10,"every 10 updates (K = 1,000)",0.98,-0.005840000000000067
10,"every 10 updates (K = 1,000)",0.99,-0.0029599999999999627
10,"every 10 updates (K = 1,000)",1,0
